id,hoi,ngon_ngu,nhom,chu_de,bai_dung,tien_ich,nguon,ghi_chu
cauhoi-0001,best day to move house feng shui,en,nhu-cau-that,,,,"Nhật Nguyệt, bộ đánh giá ô tìm kiếm sinh ngày 2026-09-20","không có đáp án đúng, dùng để đo tỉ lệ trả về rỗng"
cauhoi-0002,buffalo and monkey compatibility,en,nhu-cau-that,,,,"Nhật Nguyệt, bộ đánh giá ô tìm kiếm sinh ngày 2026-09-20","không có đáp án đúng, dùng để đo tỉ lệ trả về rỗng"
cauhoi-0003,cat and horse compatibility,en,nhu-cau-that,,,,"Nhật Nguyệt, bộ đánh giá ô tìm kiếm sinh ngày 2026-09-20","không có đáp án đúng, dùng để đo tỉ lệ trả về rỗng"
cauhoi-0004,dog and snake compatibility,en,nhu-cau-that,,,,"Nhật Nguyệt, bộ đánh giá ô tìm kiếm sinh ngày 2026-09-20","không có đáp án đúng, dùng để đo tỉ lệ trả về rỗng"
cauhoi-0005,dragon and pig compatibility,en,nhu-cau-that,,,,"Nhật Nguyệt, bộ đánh giá ô tìm kiếm sinh ngày 2026-09-20","không có đáp án đúng, dùng để đo tỉ lệ trả về rỗng"
cauhoi-0006,five elements generating and controlling cycle,en,nhu-cau-that,,,,"Nhật Nguyệt, bộ đánh giá ô tìm kiếm sinh ngày 2026-09-20","không có đáp án đúng, dùng để đo tỉ lệ trả về rỗng"
cauhoi-0007,goat and tiger compatibility,en,nhu-cau-that,,,,"Nhật Nguyệt, bộ đánh giá ô tìm kiếm sinh ngày 2026-09-20","không có đáp án đúng, dùng để đo tỉ lệ trả về rỗng"
cauhoi-0008,heavenly stems and earthly branches explained,en,nhu-cau-that,,,,"Nhật Nguyệt, bộ đánh giá ô tìm kiếm sinh ngày 2026-09-20","không có đáp án đúng, dùng để đo tỉ lệ trả về rỗng"
cauhoi-0009,horse and rooster compatibility,en,nhu-cau-that,,,,"Nhật Nguyệt, bộ đánh giá ô tìm kiếm sinh ngày 2026-09-20","không có đáp án đúng, dùng để đo tỉ lệ trả về rỗng"
cauhoi-0010,how to read a tarot spread for beginners,en,nhu-cau-that,,,/tien-ich/tarot,"Nhật Nguyệt, bộ đánh giá ô tìm kiếm sinh ngày 2026-09-20",
cauhoi-0011,meaning of the Death tarot card,en,nhu-cau-that,,,,"Nhật Nguyệt, bộ đánh giá ô tìm kiếm sinh ngày 2026-09-20","không có đáp án đúng, dùng để đo tỉ lệ trả về rỗng"
cauhoi-0012,meaning of the Judgement tarot card,en,nhu-cau-that,,,,"Nhật Nguyệt, bộ đánh giá ô tìm kiếm sinh ngày 2026-09-20","không có đáp án đúng, dùng để đo tỉ lệ trả về rỗng"
cauhoi-0013,meaning of the Justice tarot card,en,nhu-cau-that,,,,"Nhật Nguyệt, bộ đánh giá ô tìm kiếm sinh ngày 2026-09-20","không có đáp án đúng, dùng để đo tỉ lệ trả về rỗng"
cauhoi-0014,meaning of the Strength tarot card,en,nhu-cau-that,,,,"Nhật Nguyệt, bộ đánh giá ô tìm kiếm sinh ngày 2026-09-20","không có đáp án đúng, dùng để đo tỉ lệ trả về rỗng"
cauhoi-0015,meaning of the Temperance tarot card,en,nhu-cau-that,,,,"Nhật Nguyệt, bộ đánh giá ô tìm kiếm sinh ngày 2026-09-20","không có đáp án đúng, dùng để đo tỉ lệ trả về rỗng"
cauhoi-0016,meaning of the The Chariot tarot card,en,nhu-cau-that,,,,"Nhật Nguyệt, bộ đánh giá ô tìm kiếm sinh ngày 2026-09-20","không có đáp án đúng, dùng để đo tỉ lệ trả về rỗng"
cauhoi-0017,meaning of the The Devil tarot card,en,nhu-cau-that,,,,"Nhật Nguyệt, bộ đánh giá ô tìm kiếm sinh ngày 2026-09-20","không có đáp án đúng, dùng để đo tỉ lệ trả về rỗng"
cauhoi-0018,meaning of the The Emperor tarot card,en,nhu-cau-that,,,,"Nhật Nguyệt, bộ đánh giá ô tìm kiếm sinh ngày 2026-09-20","không có đáp án đúng, dùng để đo tỉ lệ trả về rỗng"
cauhoi-0019,meaning of the The Empress tarot card,en,nhu-cau-that,,,,"Nhật Nguyệt, bộ đánh giá ô tìm kiếm sinh ngày 2026-09-20","không có đáp án đúng, dùng để đo tỉ lệ trả về rỗng"
cauhoi-0020,meaning of the The Fool tarot card,en,nhu-cau-that,,,,"Nhật Nguyệt, bộ đánh giá ô tìm kiếm sinh ngày 2026-09-20","không có đáp án đúng, dùng để đo tỉ lệ trả về rỗng"
cauhoi-0021,meaning of the The Hanged Man tarot card,en,nhu-cau-that,,,,"Nhật Nguyệt, bộ đánh giá ô tìm kiếm sinh ngày 2026-09-20","không có đáp án đúng, dùng để đo tỉ lệ trả về rỗng"
cauhoi-0022,meaning of the The Hermit tarot card,en,nhu-cau-that,,,,"Nhật Nguyệt, bộ đánh giá ô tìm kiếm sinh ngày 2026-09-20","không có đáp án đúng, dùng để đo tỉ lệ trả về rỗng"
cauhoi-0023,meaning of the The Hierophant tarot card,en,nhu-cau-that,,,,"Nhật Nguyệt, bộ đánh giá ô tìm kiếm sinh ngày 2026-09-20","không có đáp án đúng, dùng để đo tỉ lệ trả về rỗng"
cauhoi-0024,meaning of the The High Priestess tarot card,en,nhu-cau-that,,,,"Nhật Nguyệt, bộ đánh giá ô tìm kiếm sinh ngày 2026-09-20","không có đáp án đúng, dùng để đo tỉ lệ trả về rỗng"
cauhoi-0025,meaning of the The Lovers tarot card,en,nhu-cau-that,,,,"Nhật Nguyệt, bộ đánh giá ô tìm kiếm sinh ngày 2026-09-20","không có đáp án đúng, dùng để đo tỉ lệ trả về rỗng"
cauhoi-0026,meaning of the The Magician tarot card,en,nhu-cau-that,,,,"Nhật Nguyệt, bộ đánh giá ô tìm kiếm sinh ngày 2026-09-20","không có đáp án đúng, dùng để đo tỉ lệ trả về rỗng"
cauhoi-0027,meaning of the The Moon tarot card,en,nhu-cau-that,,,,"Nhật Nguyệt, bộ đánh giá ô tìm kiếm sinh ngày 2026-09-20","không có đáp án đúng, dùng để đo tỉ lệ trả về rỗng"
cauhoi-0028,meaning of the The Star tarot card,en,nhu-cau-that,,,,"Nhật Nguyệt, bộ đánh giá ô tìm kiếm sinh ngày 2026-09-20","không có đáp án đúng, dùng để đo tỉ lệ trả về rỗng"
cauhoi-0029,meaning of the The Sun tarot card,en,nhu-cau-that,,,,"Nhật Nguyệt, bộ đánh giá ô tìm kiếm sinh ngày 2026-09-20","không có đáp án đúng, dùng để đo tỉ lệ trả về rỗng"
cauhoi-0030,meaning of the The Tower tarot card,en,nhu-cau-that,,,,"Nhật Nguyệt, bộ đánh giá ô tìm kiếm sinh ngày 2026-09-20","không có đáp án đúng, dùng để đo tỉ lệ trả về rỗng"
cauhoi-0031,meaning of the The World tarot card,en,nhu-cau-that,,,,"Nhật Nguyệt, bộ đánh giá ô tìm kiếm sinh ngày 2026-09-20","không có đáp án đúng, dùng để đo tỉ lệ trả về rỗng"
cauhoi-0032,meaning of the Wheel of Fortune tarot card,en,nhu-cau-that,,,,"Nhật Nguyệt, bộ đánh giá ô tìm kiếm sinh ngày 2026-09-20","không có đáp án đúng, dùng để đo tỉ lệ trả về rỗng"
cauhoi-0033,monkey and goat compatibility,en,nhu-cau-that,,,,"Nhật Nguyệt, bộ đánh giá ô tìm kiếm sinh ngày 2026-09-20","không có đáp án đúng, dùng để đo tỉ lệ trả về rỗng"
cauhoi-0034,pig and dog compatibility,en,nhu-cau-that,,,,"Nhật Nguyệt, bộ đánh giá ô tìm kiếm sinh ngày 2026-09-20","không có đáp án đúng, dùng để đo tỉ lệ trả về rỗng"
cauhoi-0035,rat and cat compatibility,en,nhu-cau-that,,,,"Nhật Nguyệt, bộ đánh giá ô tìm kiếm sinh ngày 2026-09-20","không có đáp án đúng, dùng để đo tỉ lệ trả về rỗng"
cauhoi-0036,rooster and rat compatibility,en,nhu-cau-that,,,,"Nhật Nguyệt, bộ đánh giá ô tìm kiếm sinh ngày 2026-09-20","không có đáp án đúng, dùng để đo tỉ lệ trả về rỗng"
cauhoi-0037,snake and dragon compatibility,en,nhu-cau-that,,,,"Nhật Nguyệt, bộ đánh giá ô tìm kiếm sinh ngày 2026-09-20","không có đáp án đúng, dùng để đo tỉ lệ trả về rỗng"
cauhoi-0038,tiger and buffalo compatibility,en,nhu-cau-that,,,,"Nhật Nguyệt, bộ đánh giá ô tìm kiếm sinh ngày 2026-09-20","không có đáp án đúng, dùng để đo tỉ lệ trả về rỗng"
cauhoi-0039,what animal is 1960 in the Chinese zodiac,en,nhu-cau-that,,,,"Nhật Nguyệt, bộ đánh giá ô tìm kiếm sinh ngày 2026-09-20","không có đáp án đúng, dùng để đo tỉ lệ trả về rỗng"
cauhoi-0040,what animal is 1966 in the Chinese zodiac,en,nhu-cau-that,,,,"Nhật Nguyệt, bộ đánh giá ô tìm kiếm sinh ngày 2026-09-20","không có đáp án đúng, dùng để đo tỉ lệ trả về rỗng"
cauhoi-0041,what animal is 1972 in the Chinese zodiac,en,nhu-cau-that,,,,"Nhật Nguyệt, bộ đánh giá ô tìm kiếm sinh ngày 2026-09-20","không có đáp án đúng, dùng để đo tỉ lệ trả về rỗng"
cauhoi-0042,what animal is 1978 in the Chinese zodiac,en,nhu-cau-that,,,,"Nhật Nguyệt, bộ đánh giá ô tìm kiếm sinh ngày 2026-09-20","không có đáp án đúng, dùng để đo tỉ lệ trả về rỗng"
cauhoi-0043,what animal is 1984 in the Chinese zodiac,en,nhu-cau-that,,,,"Nhật Nguyệt, bộ đánh giá ô tìm kiếm sinh ngày 2026-09-20","không có đáp án đúng, dùng để đo tỉ lệ trả về rỗng"
cauhoi-0044,what animal is 1990 in the Chinese zodiac,en,nhu-cau-that,,,,"Nhật Nguyệt, bộ đánh giá ô tìm kiếm sinh ngày 2026-09-20","không có đáp án đúng, dùng để đo tỉ lệ trả về rỗng"
cauhoi-0045,what animal is 1996 in the Chinese zodiac,en,nhu-cau-that,,,,"Nhật Nguyệt, bộ đánh giá ô tìm kiếm sinh ngày 2026-09-20","không có đáp án đúng, dùng để đo tỉ lệ trả về rỗng"
cauhoi-0046,what animal is 2002 in the Chinese zodiac,en,nhu-cau-that,,,,"Nhật Nguyệt, bộ đánh giá ô tìm kiếm sinh ngày 2026-09-20","không có đáp án đúng, dùng để đo tỉ lệ trả về rỗng"
cauhoi-0047,what animal is 2008 in the Chinese zodiac,en,nhu-cau-that,,,,"Nhật Nguyệt, bộ đánh giá ô tìm kiếm sinh ngày 2026-09-20","không có đáp án đúng, dùng để đo tỉ lệ trả về rỗng"
cauhoi-0048,what animal is 2014 in the Chinese zodiac,en,nhu-cau-that,,,,"Nhật Nguyệt, bộ đánh giá ô tìm kiếm sinh ngày 2026-09-20","không có đáp án đúng, dùng để đo tỉ lệ trả về rỗng"
cauhoi-0049,what animal is 2020 in the Chinese zodiac,en,nhu-cau-that,,,,"Nhật Nguyệt, bộ đánh giá ô tìm kiếm sinh ngày 2026-09-20","không có đáp án đúng, dùng để đo tỉ lệ trả về rỗng"
cauhoi-0050,what animal is 2026 in the Chinese zodiac,en,nhu-cau-that,,,,"Nhật Nguyệt, bộ đánh giá ô tìm kiếm sinh ngày 2026-09-20","không có đáp án đúng, dùng để đo tỉ lệ trả về rỗng"
cauhoi-0051,what does life path number 1 mean,en,nhu-cau-that,,,,"Nhật Nguyệt, bộ đánh giá ô tìm kiếm sinh ngày 2026-09-20","không có đáp án đúng, dùng để đo tỉ lệ trả về rỗng"
cauhoi-0052,what does life path number 11 mean,en,nhu-cau-that,,,,"Nhật Nguyệt, bộ đánh giá ô tìm kiếm sinh ngày 2026-09-20","không có đáp án đúng, dùng để đo tỉ lệ trả về rỗng"
cauhoi-0053,what does life path number 2 mean,en,nhu-cau-that,,,,"Nhật Nguyệt, bộ đánh giá ô tìm kiếm sinh ngày 2026-09-20","không có đáp án đúng, dùng để đo tỉ lệ trả về rỗng"
cauhoi-0054,what does life path number 22 mean,en,nhu-cau-that,,,,"Nhật Nguyệt, bộ đánh giá ô tìm kiếm sinh ngày 2026-09-20","không có đáp án đúng, dùng để đo tỉ lệ trả về rỗng"
cauhoi-0055,what does life path number 3 mean,en,nhu-cau-that,,,,"Nhật Nguyệt, bộ đánh giá ô tìm kiếm sinh ngày 2026-09-20","không có đáp án đúng, dùng để đo tỉ lệ trả về rỗng"
cauhoi-0056,what does life path number 4 mean,en,nhu-cau-that,,,,"Nhật Nguyệt, bộ đánh giá ô tìm kiếm sinh ngày 2026-09-20","không có đáp án đúng, dùng để đo tỉ lệ trả về rỗng"
cauhoi-0057,what does life path number 5 mean,en,nhu-cau-that,,,,"Nhật Nguyệt, bộ đánh giá ô tìm kiếm sinh ngày 2026-09-20","không có đáp án đúng, dùng để đo tỉ lệ trả về rỗng"
cauhoi-0058,what does life path number 6 mean,en,nhu-cau-that,,,,"Nhật Nguyệt, bộ đánh giá ô tìm kiếm sinh ngày 2026-09-20","không có đáp án đúng, dùng để đo tỉ lệ trả về rỗng"
cauhoi-0059,what does life path number 7 mean,en,nhu-cau-that,,,,"Nhật Nguyệt, bộ đánh giá ô tìm kiếm sinh ngày 2026-09-20","không có đáp án đúng, dùng để đo tỉ lệ trả về rỗng"
cauhoi-0060,what does life path number 8 mean,en,nhu-cau-that,,,,"Nhật Nguyệt, bộ đánh giá ô tìm kiếm sinh ngày 2026-09-20","không có đáp án đúng, dùng để đo tỉ lệ trả về rỗng"
cauhoi-0061,what does life path number 9 mean,en,nhu-cau-that,,,,"Nhật Nguyệt, bộ đánh giá ô tìm kiếm sinh ngày 2026-09-20","không có đáp án đúng, dùng để đo tỉ lệ trả về rỗng"
cauhoi-0062,what is Mother Goddess worship in Vietnam,en,nhu-cau-that,,,,"Nhật Nguyệt, bộ đánh giá ô tìm kiếm sinh ngày 2026-09-20","không có đáp án đúng, dùng để đo tỉ lệ trả về rỗng"
cauhoi-0063,what is Zi Wei Dou Shu astrology,en,nhu-cau-that,,,/tien-ich/tu-vi,"Nhật Nguyệt, bộ đánh giá ô tìm kiếm sinh ngày 2026-09-20",
cauhoi-0064,what is a Kua number in feng shui,en,nhu-cau-that,,,,"Nhật Nguyệt, bộ đánh giá ô tìm kiếm sinh ngày 2026-09-20","không có đáp án đúng, dùng để đo tỉ lệ trả về rỗng"
cauhoi-0065,what is the Four Pillars of Destiny,en,nhu-cau-that,,,,"Nhật Nguyệt, bộ đánh giá ô tìm kiếm sinh ngày 2026-09-20","không có đáp án đúng, dùng để đo tỉ lệ trả về rỗng"
cauhoi-0066,what is the Hungry Ghost month,en,nhu-cau-that,,,,"Nhật Nguyệt, bộ đánh giá ô tìm kiếm sinh ngày 2026-09-20","không có đáp án đúng, dùng để đo tỉ lệ trả về rỗng"
cauhoi-0067,when is Vietnamese Lunar New Year,en,nhu-cau-that,,,,"Nhật Nguyệt, bộ đánh giá ô tìm kiếm sinh ngày 2026-09-20","không có đáp án đúng, dùng để đo tỉ lệ trả về rỗng"
cauhoi-0068,why does Vietnam have a cat year instead of rabbit,en,nhu-cau-that,,,,"Nhật Nguyệt, bộ đánh giá ô tìm kiếm sinh ngày 2026-09-20","không có đáp án đúng, dùng để đo tỉ lệ trả về rỗng"
cauhoi-0069,14 main stars and Four Transformations,en,tien-ich,,,/tien-ich/tu-vi,"Nhật Nguyệt, bộ đánh giá ô tìm kiếm sinh ngày 2026-09-20",
cauhoi-0070,A dedicated 2026 report,en,tien-ich,,,/tien-ich/mo-khoa-van-han-2026,"Nhật Nguyệt, bộ đánh giá ô tìm kiếm sinh ngày 2026-09-20",
cauhoi-0071,A recreation of the three-coin casting rite,en,tien-ich,,,/tien-ich/gieo-que,"Nhật Nguyệt, bộ đánh giá ô tìm kiếm sinh ngày 2026-09-20",
cauhoi-0072,Add a day and month and the page converts to the lunar year for you,en,tien-ich,,,/tien-ich/xem-tuoi-hop,"Nhật Nguyệt, bộ đánh giá ô tìm kiếm sinh ngày 2026-09-20",
cauhoi-0073,All 64 I Ching hexagrams with their figures,en,tien-ich,,,/tien-ich/kinh-dich,"Nhật Nguyệt, bộ đánh giá ô tìm kiếm sinh ngày 2026-09-20",
cauhoi-0074,Annual guardian star & Tam Tai,en,tien-ich,,,/tien-ich/sao-chieu-menh,"Nhật Nguyệt, bộ đánh giá ô tìm kiếm sinh ngày 2026-09-20",
cauhoi-0075,Answered in three separate layers,en,tien-ich,,,/tien-ich/nang-luong-cua-ban,"Nhật Nguyệt, bộ đánh giá ô tìm kiếm sinh ngày 2026-09-20",
cauhoi-0076,Ask the coins,en,tien-ich,,,/tien-ich/gieo-que-hoi-viec,"Nhật Nguyệt, bộ đánh giá ô tìm kiếm sinh ngày 2026-09-20",
cauhoi-0077,Best day for a purpose,en,tien-ich,,,/tien-ich/xem-ngay-theo-viec,"Nhật Nguyệt, bộ đánh giá ô tìm kiếm sinh ngày 2026-09-20",
cauhoi-0078,Birth year only,en,tien-ich,,,/tien-ich/xem-tuoi-lam-nha,"Nhật Nguyệt, bộ đánh giá ô tìm kiếm sinh ngày 2026-09-20",
cauhoi-0079,Builds the child's Four Pillars with the month pillar set by solar terms and the year turning at Start of Spring,en,tien-ich,,,/tien-ich/dat-ten-con,"Nhật Nguyệt, bộ đánh giá ô tìm kiếm sinh ngày 2026-09-20",
cauhoi-0080,Calculate your Kua number from birth year and gender,en,tien-ich,,,/tien-ich/xem-nha-dat,"Nhật Nguyệt, bộ đánh giá ô tìm kiếm sinh ngày 2026-09-20",
cauhoi-0081,Cast a free online Tử Vi Đẩu Số chart with all 12 palaces,en,tien-ich,,,/tien-ich/tu-vi,"Nhật Nguyệt, bộ đánh giá ô tìm kiếm sinh ngày 2026-09-20",
cauhoi-0082,Cast a hexagram,en,tien-ich,,,/tien-ich/gieo-que,"Nhật Nguyệt, bộ đánh giá ô tìm kiếm sinh ngày 2026-09-20",
cauhoi-0083,Cast three coins six times,en,tien-ich,,,/tien-ich/gieo-que-hoi-viec,"Nhật Nguyệt, bộ đánh giá ô tìm kiếm sinh ngày 2026-09-20",
cauhoi-0084,Check the three Vietnamese folk taboos for building a house,en,tien-ich,,,/tien-ich/xem-tuoi-lam-nha,"Nhật Nguyệt, bộ đánh giá ô tìm kiếm sinh ngày 2026-09-20",
cauhoi-0085,Compatibility: love & partnership,en,tien-ich,,,/tien-ich/xem-tuoi-hop,"Nhật Nguyệt, bộ đánh giá ô tìm kiếm sinh ngày 2026-09-20",
cauhoi-0086,Convert any solar date to the lunar calendar accurately for Vietnam's time zone,en,tien-ich,,,/tien-ich/lich-am,"Nhật Nguyệt, bộ đánh giá ô tìm kiếm sinh ngày 2026-09-20",
cauhoi-0087,Convert both ways between the lunar and solar calendars with the day and year pillars and the solar term,en,tien-ich,,,/tien-ich/doi-lich,"Nhật Nguyệt, bộ đánh giá ô tìm kiếm sinh ngày 2026-09-20",
cauhoi-0088,Draw a free online Tarot reading from the full 78-card deck,en,tien-ich,,,/tien-ich/tarot,"Nhật Nguyệt, bộ đánh giá ô tìm kiếm sinh ngày 2026-09-20",
cauhoi-0089,Each is read separately because they often disagree,en,tien-ich,,,/tien-ich/xem-tuoi-hop,"Nhật Nguyệt, bộ đánh giá ô tìm kiếm sinh ngày 2026-09-20",
cauhoi-0090,Each one also shows where its six lines stand,en,tien-ich,,,/tien-ich/kinh-dich,"Nhật Nguyệt, bộ đánh giá ô tìm kiếm sinh ngày 2026-09-20",
cauhoi-0091,Each palace carries its own stem and so transforms four stars,en,tien-ich,,,/tien-ich/tu-vi-mach-noi,"Nhật Nguyệt, bộ đánh giá ô tìm kiếm sinh ngày 2026-09-20",
cauhoi-0092,Enter your name and birthday to compare your numerology profile with famous Vietnamese entrepreneurs,en,tien-ich,,,/tien-ich/ban-giong-ai,"Nhật Nguyệt, bộ đánh giá ô tìm kiếm sinh ngày 2026-09-20",
cauhoi-0093,Every step is shown,en,tien-ich,,,/tien-ich/nang-luong-cua-ban,"Nhật Nguyệt, bộ đánh giá ô tìm kiếm sinh ngày 2026-09-20",
cauhoi-0094,Face reading,en,tien-ich,,,/tien-ich/xem-tuong-mat,"Nhật Nguyệt, bộ đánh giá ô tìm kiếm sinh ngày 2026-09-20",
cauhoi-0095,Five systems answer separately about today,en,tien-ich,,,/tien-ich/hom-nay-the-nao,"Nhật Nguyệt, bộ đánh giá ô tìm kiếm sinh ngày 2026-09-20",
cauhoi-0096,Forty-eight lines show which area of life pulls which,en,tien-ich,,,/tien-ich/tu-vi-mach-noi,"Nhật Nguyệt, bộ đánh giá ô tìm kiếm sinh ngày 2026-09-20",
cauhoi-0097,Get 7 free core numbers,en,tien-ich,,,/tien-ich/than-so-hoc,"Nhật Nguyệt, bộ đánh giá ô tìm kiếm sinh ngày 2026-09-20",
cauhoi-0098,Host's birth year only,en,tien-ich,,,/tien-ich/xem-tuoi-xong-dat,"Nhật Nguyệt, bộ đánh giá ô tìm kiếm sinh ngày 2026-09-20",
cauhoi-0099,House direction lookup,en,tien-ich,,,/tien-ich/xem-nha-dat,"Nhật Nguyệt, bộ đánh giá ô tìm kiếm sinh ngày 2026-09-20",
cauhoi-0100,House-building year check,en,tien-ich,,,/tien-ich/xem-tuoi-lam-nha,"Nhật Nguyệt, bộ đánh giá ô tìm kiếm sinh ngày 2026-09-20",
cauhoi-0101,How is today for me,en,tien-ich,,,/tien-ich/hom-nay-the-nao,"Nhật Nguyệt, bộ đánh giá ô tìm kiếm sinh ngày 2026-09-20",
cauhoi-0102,Look up your annual guardian star,en,tien-ich,,,/tien-ich/sao-chieu-menh,"Nhật Nguyệt, bộ đánh giá ô tìm kiếm sinh ngày 2026-09-20",
cauhoi-0103,Luban rule,en,tien-ich,,,/tien-ich/thuoc-lo-ban,"Nhật Nguyệt, bộ đánh giá ô tìm kiếm sinh ngày 2026-09-20",
cauhoi-0104,Lunar calendar,en,tien-ich,,,/tien-ich/lich-am,"Nhật Nguyệt, bộ đánh giá ô tìm kiếm sinh ngày 2026-09-20",
cauhoi-0105,Lunar-solar converter,en,tien-ich,,,/tien-ich/doi-lich,"Nhật Nguyệt, bộ đánh giá ô tìm kiếm sinh ngày 2026-09-20",
cauhoi-0106,Name your child,en,tien-ich,,,/tien-ich/dat-ten-con,"Nhật Nguyệt, bộ đánh giá ô tìm kiếm sinh ngày 2026-09-20",
cauhoi-0107,New Year first-footer check,en,tien-ich,,,/tien-ich/xem-tuoi-xong-dat,"Nhật Nguyệt, bộ đánh giá ô tìm kiếm sinh ngày 2026-09-20",
cauhoi-0108,Nine Luminaries,en,tien-ich,,,/tien-ich/sao-chieu-menh,"Nhật Nguyệt, bộ đánh giá ô tìm kiếm sinh ngày 2026-09-20",
cauhoi-0109,No combined score,en,tien-ich,,,/tien-ich/hom-nay-the-nao,"Nhật Nguyệt, bộ đánh giá ô tìm kiếm sinh ngày 2026-09-20",
cauhoi-0110,No question asked,en,tien-ich,,,/tien-ich/gieo-que,"Nhật Nguyệt, bộ đánh giá ô tìm kiếm sinh ngày 2026-09-20",
cauhoi-0111,Numerology,en,tien-ich,,,/tien-ich/than-so-hoc,"Nhật Nguyệt, bộ đánh giá ô tìm kiếm sinh ngày 2026-09-20",
cauhoi-0112,One card answers each,en,tien-ich,,,/tien-ich/tarot-theo-van-de,"Nhật Nguyệt, bộ đánh giá ô tìm kiếm sinh ngày 2026-09-20",
cauhoi-0113,Palm reading,en,tien-ich,,,/tien-ich/xem-chi-tay,"Nhật Nguyệt, bộ đánh giá ô tìm kiếm sinh ngày 2026-09-20",
cauhoi-0114,Photograph your palm and the page reads the three main lines for you,en,tien-ich,,,/tien-ich/xem-chi-tay,"Nhật Nguyệt, bộ đánh giá ô tìm kiếm sinh ngày 2026-09-20",
cauhoi-0115,Pick a purpose,en,tien-ich,,,/tien-ich/xem-ngay-theo-viec,"Nhật Nguyệt, bộ đánh giá ô tìm kiếm sinh ngày 2026-09-20",
cauhoi-0116,Pick the concern you actually came with,en,tien-ich,,,/tien-ich/tarot-theo-van-de,"Nhật Nguyệt, bộ đánh giá ô tìm kiếm sinh ngày 2026-09-20",
cauhoi-0117,Rank all 60 stem-branch ages for the person who first enters your home at Tết,en,tien-ich,,,/tien-ich/xem-tuoi-xong-dat,"Nhật Nguyệt, bộ đánh giá ô tìm kiếm sinh ngày 2026-09-20",
cauhoi-0118,Rank every day in the range you choose by auspicious hours,en,tien-ich,,,/tien-ich/xem-ngay-cuoi,"Nhật Nguyệt, bộ đánh giá ô tìm kiếm sinh ngày 2026-09-20",
cauhoi-0119,See all 12 two-hour blocks for today,en,tien-ich,,,/tien-ich/gio-hoang-dao,"Nhật Nguyệt, bộ đánh giá ô tìm kiếm sinh ngày 2026-09-20",
cauhoi-0120,See every public holiday,en,tien-ich,,,/tien-ich/lich-le-hoi,"Nhật Nguyệt, bộ đánh giá ô tìm kiếm sinh ngày 2026-09-20",
cauhoi-0121,See your Western zodiac sign,en,tien-ich,,,/tien-ich/tu-vi-tay-phuong,"Nhật Nguyệt, bộ đánh giá ô tìm kiếm sinh ngày 2026-09-20",
cauhoi-0122,Self and Other,en,tien-ich,,,/tien-ich/gieo-que-hoi-viec,"Nhật Nguyệt, bộ đánh giá ô tìm kiếm sinh ngày 2026-09-20",
cauhoi-0123,Separates the Universal Day number shared by everyone from your own Personal Day number,en,tien-ich,,,/tien-ich/than-so-hoc-ngay,"Nhật Nguyệt, bộ đánh giá ô tìm kiếm sinh ngày 2026-09-20",
cauhoi-0124,Take one photo and the page reads the features for you,en,tien-ich,,,/tien-ich/xem-tuong-mat,"Nhật Nguyệt, bộ đánh giá ô tìm kiếm sinh ngày 2026-09-20",
cauhoi-0125,Tarot GenZ,en,tien-ich,,,/tien-ich/tarot-theo-van-de,"Nhật Nguyệt, bộ đánh giá ô tìm kiếm sinh ngày 2026-09-20",
cauhoi-0126,Tarot reading,en,tien-ich,,,/tien-ich/tarot,"Nhật Nguyệt, bộ đánh giá ô tìm kiếm sinh ngày 2026-09-20",
cauhoi-0127,The 64 hexagrams,en,tien-ich,,,/tien-ich/kinh-dich,"Nhật Nguyệt, bộ đánh giá ô tìm kiếm sinh ngày 2026-09-20",
cauhoi-0128,The hexagram is fitted with stems,en,tien-ich,,,/tien-ich/gieo-que-hoi-viec,"Nhật Nguyệt, bộ đánh giá ô tìm kiếm sinh ngày 2026-09-20",
cauhoi-0129,The photo is used for that moment only and is never stored,en,tien-ich,,,/tien-ich/xem-tuong-mat,"Nhật Nguyệt, bộ đánh giá ô tìm kiếm sinh ngày 2026-09-20",
cauhoi-0130,This page does NOT judge whether the couple are compatible and gives no compatibility percentage,en,tien-ich,,,/tien-ich/xem-ngay-cuoi,"Nhật Nguyệt, bộ đánh giá ô tìm kiếm sinh ngày 2026-09-20",
cauhoi-0131,Tử Vi chart,en,tien-ich,,,/tien-ich/tu-vi,"Nhật Nguyệt, bộ đánh giá ô tìm kiếm sinh ngày 2026-09-20",
cauhoi-0132,Unlock Your 2026 Fortune,en,tien-ich,,,/tien-ich/mo-khoa-van-han-2026,"Nhật Nguyệt, bộ đánh giá ô tìm kiếm sinh ngày 2026-09-20",
cauhoi-0133,Vietnamese festival calendar,en,tien-ich,,,/tien-ich/lich-le-hoi,"Nhật Nguyệt, bộ đánh giá ô tìm kiếm sinh ngày 2026-09-20",
cauhoi-0134,Wedding date picker,en,tien-ich,,,/tien-ich/xem-ngay-cuoi,"Nhật Nguyệt, bộ đánh giá ô tìm kiếm sinh ngày 2026-09-20",
cauhoi-0135,Western horoscope,en,tien-ich,,,/tien-ich/tu-vi-tay-phuong,"Nhật Nguyệt, bộ đánh giá ô tìm kiếm sinh ngày 2026-09-20",
cauhoi-0136,What energy do you carry,en,tien-ich,,,/tien-ich/nang-luong-cua-ban,"Nhật Nguyệt, bộ đánh giá ô tìm kiếm sinh ngày 2026-09-20",
cauhoi-0137,What is special about today,en,tien-ich,,,/tien-ich/than-so-hoc-ngay,"Nhật Nguyệt, bộ đánh giá ô tìm kiếm sinh ngày 2026-09-20",
cauhoi-0138,When a size falls on an unfavourable division it names the nearest auspicious sizes,en,tien-ich,,,/tien-ich/thuoc-lo-ban,"Nhật Nguyệt, bộ đánh giá ô tìm kiếm sinh ngày 2026-09-20",
cauhoi-0139,Who are you most like?,en,tien-ich,,,/tien-ich/ban-giong-ai,"Nhật Nguyệt, bộ đánh giá ô tìm kiếm sinh ngày 2026-09-20",
cauhoi-0140,Your life map,en,tien-ich,,,/tien-ich/tu-vi-mach-noi,"Nhật Nguyệt, bộ đánh giá ô tìm kiếm sinh ngày 2026-09-20",
cauhoi-0141,a job opening,en,tien-ich,,,/tien-ich/tarot-theo-van-de,"Nhật Nguyệt, bộ đánh giá ô tìm kiếm sinh ngày 2026-09-20",
cauhoi-0142,a store opening,en,tien-ich,,,/tien-ich/xem-ngay-theo-viec,"Nhật Nguyệt, bộ đánh giá ô tìm kiếm sinh ngày 2026-09-20",
cauhoi-0143,a ten-year scan for a clear year,en,tien-ich,,,/tien-ich/xem-tuoi-lam-nha,"Nhật Nguyệt, bộ đánh giá ô tìm kiếm sinh ngày 2026-09-20",
cauhoi-0144,an undefined relationship,en,tien-ich,,,/tien-ich/tarot-theo-van-de,"Nhật Nguyệt, bộ đánh giá ô tìm kiếm sinh ngày 2026-09-20",
cauhoi-0145,and Tam Tai years by birth year and gender,en,tien-ich,,,/tien-ich/sao-chieu-menh,"Nhật Nguyệt, bộ đánh giá ô tìm kiếm sinh ngày 2026-09-20",
cauhoi-0146,and a date range,en,tien-ich,,,/tien-ich/xem-ngay-theo-viec,"Nhật Nguyệt, bộ đánh giá ô tìm kiếm sinh ngày 2026-09-20",
cauhoi-0147,and a fresh daily reading based on your exact solar birthday,en,tien-ich,,,/tien-ich/tu-vi-tay-phuong,"Nhật Nguyệt, bộ đánh giá ô tìm kiếm sinh ngày 2026-09-20",
cauhoi-0148,and admits the useful-god step is one reading of many,en,tien-ich,,,/tien-ich/dat-ten-con,"Nhật Nguyệt, bộ đánh giá ô tìm kiếm sinh ngày 2026-09-20",
cauhoi-0149,and disagreements are shown,en,tien-ich,,,/tien-ich/hom-nay-the-nao,"Nhật Nguyệt, bộ đánh giá ô tìm kiếm sinh ngày 2026-09-20",
cauhoi-0150,and each contested convention is stated,en,tien-ich,,,/tien-ich/nang-luong-cua-ban,"Nhật Nguyệt, bộ đánh giá ô tìm kiếm sinh ngày 2026-09-20",
cauhoi-0151,and holidays in the month,en,tien-ich,,,/tien-ich/lich-am,"Nhật Nguyệt, bộ đánh giá ô tìm kiếm sinh ngày 2026-09-20",
cauhoi-0152,and how age-borrowing works,en,tien-ich,,,/tien-ich/xem-tuoi-lam-nha,"Nhật Nguyệt, bộ đánh giá ô tìm kiếm sinh ngày 2026-09-20",
cauhoi-0153,and it can list every good size in a range,en,tien-ich,,,/tien-ich/thuoc-lo-ban,"Nhật Nguyệt, bộ đánh giá ô tìm kiếm sinh ngày 2026-09-20",
cauhoi-0154,and measure the span between any two dates,en,tien-ich,,,/tien-ich/doi-lich,"Nhật Nguyệt, bộ đánh giá ô tìm kiếm sinh ngày 2026-09-20",
cauhoi-0155,and months folk custom avoids,en,tien-ich,,,/tien-ich/xem-ngay-cuoi,"Nhật Nguyệt, bộ đánh giá ô tìm kiếm sinh ngày 2026-09-20",
cauhoi-0156,and none of it is averaged into a percentage,en,tien-ich,,,/tien-ich/xem-tuoi-hop,"Nhật Nguyệt, bộ đánh giá ô tìm kiếm sinh ngày 2026-09-20",
cauhoi-0157,and numerology,en,tien-ich,,,/tien-ich/nang-luong-cua-ban,"Nhật Nguyệt, bộ đánh giá ô tìm kiếm sinh ngày 2026-09-20",
cauhoi-0158,and read through the god of use for the matter you are asking about,en,tien-ich,,,/tien-ich/gieo-que-hoi-viec,"Nhật Nguyệt, bộ đánh giá ô tìm kiếm sinh ngày 2026-09-20",
cauhoi-0159,and states the site's convention on master numbers 11/22/33,en,tien-ich,,,/tien-ich/than-so-hoc-ngay,"Nhật Nguyệt, bộ đánh giá ô tìm kiếm sinh ngày 2026-09-20",
cauhoi-0160,and this tool ranks which days in that range best suit your zodiac and Five Elements,en,tien-ich,,,/tien-ich/xem-ngay-theo-viec,"Nhật Nguyệt, bộ đánh giá ô tìm kiếm sinh ngày 2026-09-20",
cauhoi-0161,and where the changed hexagram points,en,tien-ich,,,/tien-ich/gieo-que,"Nhật Nguyệt, bộ đánh giá ô tìm kiếm sinh ngày 2026-09-20",
cauhoi-0162,and your life's Pinnacle cycles,en,tien-ich,,,/tien-ich/mo-khoa-van-han-2026,"Nhật Nguyệt, bộ đánh giá ô tìm kiếm sinh ngày 2026-09-20",
cauhoi-0163,auspicious hours,en,tien-ich,,,/tien-ich/lich-am,"Nhật Nguyệt, bộ đánh giá ô tìm kiếm sinh ngày 2026-09-20",
cauhoi-0164,based on your exact birth date and hour,en,tien-ich,,,/tien-ich/tu-vi,"Nhật Nguyệt, bộ đánh giá ô tìm kiếm sinh ngày 2026-09-20",
cauhoi-0165,bed and altar sizes on all three Luban rules with the arithmetic shown and a visual scale,en,tien-ich,,,/tien-ich/thuoc-lo-ban,"Nhật Nguyệt, bộ đánh giá ô tìm kiếm sinh ngày 2026-09-20",
cauhoi-0166,browsable through the traditional 8x8 grid,en,tien-ich,,,/tien-ich/kinh-dich,"Nhật Nguyệt, bộ đánh giá ô tìm kiếm sinh ngày 2026-09-20",
cauhoi-0167,by branch relation,en,tien-ich,,,/tien-ich/xem-tuoi-xong-dat,"Nhật Nguyệt, bộ đánh giá ô tìm kiếm sinh ngày 2026-09-20",
cauhoi-0168,by lunar age,en,tien-ich,,,/tien-ich/xem-tuoi-lam-nha,"Nhật Nguyệt, bộ đánh giá ô tìm kiếm sinh ngày 2026-09-20",
cauhoi-0169,career/finance/love outlook,en,tien-ich,,,/tien-ich/mo-khoa-van-han-2026,"Nhật Nguyệt, bộ đánh giá ô tìm kiếm sinh ngày 2026-09-20",
cauhoi-0170,centrality and resonance,en,tien-ich,,,/tien-ich/kinh-dich,"Nhật Nguyệt, bộ đánh giá ô tìm kiếm sinh ngày 2026-09-20",
cauhoi-0171,clearly marked major vs,en,tien-ich,,,/tien-ich/lich-le-hoi,"Nhật Nguyệt, bộ đánh giá ô tìm kiếm sinh ngày 2026-09-20",
cauhoi-0172,click any one for full details,en,tien-ich,,,/tien-ich/lich-le-hoi,"Nhật Nguyệt, bộ đánh giá ô tìm kiếm sinh ngày 2026-09-20",
cauhoi-0173,correct placement,en,tien-ich,,,/tien-ich/kinh-dich,"Nhật Nguyệt, bộ đánh giá ô tìm kiếm sinh ngày 2026-09-20",
cauhoi-0174,covering career,en,tien-ich,,,/tien-ich/than-so-hoc,"Nhật Nguyệt, bộ đánh giá ô tìm kiếm sinh ngày 2026-09-20",
cauhoi-0175,destiny element,en,tien-ich,,,/tien-ich/xem-tuoi-xong-dat,"Nhật Nguyệt, bộ đánh giá ô tìm kiếm sinh ngày 2026-09-20",
cauhoi-0176,each partner's own suitability,en,tien-ich,,,/tien-ich/xem-ngay-cuoi,"Nhật Nguyệt, bộ đánh giá ô tìm kiếm sinh ngày 2026-09-20",
cauhoi-0177,earthly branch,en,tien-ich,,,/tien-ich/xem-tuoi-hop,"Nhật Nguyệt, bộ đánh giá ô tìm kiếm sinh ngày 2026-09-20",
cauhoi-0178,folk festival and Tết observance in one year-at-a-glance grid,en,tien-ich,,,/tien-ich/lich-le-hoi,"Nhật Nguyệt, bộ đánh giá ô tìm kiếm sinh ngày 2026-09-20",
cauhoi-0179,free to use with no login required,en,tien-ich,,,/tien-ich/tu-vi-tay-phuong,"Nhật Nguyệt, bộ đánh giá ô tìm kiếm sinh ngày 2026-09-20",
cauhoi-0180,from your name and birthday,en,tien-ich,,,/tien-ich/than-so-hoc,"Nhật Nguyệt, bộ đánh giá ô tìm kiếm sinh ngày 2026-09-20",
cauhoi-0181,handling leap months correctly,en,tien-ich,,,/tien-ich/doi-lich,"Nhật Nguyệt, bộ đánh giá ô tìm kiếm sinh ngày 2026-09-20",
cauhoi-0182,health and finance,en,tien-ich,,,/tien-ich/than-so-hoc,"Nhật Nguyệt, bộ đánh giá ô tìm kiếm sinh ngày 2026-09-20",
cauhoi-0183,heavenly stem,en,tien-ich,,,/tien-ich/xem-tuoi-hop,"Nhật Nguyệt, bộ đánh giá ô tìm kiếm sinh ngày 2026-09-20",
cauhoi-0184,images and lessons,en,tien-ich,,,/tien-ich/kinh-dich,"Nhật Nguyệt, bộ đánh giá ô tìm kiếm sinh ngày 2026-09-20",
cauhoi-0185,instantly see your 4 favorable and 4 unfavorable directions for a home or land per Eight Mansions feng shui,en,tien-ich,,,/tien-ich/xem-nha-dat,"Nhật Nguyệt, bộ đánh giá ô tìm kiếm sinh ngày 2026-09-20",
cauhoi-0186,key personality traits,en,tien-ich,,,/tien-ich/tu-vi-tay-phuong,"Nhật Nguyệt, bộ đánh giá ô tìm kiếm sinh ngày 2026-09-20",
cauhoi-0187,meanings shown instantly,en,tien-ich,,,/tien-ich/tarot,"Nhật Nguyệt, bộ đánh giá ô tìm kiếm sinh ngày 2026-09-20",
cauhoi-0188,no history kept,en,tien-ich,,,/tien-ich/gieo-que,"Nhật Nguyệt, bộ đánh giá ô tìm kiếm sinh ngày 2026-09-20",
cauhoi-0189,no login needed,en,tien-ich,,,/tien-ich/than-so-hoc,"Nhật Nguyệt, bộ đánh giá ô tìm kiếm sinh ngày 2026-09-20",
cauhoi-0190,not just the zodiac animal,en,tien-ich,,,/tien-ich/xem-tuoi-hop,"Nhật Nguyệt, bộ đánh giá ô tìm kiếm sinh ngày 2026-09-20",
cauhoi-0191,numerology and the five elements,en,tien-ich,,,/tien-ich/hom-nay-the-nao,"Nhật Nguyệt, bộ đánh giá ô tìm kiếm sinh ngày 2026-09-20",
cauhoi-0192,optionally enter your birthday to see which hours specifically suit your age,en,tien-ich,,,/tien-ich/gio-hoang-dao,"Nhật Nguyệt, bộ đánh giá ô tìm kiếm sinh ngày 2026-09-20",
cauhoi-0193,or pick each one by hand instead,en,tien-ich,,,/tien-ich/xem-tuong-mat,"Nhật Nguyệt, bộ đánh giá ô tìm kiếm sinh ngày 2026-09-20",
cauhoi-0194,or type your own questions,en,tien-ich,,,/tien-ich/tarot-theo-van-de,"Nhật Nguyệt, bộ đánh giá ô tìm kiếm sinh ngày 2026-09-20",
cauhoi-0195,pick one of 5 spreads to match your question,en,tien-ich,,,/tien-ich/tarot,"Nhật Nguyệt, bộ đánh giá ô tìm kiếm sinh ngày 2026-09-20",
cauhoi-0196,plus the inverse,en,tien-ich,,,/tien-ich/kinh-dich,"Nhật Nguyệt, bộ đánh giá ô tìm kiếm sinh ngày 2026-09-20",
cauhoi-0197,read on the spot,en,tien-ich,,,/tien-ich/gieo-que,"Nhật Nguyệt, bộ đánh giá ô tìm kiếm sinh ngày 2026-09-20",
cauhoi-0198,reversed and nuclear hexagrams that texts always mention but online tools rarely compute,en,tien-ich,,,/tien-ich/kinh-dich,"Nhật Nguyệt, bộ đánh giá ô tìm kiếm sinh ngày 2026-09-20",
cauhoi-0199,searchable by name,en,tien-ich,,,/tien-ich/lich-le-hoi,"Nhật Nguyệt, bộ đánh giá ô tìm kiếm sinh ngày 2026-09-20",
cauhoi-0200,see the day and year's Stems-and-Branches,en,tien-ich,,,/tien-ich/lich-am,"Nhật Nguyệt, bộ đánh giá ô tìm kiếm sinh ngày 2026-09-20",
cauhoi-0201,see what this year's star means and folk advice on what to watch out for,en,tien-ich,,,/tien-ich/sao-chieu-menh,"Nhật Nguyệt, bộ đánh giá ô tìm kiếm sinh ngày 2026-09-20",
cauhoi-0202,see who you match most and exactly what you have in common,en,tien-ich,,,/tien-ich/ban-giong-ai,"Nhật Nguyệt, bộ đánh giá ô tìm kiếm sinh ngày 2026-09-20",
cauhoi-0203,shown in full right away,en,tien-ich,,,/tien-ich/mo-khoa-van-han-2026,"Nhật Nguyệt, bộ đánh giá ô tìm kiếm sinh ngày 2026-09-20",
cauhoi-0204,shows every step,en,tien-ich,,,/tien-ich/dat-ten-con,"Nhật Nguyệt, bộ đánh giá ô tìm kiếm sinh ngày 2026-09-20",
cauhoi-0205,shows the arithmetic behind each,en,tien-ich,,,/tien-ich/than-so-hoc-ngay,"Nhật Nguyệt, bộ đánh giá ô tìm kiếm sinh ngày 2026-09-20",
cauhoi-0206,signing a contract,en,tien-ich,,,/tien-ich/xem-ngay-theo-viec,"Nhật Nguyệt, bộ đánh giá ô tìm kiếm sinh ngày 2026-09-20",
cauhoi-0207,sound element and Eight Mansions group,en,tien-ich,,,/tien-ich/xem-tuoi-hop,"Nhật Nguyệt, bộ đánh giá ô tìm kiếm sinh ngày 2026-09-20",
cauhoi-0208,studying abroad,en,tien-ich,,,/tien-ich/tarot-theo-van-de,"Nhật Nguyệt, bộ đánh giá ô tìm kiếm sinh ngày 2026-09-20",
cauhoi-0209,the Six Relatives,en,tien-ich,,,/tien-ich/gieo-que-hoi-viec,"Nhật Nguyệt, bộ đánh giá ô tìm kiếm sinh ngày 2026-09-20",
cauhoi-0210,the day officer,en,tien-ich,,,/tien-ich/hom-nay-the-nao,"Nhật Nguyệt, bộ đánh giá ô tìm kiếm sinh ngày 2026-09-20",
cauhoi-0211,the sexagenary calendar,en,tien-ich,,,/tien-ich/hom-nay-the-nao,"Nhật Nguyệt, bộ đánh giá ô tìm kiếm sinh ngày 2026-09-20",
cauhoi-0212,the three folk taboos and Thái Tuế,en,tien-ich,,,/tien-ich/xem-tuoi-xong-dat,"Nhật Nguyệt, bộ đánh giá ô tìm kiếm sinh ngày 2026-09-20",
cauhoi-0213,updated every day,en,tien-ich,,,/tien-ich/tu-vi-tay-phuong,"Nhật Nguyệt, bộ đánh giá ô tìm kiếm sinh ngày 2026-09-20",
cauhoi-0214,where those stars sit is where that palace flies,en,tien-ich,,,/tien-ich/tu-vi-mach-noi,"Nhật Nguyệt, bộ đánh giá ô tìm kiếm sinh ngày 2026-09-20",
cauhoi-0215,whether each changing line is correctly placed and central,en,tien-ich,,,/tien-ich/gieo-que,"Nhật Nguyệt, bộ đánh giá ô tìm kiếm sinh ngày 2026-09-20",
cauhoi-0216,whether it resonates with its partner,en,tien-ich,,,/tien-ich/gieo-que,"Nhật Nguyệt, bộ đánh giá ô tìm kiếm sinh ngày 2026-09-20",
cauhoi-0217,which are auspicious for major undertakings and which to avoid,en,tien-ich,,,/tien-ich/gio-hoang-dao,"Nhật Nguyệt, bộ đánh giá ô tìm kiếm sinh ngày 2026-09-20",
cauhoi-0218,which classical rule applies for this number of changing lines,en,tien-ich,,,/tien-ich/gieo-que,"Nhật Nguyệt, bộ đánh giá ô tìm kiếm sinh ngày 2026-09-20",
cauhoi-0219,with a detailed report,en,tien-ich,,,/tien-ich/than-so-hoc,"Nhật Nguyệt, bộ đánh giá ô tìm kiếm sinh ngày 2026-09-20",
cauhoi-0220,with illustrated cards and a flip animation,en,tien-ich,,,/tien-ich/tarot,"Nhật Nguyệt, bộ đánh giá ô tìm kiếm sinh ngày 2026-09-20",
cauhoi-0221,with readings for each palace,en,tien-ich,,,/tien-ich/tu-vi,"Nhật Nguyệt, bộ đánh giá ô tìm kiếm sinh ngày 2026-09-20",
cauhoi-0222,with reasons,en,tien-ich,,,/tien-ich/xem-nha-dat,"Nhật Nguyệt, bộ đánh giá ô tìm kiếm sinh ngày 2026-09-20",
cauhoi-0223,with the actual birth years listed so you can recognise someone you know,en,tien-ich,,,/tien-ich/xem-tuoi-xong-dat,"Nhật Nguyệt, bộ đánh giá ô tìm kiếm sinh ngày 2026-09-20",
cauhoi-0224,with the arithmetic shown,en,tien-ich,,,/tien-ich/xem-tuoi-lam-nha,"Nhật Nguyệt, bộ đánh giá ô tìm kiếm sinh ngày 2026-09-20",
cauhoi-0225,your Four Pillars day-master element,en,tien-ich,,,/tien-ich/nang-luong-cua-ban,"Nhật Nguyệt, bộ đánh giá ô tìm kiếm sinh ngày 2026-09-20",
cauhoi-0226,your birth-year sound element,en,tien-ich,,,/tien-ich/nang-luong-cua-ban,"Nhật Nguyệt, bộ đánh giá ô tìm kiếm sinh ngày 2026-09-20",
cauhoi-0227,your guardian star/Tam Tai,en,tien-ich,,,/tien-ich/mo-khoa-van-han-2026,"Nhật Nguyệt, bộ đánh giá ô tìm kiếm sinh ngày 2026-09-20",
cauhoi-0228,Can the Twelve Stages cycle replace an overall Five Elements strength analysis?,en,tri-thuc,Bát Tự,vong-truong-sinh-trong-bat-tu,,"Nhật Nguyệt, bộ đánh giá ô tìm kiếm sinh ngày 2026-09-20",
cauhoi-0229,Can the offering tray for wandering souls be placed indoors?,en,tri-thuc,Lễ Vu Lan,cach-chuan-bi-mam-cung-le-vu-lan-ram-thang-7-c8ae65,,"Nhật Nguyệt, bộ đánh giá ô tìm kiếm sinh ngày 2026-09-20",
cauhoi-0230,Do southerners observe any special taboos for the Tết five-fruit tray?,en,tri-thuc,Phong tục vùng miền,phong-tuc-vung-mien-bac-trung-nam,,"Nhật Nguyệt, bộ đánh giá ô tìm kiếm sinh ngày 2026-09-20",
cauhoi-0231,Does studying ethnic minority customs help predict fortune or destiny?,en,tri-thuc,Phong tục dân tộc thiểu số,phong-tuc-cac-dan-toc-thieu-so-viet-nam-co-gi-dac-sac-tong-quan,,"Nhật Nguyệt, bộ đánh giá ô tìm kiếm sinh ngày 2026-09-20",
cauhoi-0232,Does the Twelve Stages cycle work the same way for every Heavenly Stem?,en,tri-thuc,Bát Tự,vong-truong-sinh-trong-bat-tu,,"Nhật Nguyệt, bộ đánh giá ô tìm kiếm sinh ngày 2026-09-20",
cauhoi-0233,How can Type 8 develop themselves in a healthy way?,en,tri-thuc,Enneagram,enneagram-type-8-nguoi-thach-thuc-e41c36,,"Nhật Nguyệt, bộ đánh giá ô tìm kiếm sinh ngày 2026-09-20",
cauhoi-0234,How can one read Tarot healthily without being considered superstitious?,en,tri-thuc,Tarot,tarot-co-doan-trung-tuong-lai-khong-1b2614,,"Nhật Nguyệt, bộ đánh giá ô tìm kiếm sinh ngày 2026-09-20",
cauhoi-0235,How does BaZi differ from Zi Wei Dou Shu?,en,tri-thuc,Tử vi,bat-tu-tu-tru-xem-van-menh-qua-gio-ngay-thang-nam-sinh-f01073,,"Nhật Nguyệt, bộ đánh giá ô tìm kiếm sinh ngày 2026-09-20",
cauhoi-0236,How does natural citrine differ from heat-treated citrine?,en,tri-thuc,Đá phong thủy,thach-anh-trong-phong-thuy,,"Nhật Nguyệt, bộ đánh giá ô tìm kiếm sinh ngày 2026-09-20",
cauhoi-0237,How is Personality Number 8 calculated?,en,tri-thuc,Thần số học,so-nhan-cach-so-8-8d0842,,"Nhật Nguyệt, bộ đánh giá ô tìm kiếm sinh ngày 2026-09-20",
cauhoi-0238,How to activate the wealth corner in the southeast?,en,tri-thuc,Phong thủy,phong-thuy-huong-nha-dong-nam-0ccc84,,"Nhật Nguyệt, bộ đánh giá ô tìm kiếm sinh ngày 2026-09-20",
cauhoi-0239,How to apply the Dragon-Rooster Six Harmony in work?,en,tri-thuc,Con giáp,y-nghia-luc-hop-than-dau-2d0be1,,"Nhật Nguyệt, bộ đánh giá ô tìm kiếm sinh ngày 2026-09-20",
cauhoi-0240,How to determine the Stem of the Month Pillar?,en,tri-thuc,Tử vi,tru-thang-trong-bat-tu-tu-tru-la-gi-a1420f,,"Nhật Nguyệt, bộ đánh giá ô tìm kiếm sinh ngày 2026-09-20",
cauhoi-0241,"If I get a 'bad' hexagram about love, should I worry?",en,tri-thuc,Kinh Dịch,ung-dung-kinh-dich-trong-tinh-duyen-37edbe,,"Nhật Nguyệt, bộ đánh giá ô tìm kiếm sinh ngày 2026-09-20",
cauhoi-0242,"If my current job belongs to an element that controls mine, should I change careers?",en,tri-thuc,Ngũ hành,ngu-hanh-mau-sac-nghe-nghiep,,"Nhật Nguyệt, bộ đánh giá ô tìm kiếm sinh ngày 2026-09-20",
cauhoi-0243,"In which year did Vietnam and China celebrate Tet on different dates, and why?",en,tri-thuc,Lịch âm,vi-sao-lich-am-viet-nam-doi-khi-lech-lich-trung-quoc-ceeb85,,"Nhật Nguyệt, bộ đánh giá ô tìm kiếm sinh ngày 2026-09-20",
cauhoi-0244,Is Huu Bat a peach blossom star?,en,tri-thuc,Tử vi,sao-huu-bat-luc-cat-tinh-tu-vi-dau-so-f5056e,,"Nhật Nguyệt, bộ đánh giá ô tìm kiếm sinh ngày 2026-09-20",
cauhoi-0245,Is it mandatory to make offerings exactly on the Full Moon or first day of the month?,en,tri-thuc,Kiêng kỵ dân gian,kieng-ky-dan-gian-cung-ngay-ram-mung-mot-dau-thang-6fd819,,"Nhật Nguyệt, bộ đánh giá ô tìm kiếm sinh ngày 2026-09-20",
cauhoi-0246,Is the Five of Cups always a bad omen?,en,tri-thuc,Tarot,la-bai-tarot-5-of-cups-y-nghia-chuyen-sau-12d9fa,,"Nhật Nguyệt, bộ đánh giá ô tìm kiếm sinh ngày 2026-09-20",
cauhoi-0247,What are the Five Elements?,en,tri-thuc,Ngũ hành,ngu-hanh-tuong-sinh-tuong-khac,,"Nhật Nguyệt, bộ đánh giá ô tìm kiếm sinh ngày 2026-09-20",
cauhoi-0248,What are the challenges and opportunities of a Personal Year Number 8?,en,tri-thuc,Thần số học,nam-ca-nhan-so-8-than-so-hoc-chu-ky-nang-luong-va-y-nghia-b79a36,,"Nhật Nguyệt, bộ đánh giá ô tìm kiếm sinh ngày 2026-09-20",
cauhoi-0249,What are the essential items needed on the family altar?,en,tri-thuc,Thờ cúng tổ tiên,cach-bay-ban-tho-gia-tien-dung-phong-thuy-dung-phong-tuc-dcae90,,"Nhật Nguyệt, bộ đánh giá ô tìm kiếm sinh ngày 2026-09-20",
cauhoi-0250,What are the exact dates for Virgo?,en,tri-thuc,Chiêm tinh phương Tây,cung-xu-nu,,"Nhật Nguyệt, bộ đánh giá ô tìm kiếm sinh ngày 2026-09-20",
cauhoi-0251,What are the key personality traits of Enneagram Type 8?,en,tri-thuc,Enneagram,enneagram-type-8-nguoi-thach-thuc-e41c36,,"Nhật Nguyệt, bộ đánh giá ô tìm kiếm sinh ngày 2026-09-20",
cauhoi-0252,What does Rat-Ox Luc Hop mean in marriage?,en,tri-thuc,Con giáp,y-nghia-luc-hop-ty-suoi-18873c,,"Nhật Nguyệt, bộ đánh giá ô tìm kiếm sinh ngày 2026-09-20",
cauhoi-0253,What does it mean if I was born during Mars retrograde?,en,tri-thuc,Chiêm tinh học,sao-hoa-nghich-hanh-nghia-la-gi-700b71,,"Nhật Nguyệt, bộ đánh giá ô tìm kiếm sinh ngày 2026-09-20",
cauhoi-0254,What does reversed The Moon mean differently from upright?,en,tri-thuc,Tarot,la-bai-tarot-the-moon-mat-trang-bieu-tuong-hoc-va-y-nghia-chuyen-sau-dc7c62,,"Nhật Nguyệt, bộ đánh giá ô tìm kiếm sinh ngày 2026-09-20",
cauhoi-0255,What element does the Ox belong to?,en,tri-thuc,12 Con Giáp,con-giap-suu,,"Nhật Nguyệt, bộ đánh giá ô tìm kiếm sinh ngày 2026-09-20",
cauhoi-0256,What factors contributed to the victory of the Ho Chi Minh Campaign?,en,tri-thuc,Ngày kỷ niệm Việt Nam,ngay-giai-phong-mien-nam-30-4-764eef,,"Nhật Nguyệt, bộ đánh giá ô tìm kiếm sinh ngày 2026-09-20",
cauhoi-0257,What factors on the pig liver are used to predict fortune?,en,tri-thuc,Bói toán dân gian,tuc-xem-gan-lon-doan-van-may-dau-nam-cua-nguoi-ha-nhi-eb4daf,,"Nhật Nguyệt, bộ đánh giá ô tìm kiếm sinh ngày 2026-09-20",
cauhoi-0258,What is special about the Chu Van An temple on Phoenix Mountain?,en,tri-thuc,Nhân vật lịch sử,chu-van-an-nguoi-thay-muon-doi-den-tho-nui-phuong-hoang-1e7023,,"Nhật Nguyệt, bộ đánh giá ô tìm kiếm sinh ngày 2026-09-20",
cauhoi-0259,What is the Kteh technique in Ede wedding attire?,en,tri-thuc,Trang phục truyền thống,trang-phuc-cuoi-truyen-thong-co-dau-e-de-557d0d,,"Nhật Nguyệt, bộ đánh giá ô tìm kiếm sinh ngày 2026-09-20",
cauhoi-0260,What is the best day for the Tat Nien ceremony?,en,tri-thuc,Lễ Tết,cach-bay-mam-cung-tat-nien-cuoi-nam-d31cc2,,"Nhật Nguyệt, bộ đánh giá ô tìm kiếm sinh ngày 2026-09-20",
cauhoi-0261,What is the difference between Ao The and the modern Ao Dai?,en,tri-thuc,Trang phục truyền thống,khan-dong-ao-the-trang-phuc-truyen-thong-nam-gioi-viet-nam-fef041,,"Nhật Nguyệt, bộ đánh giá ô tìm kiếm sinh ngày 2026-09-20",
cauhoi-0262,What is the origin of Ao Tu Than and when did it appear?,en,tri-thuc,Trang phục truyền thống,ao-tu-than-nguon-goc-va-dac-diem-trang-phuc-truyen-thong-mien-bac-c9252f,,"Nhật Nguyệt, bộ đánh giá ô tìm kiếm sinh ngày 2026-09-20",
cauhoi-0263,What is the proper order for making prayers when visiting a temple at the start of the year?,en,tri-thuc,Bói toán dân gian,tuc-xin-xam-hai-loc-dau-nam-tai-chua-cua-nguoi-viet-311d03,,"Nhật Nguyệt, bộ đánh giá ô tìm kiếm sinh ngày 2026-09-20",
cauhoi-0264,What is the scale of Van Thang village and what products does it create?,en,tri-thuc,Nghề thủ công truyền thống,lang-nghe-xoi-tram-huong-van-thang-khanh-hoa-90139c,,"Nhật Nguyệt, bộ đánh giá ô tìm kiếm sinh ngày 2026-09-20",
cauhoi-0265,What is the significance of the Ê Đê grave-abandonment ceremony?,en,tri-thuc,Tín ngưỡng dân tộc thiểu số,tin-nguong-nghi-le-nguoi-e-de,,"Nhật Nguyệt, bộ đánh giá ô tìm kiếm sinh ngày 2026-09-20",
cauhoi-0266,What role does the New Rice Festival play in the current life of the Cao Lan people?,en,tri-thuc,Lễ Tết,tet-com-moi-net-van-hoa-doc-dao-cua-nguoi-cao-lan-879bab,,"Nhật Nguyệt, bộ đánh giá ô tìm kiếm sinh ngày 2026-09-20",
cauhoi-0267,What significance does the traditional costume have in the life of the Lo Lo people?,en,tri-thuc,Trang phục truyền thống,trang-phuc-tho-cam-ruc-ro-cua-nguoi-lo-lo-o-ha-giang-9baeed,,"Nhật Nguyệt, bộ đánh giá ô tìm kiếm sinh ngày 2026-09-20",
cauhoi-0268,What zodiac year is 2027?,en,tri-thuc,12 Con Giáp,con-giap-mui,,"Nhật Nguyệt, bộ đánh giá ô tìm kiếm sinh ngày 2026-09-20",
cauhoi-0269,What zodiac year is 2031?,en,tri-thuc,12 Con Giáp,con-giap-hoi,,"Nhật Nguyệt, bộ đánh giá ô tìm kiếm sinh ngày 2026-09-20",
cauhoi-0270,When and where does the Chu Dong Tu - Tien Dung festival take place?,en,tri-thuc,Nhân vật lịch sử,chu-dong-tu-tien-dung-huyen-thoai-tinh-yeu-tu-bat-tu-243f43,,"Nhật Nguyệt, bộ đánh giá ô tìm kiếm sinh ngày 2026-09-20",
cauhoi-0271,When did Vietnamese War Invalids and Martyrs Day (July 27) originate?,en,tri-thuc,Ngày kỷ niệm Việt Nam,ngay-thuong-binh-liet-si-27-7-nguon-goc-y-nghia-3e4b7e,,"Nhật Nguyệt, bộ đánh giá ô tìm kiếm sinh ngày 2026-09-20",
cauhoi-0272,When is the Hung Kings Temple Festival held?,en,tri-thuc,Lễ hội truyền thống,le-hoi-den-hung-phu-tho-nguon-goc-va-net-dac-trung-38cdd4,,"Nhật Nguyệt, bộ đánh giá ô tìm kiếm sinh ngày 2026-09-20",
cauhoi-0273,When is the Hà Nhì pig liver reading custom usually performed?,en,tri-thuc,Bói toán dân gian,tuc-xem-gan-lon-doan-van-may-dau-nam-cua-nguoi-ha-nhi-eb4daf,,"Nhật Nguyệt, bộ đánh giá ô tìm kiếm sinh ngày 2026-09-20",
cauhoi-0274,When is the founding day of the Vietnam People's Army?,en,tri-thuc,Ngày kỷ niệm Việt Nam,ngay-thanh-lap-quan-doi-nhan-dan-viet-nam-22-12-edef53,,"Nhật Nguyệt, bộ đánh giá ô tìm kiếm sinh ngày 2026-09-20",
cauhoi-0275,When is the grain bin binding ritual of the Nung people performed?,en,tri-thuc,Phong tục dân tộc thiểu số,le-buoc-cot-giu-luong-thuc-nguoi-nung-66c626,,"Nhật Nguyệt, bộ đánh giá ô tìm kiếm sinh ngày 2026-09-20",
cauhoi-0276,Where does ancestor worship originate?,en,tri-thuc,Tín ngưỡng dân gian,tin-nguong-dan-gian-viet-nam-gom-nhung-gi-tong-quan,,"Nhật Nguyệt, bộ đánh giá ô tìm kiếm sinh ngày 2026-09-20",
cauhoi-0277,Which I Ching hexagrams correspond to Heavenly Stem Wu?,en,tri-thuc,Kinh Dịch,thien-can-mau-dac-tinh-am-duong-ngu-hanh-trong-kinh-dich-e1c0a9,,"Nhật Nguyệt, bộ đánh giá ô tìm kiếm sinh ngày 2026-09-20",
cauhoi-0278,Which ethnic groups are the custodians of the gong culture space?,en,tri-thuc,Tín ngưỡng dân tộc thiểu số,khong-gian-van-hoa-cong-chieng-tay-nguyen,,"Nhật Nguyệt, bộ đánh giá ô tìm kiếm sinh ngày 2026-09-20",
cauhoi-0279,Which planet rules Cancer?,en,tri-thuc,Chiêm tinh phương Tây,cung-cu-giai,,"Nhật Nguyệt, bộ đánh giá ô tìm kiếm sinh ngày 2026-09-20",
cauhoi-0280,Which signs clash with the Goat?,en,tri-thuc,12 Con Giáp,con-giap-mui,,"Nhật Nguyệt, bộ đánh giá ô tìm kiếm sinh ngày 2026-09-20",
cauhoi-0281,Which signs clash with the Rooster?,en,tri-thuc,12 Con Giáp,con-giap-dau,,"Nhật Nguyệt, bộ đánh giá ô tìm kiếm sinh ngày 2026-09-20",
cauhoi-0282,Which stage in the cycle is considered the most favorable?,en,tri-thuc,Bát Tự,vong-truong-sinh-trong-bat-tu,,"Nhật Nguyệt, bộ đánh giá ô tìm kiếm sinh ngày 2026-09-20",
cauhoi-0283,Which zodiac sign is most compatible with the Rat?,en,tri-thuc,12 Con Giáp,con-giap-ty,,"Nhật Nguyệt, bộ đánh giá ô tìm kiếm sinh ngày 2026-09-20",
cauhoi-0284,Which zodiac signs are most compatible with the Dog?,en,tri-thuc,12 Con Giáp,con-giap-tuat,,"Nhật Nguyệt, bộ đánh giá ô tìm kiếm sinh ngày 2026-09-20",
cauhoi-0285,Which zodiac signs are most compatible with the Pig?,en,tri-thuc,12 Con Giáp,con-giap-hoi,,"Nhật Nguyệt, bộ đánh giá ô tìm kiếm sinh ngày 2026-09-20",
cauhoi-0286,Which zodiac signs are most compatible with the Rooster?,en,tri-thuc,12 Con Giáp,con-giap-dau,,"Nhật Nguyệt, bộ đánh giá ô tìm kiếm sinh ngày 2026-09-20",
cauhoi-0287,Why are there cases where the number is not reduced to a single digit?,en,tri-thuc,Từ điển,tu-dien-so-duong-doi,,"Nhật Nguyệt, bộ đánh giá ô tìm kiếm sinh ngày 2026-09-20",
cauhoi-0288,Why do Life Path 3 people often lack consistency?,en,tri-thuc,Thần số học,so-duong-doi-3,,"Nhật Nguyệt, bộ đánh giá ô tìm kiếm sinh ngày 2026-09-20",
cauhoi-0289,Why do customs differ across regions within the same Kinh ethnic group?,en,tri-thuc,Phong tục vùng miền,phong-tuc-vung-mien-bac-trung-nam,,"Nhật Nguyệt, bộ đánh giá ô tìm kiếm sinh ngày 2026-09-20",
cauhoi-0290,Why do people see faces in inanimate objects?,en,tri-thuc,Tâm lý học,vi-sao-con-nguoi-nhin-ra-quy-luat-o-noi-khong-co-quy-luat-fcbc8b,,"Nhật Nguyệt, bộ đánh giá ô tìm kiếm sinh ngày 2026-09-20",
cauhoi-0291,Why do women drink ruou can first?,en,tri-thuc,Ẩm thực truyền thống,van-hoa-ruou-can-trong-doi-song-le-hoi-cua-nguoi-tay-nguyen-419f97,,"Nhật Nguyệt, bộ đánh giá ô tìm kiếm sinh ngày 2026-09-20",
cauhoi-0292,Why does the Vietnamese zodiac use the Cat instead of the Rabbit?,en,tri-thuc,12 Con Giáp,con-giap-mao,,"Nhật Nguyệt, bộ đánh giá ô tìm kiếm sinh ngày 2026-09-20",
cauhoi-0293,"Why is Cự Môn called a ""shadow star""?",en,tri-thuc,Tử vi Đẩu Số,sao-cu-mon,,"Nhật Nguyệt, bộ đánh giá ô tìm kiếm sinh ngày 2026-09-20",
cauhoi-0294,Why is Taurus considered the most steadfast sign?,en,tri-thuc,Chiêm tinh phương Tây,cung-kim-nguu,,"Nhật Nguyệt, bộ đánh giá ô tìm kiếm sinh ngày 2026-09-20",
cauhoi-0295,Why is red sticky rice always present in traditional Vietnamese wedding feasts?,en,tri-thuc,Ẩm thực truyền thống,y-nghia-mon-an-co-cuoi-truyen-thong-viet-nam-31f31c,,"Nhật Nguyệt, bộ đánh giá ô tìm kiếm sinh ngày 2026-09-20",
cauhoi-0296,Why is the Dragon considered special among the 12 zodiac signs?,en,tri-thuc,12 Con Giáp,con-giap-thin,,"Nhật Nguyệt, bộ đánh giá ô tìm kiếm sinh ngày 2026-09-20",
cauhoi-0297,Why is the buffalo sacrifice important in M'Nong festivals?,en,tri-thuc,Lễ hội truyền thống,le-hoi-mung-lua-moi-va-tuc-hien-trau-cua-nguoi-mnong-495575,,"Nhật Nguyệt, bộ đánh giá ô tìm kiếm sinh ngày 2026-09-20",
cauhoi-0298,Why is the grain bin binding ritual considered a distinctive traditional cultural feature of the Nung people?,en,tri-thuc,Phong tục dân tộc thiểu số,le-buoc-cot-giu-luong-thuc-nguoi-nung-66c626,,"Nhật Nguyệt, bộ đánh giá ô tìm kiếm sinh ngày 2026-09-20",
cauhoi-0299,bộ bài tarot nào hợp người mới bắt đầu,vi,nhu-cau-that,,,/tien-ich/tarot,"Nhật Nguyệt, bộ đánh giá ô tìm kiếm sinh ngày 2026-09-20",
cauhoi-0300,cung Bạch Dương hợp cung nào nhất,vi,nhu-cau-that,,,,"Nhật Nguyệt, bộ đánh giá ô tìm kiếm sinh ngày 2026-09-20","không có đáp án đúng, dùng để đo tỉ lệ trả về rỗng"
cauhoi-0301,cung Bảo Bình hợp cung nào nhất,vi,nhu-cau-that,,,,"Nhật Nguyệt, bộ đánh giá ô tìm kiếm sinh ngày 2026-09-20","không có đáp án đúng, dùng để đo tỉ lệ trả về rỗng"
cauhoi-0302,cung Bọ Cạp hợp cung nào nhất,vi,nhu-cau-that,,,,"Nhật Nguyệt, bộ đánh giá ô tìm kiếm sinh ngày 2026-09-20","không có đáp án đúng, dùng để đo tỉ lệ trả về rỗng"
cauhoi-0303,cung Cự Giải hợp cung nào nhất,vi,nhu-cau-that,,,,"Nhật Nguyệt, bộ đánh giá ô tìm kiếm sinh ngày 2026-09-20","không có đáp án đúng, dùng để đo tỉ lệ trả về rỗng"
cauhoi-0304,cung Kim Ngưu hợp cung nào nhất,vi,nhu-cau-that,,,,"Nhật Nguyệt, bộ đánh giá ô tìm kiếm sinh ngày 2026-09-20","không có đáp án đúng, dùng để đo tỉ lệ trả về rỗng"
cauhoi-0305,cung Ma Kết hợp cung nào nhất,vi,nhu-cau-that,,,,"Nhật Nguyệt, bộ đánh giá ô tìm kiếm sinh ngày 2026-09-20","không có đáp án đúng, dùng để đo tỉ lệ trả về rỗng"
cauhoi-0306,cung Nhân Mã hợp cung nào nhất,vi,nhu-cau-that,,,,"Nhật Nguyệt, bộ đánh giá ô tìm kiếm sinh ngày 2026-09-20","không có đáp án đúng, dùng để đo tỉ lệ trả về rỗng"
cauhoi-0307,cung Song Ngư hợp cung nào nhất,vi,nhu-cau-that,,,,"Nhật Nguyệt, bộ đánh giá ô tìm kiếm sinh ngày 2026-09-20","không có đáp án đúng, dùng để đo tỉ lệ trả về rỗng"
cauhoi-0308,cung Song Tử hợp cung nào nhất,vi,nhu-cau-that,,,,"Nhật Nguyệt, bộ đánh giá ô tìm kiếm sinh ngày 2026-09-20","không có đáp án đúng, dùng để đo tỉ lệ trả về rỗng"
cauhoi-0309,cung Sư Tử hợp cung nào nhất,vi,nhu-cau-that,,,,"Nhật Nguyệt, bộ đánh giá ô tìm kiếm sinh ngày 2026-09-20","không có đáp án đúng, dùng để đo tỉ lệ trả về rỗng"
cauhoi-0310,cung Thiên Bình hợp cung nào nhất,vi,nhu-cau-that,,,,"Nhật Nguyệt, bộ đánh giá ô tìm kiếm sinh ngày 2026-09-20","không có đáp án đúng, dùng để đo tỉ lệ trả về rỗng"
cauhoi-0311,cung Xử Nữ hợp cung nào nhất,vi,nhu-cau-that,,,,"Nhật Nguyệt, bộ đánh giá ô tìm kiếm sinh ngày 2026-09-20","không có đáp án đúng, dùng để đo tỉ lệ trả về rỗng"
cauhoi-0312,cách đặt câu hỏi khi trải bài tarot,vi,nhu-cau-that,,,,"Nhật Nguyệt, bộ đánh giá ô tìm kiếm sinh ngày 2026-09-20","không có đáp án đúng, dùng để đo tỉ lệ trả về rỗng"
cauhoi-0313,cúng ông Công ông Táo ngày nào giờ nào,vi,nhu-cau-that,,,,"Nhật Nguyệt, bộ đánh giá ô tìm kiếm sinh ngày 2026-09-20","không có đáp án đúng, dùng để đo tỉ lệ trả về rỗng"
cauhoi-0314,gieo quẻ kinh dịch bằng ba đồng xu thế nào,vi,nhu-cau-that,,,/tien-ich/gieo-que,"Nhật Nguyệt, bộ đánh giá ô tìm kiếm sinh ngày 2026-09-20",
cauhoi-0315,giờ hoàng đạo hôm nay là mấy giờ,vi,nhu-cau-that,,,,"Nhật Nguyệt, bộ đánh giá ô tìm kiếm sinh ngày 2026-09-20","không có đáp án đúng, dùng để đo tỉ lệ trả về rỗng"
cauhoi-0316,hôm nay âm lịch ngày bao nhiêu,vi,nhu-cau-that,,,,"Nhật Nguyệt, bộ đánh giá ô tìm kiếm sinh ngày 2026-09-20","không có đáp án đúng, dùng để đo tỉ lệ trả về rỗng"
cauhoi-0317,hướng Bắc hợp tuổi nào,vi,nhu-cau-that,,,,"Nhật Nguyệt, bộ đánh giá ô tìm kiếm sinh ngày 2026-09-20","không có đáp án đúng, dùng để đo tỉ lệ trả về rỗng"
cauhoi-0318,hướng Nam hợp tuổi nào,vi,nhu-cau-that,,,,"Nhật Nguyệt, bộ đánh giá ô tìm kiếm sinh ngày 2026-09-20","không có đáp án đúng, dùng để đo tỉ lệ trả về rỗng"
cauhoi-0319,hướng Tây Bắc hợp tuổi nào,vi,nhu-cau-that,,,,"Nhật Nguyệt, bộ đánh giá ô tìm kiếm sinh ngày 2026-09-20","không có đáp án đúng, dùng để đo tỉ lệ trả về rỗng"
cauhoi-0320,hướng Tây Nam hợp tuổi nào,vi,nhu-cau-that,,,,"Nhật Nguyệt, bộ đánh giá ô tìm kiếm sinh ngày 2026-09-20","không có đáp án đúng, dùng để đo tỉ lệ trả về rỗng"
cauhoi-0321,hướng Tây hợp tuổi nào,vi,nhu-cau-that,,,,"Nhật Nguyệt, bộ đánh giá ô tìm kiếm sinh ngày 2026-09-20","không có đáp án đúng, dùng để đo tỉ lệ trả về rỗng"
cauhoi-0322,hướng Đông Bắc hợp tuổi nào,vi,nhu-cau-that,,,,"Nhật Nguyệt, bộ đánh giá ô tìm kiếm sinh ngày 2026-09-20","không có đáp án đúng, dùng để đo tỉ lệ trả về rỗng"
cauhoi-0323,hướng Đông Nam hợp tuổi nào,vi,nhu-cau-that,,,,"Nhật Nguyệt, bộ đánh giá ô tìm kiếm sinh ngày 2026-09-20","không có đáp án đúng, dùng để đo tỉ lệ trả về rỗng"
cauhoi-0324,hướng Đông hợp tuổi nào,vi,nhu-cau-that,,,,"Nhật Nguyệt, bộ đánh giá ô tìm kiếm sinh ngày 2026-09-20","không có đáp án đúng, dùng để đo tỉ lệ trả về rỗng"
cauhoi-0325,hầu đồng trong tín ngưỡng thờ Mẫu là gì,vi,nhu-cau-that,,,,"Nhật Nguyệt, bộ đánh giá ô tìm kiếm sinh ngày 2026-09-20","không có đáp án đúng, dùng để đo tỉ lệ trả về rỗng"
cauhoi-0326,không nên hỏi gì khi bói bài tarot,vi,nhu-cau-that,,,,"Nhật Nguyệt, bộ đánh giá ô tìm kiếm sinh ngày 2026-09-20","không có đáp án đúng, dùng để đo tỉ lệ trả về rỗng"
cauhoi-0327,kim lâu hoang ốc tam tai khác nhau thế nào,vi,nhu-cau-that,,,,"Nhật Nguyệt, bộ đánh giá ô tìm kiếm sinh ngày 2026-09-20","không có đáp án đúng, dùng để đo tỉ lệ trả về rỗng"
cauhoi-0328,lá Death ngược nghĩa là gì,vi,nhu-cau-that,,,,"Nhật Nguyệt, bộ đánh giá ô tìm kiếm sinh ngày 2026-09-20","không có đáp án đúng, dùng để đo tỉ lệ trả về rỗng"
cauhoi-0329,lá Death trong tarot nghĩa là gì,vi,nhu-cau-that,,,,"Nhật Nguyệt, bộ đánh giá ô tìm kiếm sinh ngày 2026-09-20","không có đáp án đúng, dùng để đo tỉ lệ trả về rỗng"
cauhoi-0330,lá Judgement ngược nghĩa là gì,vi,nhu-cau-that,,,,"Nhật Nguyệt, bộ đánh giá ô tìm kiếm sinh ngày 2026-09-20","không có đáp án đúng, dùng để đo tỉ lệ trả về rỗng"
cauhoi-0331,lá Judgement trong tarot nghĩa là gì,vi,nhu-cau-that,,,,"Nhật Nguyệt, bộ đánh giá ô tìm kiếm sinh ngày 2026-09-20","không có đáp án đúng, dùng để đo tỉ lệ trả về rỗng"
cauhoi-0332,lá Justice ngược nghĩa là gì,vi,nhu-cau-that,,,,"Nhật Nguyệt, bộ đánh giá ô tìm kiếm sinh ngày 2026-09-20","không có đáp án đúng, dùng để đo tỉ lệ trả về rỗng"
cauhoi-0333,lá Justice trong tarot nghĩa là gì,vi,nhu-cau-that,,,,"Nhật Nguyệt, bộ đánh giá ô tìm kiếm sinh ngày 2026-09-20","không có đáp án đúng, dùng để đo tỉ lệ trả về rỗng"
cauhoi-0334,lá Strength ngược nghĩa là gì,vi,nhu-cau-that,,,,"Nhật Nguyệt, bộ đánh giá ô tìm kiếm sinh ngày 2026-09-20","không có đáp án đúng, dùng để đo tỉ lệ trả về rỗng"
cauhoi-0335,lá Strength trong tarot nghĩa là gì,vi,nhu-cau-that,,,,"Nhật Nguyệt, bộ đánh giá ô tìm kiếm sinh ngày 2026-09-20","không có đáp án đúng, dùng để đo tỉ lệ trả về rỗng"
cauhoi-0336,lá Temperance ngược nghĩa là gì,vi,nhu-cau-that,,,,"Nhật Nguyệt, bộ đánh giá ô tìm kiếm sinh ngày 2026-09-20","không có đáp án đúng, dùng để đo tỉ lệ trả về rỗng"
cauhoi-0337,lá Temperance trong tarot nghĩa là gì,vi,nhu-cau-that,,,,"Nhật Nguyệt, bộ đánh giá ô tìm kiếm sinh ngày 2026-09-20","không có đáp án đúng, dùng để đo tỉ lệ trả về rỗng"
cauhoi-0338,lá The Chariot ngược nghĩa là gì,vi,nhu-cau-that,,,,"Nhật Nguyệt, bộ đánh giá ô tìm kiếm sinh ngày 2026-09-20","không có đáp án đúng, dùng để đo tỉ lệ trả về rỗng"
cauhoi-0339,lá The Chariot trong tarot nghĩa là gì,vi,nhu-cau-that,,,,"Nhật Nguyệt, bộ đánh giá ô tìm kiếm sinh ngày 2026-09-20","không có đáp án đúng, dùng để đo tỉ lệ trả về rỗng"
cauhoi-0340,lá The Devil ngược nghĩa là gì,vi,nhu-cau-that,,,,"Nhật Nguyệt, bộ đánh giá ô tìm kiếm sinh ngày 2026-09-20","không có đáp án đúng, dùng để đo tỉ lệ trả về rỗng"
cauhoi-0341,lá The Devil trong tarot nghĩa là gì,vi,nhu-cau-that,,,,"Nhật Nguyệt, bộ đánh giá ô tìm kiếm sinh ngày 2026-09-20","không có đáp án đúng, dùng để đo tỉ lệ trả về rỗng"
cauhoi-0342,lá The Emperor ngược nghĩa là gì,vi,nhu-cau-that,,,,"Nhật Nguyệt, bộ đánh giá ô tìm kiếm sinh ngày 2026-09-20","không có đáp án đúng, dùng để đo tỉ lệ trả về rỗng"
cauhoi-0343,lá The Emperor trong tarot nghĩa là gì,vi,nhu-cau-that,,,,"Nhật Nguyệt, bộ đánh giá ô tìm kiếm sinh ngày 2026-09-20","không có đáp án đúng, dùng để đo tỉ lệ trả về rỗng"
cauhoi-0344,lá The Empress ngược nghĩa là gì,vi,nhu-cau-that,,,,"Nhật Nguyệt, bộ đánh giá ô tìm kiếm sinh ngày 2026-09-20","không có đáp án đúng, dùng để đo tỉ lệ trả về rỗng"
cauhoi-0345,lá The Empress trong tarot nghĩa là gì,vi,nhu-cau-that,,,,"Nhật Nguyệt, bộ đánh giá ô tìm kiếm sinh ngày 2026-09-20","không có đáp án đúng, dùng để đo tỉ lệ trả về rỗng"
cauhoi-0346,lá The Fool ngược nghĩa là gì,vi,nhu-cau-that,,,,"Nhật Nguyệt, bộ đánh giá ô tìm kiếm sinh ngày 2026-09-20","không có đáp án đúng, dùng để đo tỉ lệ trả về rỗng"
cauhoi-0347,lá The Fool trong tarot nghĩa là gì,vi,nhu-cau-that,,,,"Nhật Nguyệt, bộ đánh giá ô tìm kiếm sinh ngày 2026-09-20","không có đáp án đúng, dùng để đo tỉ lệ trả về rỗng"
cauhoi-0348,lá The Hanged Man ngược nghĩa là gì,vi,nhu-cau-that,,,,"Nhật Nguyệt, bộ đánh giá ô tìm kiếm sinh ngày 2026-09-20","không có đáp án đúng, dùng để đo tỉ lệ trả về rỗng"
cauhoi-0349,lá The Hanged Man trong tarot nghĩa là gì,vi,nhu-cau-that,,,,"Nhật Nguyệt, bộ đánh giá ô tìm kiếm sinh ngày 2026-09-20","không có đáp án đúng, dùng để đo tỉ lệ trả về rỗng"
cauhoi-0350,lá The Hermit ngược nghĩa là gì,vi,nhu-cau-that,,,,"Nhật Nguyệt, bộ đánh giá ô tìm kiếm sinh ngày 2026-09-20","không có đáp án đúng, dùng để đo tỉ lệ trả về rỗng"
cauhoi-0351,lá The Hermit trong tarot nghĩa là gì,vi,nhu-cau-that,,,,"Nhật Nguyệt, bộ đánh giá ô tìm kiếm sinh ngày 2026-09-20","không có đáp án đúng, dùng để đo tỉ lệ trả về rỗng"
cauhoi-0352,lá The Hierophant ngược nghĩa là gì,vi,nhu-cau-that,,,,"Nhật Nguyệt, bộ đánh giá ô tìm kiếm sinh ngày 2026-09-20","không có đáp án đúng, dùng để đo tỉ lệ trả về rỗng"
cauhoi-0353,lá The Hierophant trong tarot nghĩa là gì,vi,nhu-cau-that,,,,"Nhật Nguyệt, bộ đánh giá ô tìm kiếm sinh ngày 2026-09-20","không có đáp án đúng, dùng để đo tỉ lệ trả về rỗng"
cauhoi-0354,lá The High Priestess ngược nghĩa là gì,vi,nhu-cau-that,,,,"Nhật Nguyệt, bộ đánh giá ô tìm kiếm sinh ngày 2026-09-20","không có đáp án đúng, dùng để đo tỉ lệ trả về rỗng"
cauhoi-0355,lá The High Priestess trong tarot nghĩa là gì,vi,nhu-cau-that,,,,"Nhật Nguyệt, bộ đánh giá ô tìm kiếm sinh ngày 2026-09-20","không có đáp án đúng, dùng để đo tỉ lệ trả về rỗng"
cauhoi-0356,lá The Lovers ngược nghĩa là gì,vi,nhu-cau-that,,,,"Nhật Nguyệt, bộ đánh giá ô tìm kiếm sinh ngày 2026-09-20","không có đáp án đúng, dùng để đo tỉ lệ trả về rỗng"
cauhoi-0357,lá The Lovers trong tarot nghĩa là gì,vi,nhu-cau-that,,,,"Nhật Nguyệt, bộ đánh giá ô tìm kiếm sinh ngày 2026-09-20","không có đáp án đúng, dùng để đo tỉ lệ trả về rỗng"
cauhoi-0358,lá The Magician ngược nghĩa là gì,vi,nhu-cau-that,,,,"Nhật Nguyệt, bộ đánh giá ô tìm kiếm sinh ngày 2026-09-20","không có đáp án đúng, dùng để đo tỉ lệ trả về rỗng"
cauhoi-0359,lá The Magician trong tarot nghĩa là gì,vi,nhu-cau-that,,,,"Nhật Nguyệt, bộ đánh giá ô tìm kiếm sinh ngày 2026-09-20","không có đáp án đúng, dùng để đo tỉ lệ trả về rỗng"
cauhoi-0360,lá The Moon ngược nghĩa là gì,vi,nhu-cau-that,,,,"Nhật Nguyệt, bộ đánh giá ô tìm kiếm sinh ngày 2026-09-20","không có đáp án đúng, dùng để đo tỉ lệ trả về rỗng"
cauhoi-0361,lá The Moon trong tarot nghĩa là gì,vi,nhu-cau-that,,,,"Nhật Nguyệt, bộ đánh giá ô tìm kiếm sinh ngày 2026-09-20","không có đáp án đúng, dùng để đo tỉ lệ trả về rỗng"
cauhoi-0362,lá The Star ngược nghĩa là gì,vi,nhu-cau-that,,,,"Nhật Nguyệt, bộ đánh giá ô tìm kiếm sinh ngày 2026-09-20","không có đáp án đúng, dùng để đo tỉ lệ trả về rỗng"
cauhoi-0363,lá The Star trong tarot nghĩa là gì,vi,nhu-cau-that,,,,"Nhật Nguyệt, bộ đánh giá ô tìm kiếm sinh ngày 2026-09-20","không có đáp án đúng, dùng để đo tỉ lệ trả về rỗng"
cauhoi-0364,lá The Sun ngược nghĩa là gì,vi,nhu-cau-that,,,,"Nhật Nguyệt, bộ đánh giá ô tìm kiếm sinh ngày 2026-09-20","không có đáp án đúng, dùng để đo tỉ lệ trả về rỗng"
cauhoi-0365,lá The Sun trong tarot nghĩa là gì,vi,nhu-cau-that,,,,"Nhật Nguyệt, bộ đánh giá ô tìm kiếm sinh ngày 2026-09-20","không có đáp án đúng, dùng để đo tỉ lệ trả về rỗng"
cauhoi-0366,lá The Tower ngược nghĩa là gì,vi,nhu-cau-that,,,,"Nhật Nguyệt, bộ đánh giá ô tìm kiếm sinh ngày 2026-09-20","không có đáp án đúng, dùng để đo tỉ lệ trả về rỗng"
cauhoi-0367,lá The Tower trong tarot nghĩa là gì,vi,nhu-cau-that,,,,"Nhật Nguyệt, bộ đánh giá ô tìm kiếm sinh ngày 2026-09-20","không có đáp án đúng, dùng để đo tỉ lệ trả về rỗng"
cauhoi-0368,lá The World ngược nghĩa là gì,vi,nhu-cau-that,,,,"Nhật Nguyệt, bộ đánh giá ô tìm kiếm sinh ngày 2026-09-20","không có đáp án đúng, dùng để đo tỉ lệ trả về rỗng"
cauhoi-0369,lá The World trong tarot nghĩa là gì,vi,nhu-cau-that,,,,"Nhật Nguyệt, bộ đánh giá ô tìm kiếm sinh ngày 2026-09-20","không có đáp án đúng, dùng để đo tỉ lệ trả về rỗng"
cauhoi-0370,lá Wheel of Fortune ngược nghĩa là gì,vi,nhu-cau-that,,,,"Nhật Nguyệt, bộ đánh giá ô tìm kiếm sinh ngày 2026-09-20","không có đáp án đúng, dùng để đo tỉ lệ trả về rỗng"
cauhoi-0371,lá Wheel of Fortune trong tarot nghĩa là gì,vi,nhu-cau-that,,,,"Nhật Nguyệt, bộ đánh giá ô tìm kiếm sinh ngày 2026-09-20","không có đáp án đúng, dùng để đo tỉ lệ trả về rỗng"
cauhoi-0372,lễ Vu Lan báo hiếu vào ngày nào,vi,nhu-cau-that,,,,"Nhật Nguyệt, bộ đánh giá ô tìm kiếm sinh ngày 2026-09-20","không có đáp án đúng, dùng để đo tỉ lệ trả về rỗng"
cauhoi-0373,mâm cúng rằm tháng 7 gồm những gì,vi,nhu-cau-that,,,,"Nhật Nguyệt, bộ đánh giá ô tìm kiếm sinh ngày 2026-09-20","không có đáp án đúng, dùng để đo tỉ lệ trả về rỗng"
cauhoi-0374,ngày Nguyệt Kỵ kiêng làm gì,vi,nhu-cau-that,,,,"Nhật Nguyệt, bộ đánh giá ô tìm kiếm sinh ngày 2026-09-20","không có đáp án đúng, dùng để đo tỉ lệ trả về rỗng"
cauhoi-0375,ngày Sát Chủ là gì,vi,nhu-cau-that,,,,"Nhật Nguyệt, bộ đánh giá ô tìm kiếm sinh ngày 2026-09-20","không có đáp án đúng, dùng để đo tỉ lệ trả về rỗng"
cauhoi-0376,ngày Tam Nương là ngày nào,vi,nhu-cau-that,,,,"Nhật Nguyệt, bộ đánh giá ô tìm kiếm sinh ngày 2026-09-20","không có đáp án đúng, dùng để đo tỉ lệ trả về rỗng"
cauhoi-0377,ngày hoàng đạo và hắc đạo khác nhau thế nào,vi,nhu-cau-that,,,,"Nhật Nguyệt, bộ đánh giá ô tìm kiếm sinh ngày 2026-09-20","không có đáp án đúng, dùng để đo tỉ lệ trả về rỗng"
cauhoi-0378,ngũ hành tương sinh tương khắc là gì,vi,nhu-cau-that,,,,"Nhật Nguyệt, bộ đánh giá ô tìm kiếm sinh ngày 2026-09-20","không có đáp án đúng, dùng để đo tỉ lệ trả về rỗng"
cauhoi-0379,người tuổi chuột tính cách thế nào,vi,nhu-cau-that,,,,"Nhật Nguyệt, bộ đánh giá ô tìm kiếm sinh ngày 2026-09-20","không có đáp án đúng, dùng để đo tỉ lệ trả về rỗng"
cauhoi-0380,người tuổi chó tính cách thế nào,vi,nhu-cau-that,,,,"Nhật Nguyệt, bộ đánh giá ô tìm kiếm sinh ngày 2026-09-20","không có đáp án đúng, dùng để đo tỉ lệ trả về rỗng"
cauhoi-0381,người tuổi dê tính cách thế nào,vi,nhu-cau-that,,,,"Nhật Nguyệt, bộ đánh giá ô tìm kiếm sinh ngày 2026-09-20","không có đáp án đúng, dùng để đo tỉ lệ trả về rỗng"
cauhoi-0382,người tuổi gà tính cách thế nào,vi,nhu-cau-that,,,,"Nhật Nguyệt, bộ đánh giá ô tìm kiếm sinh ngày 2026-09-20","không có đáp án đúng, dùng để đo tỉ lệ trả về rỗng"
cauhoi-0383,người tuổi hổ tính cách thế nào,vi,nhu-cau-that,,,,"Nhật Nguyệt, bộ đánh giá ô tìm kiếm sinh ngày 2026-09-20","không có đáp án đúng, dùng để đo tỉ lệ trả về rỗng"
cauhoi-0384,người tuổi khỉ tính cách thế nào,vi,nhu-cau-that,,,,"Nhật Nguyệt, bộ đánh giá ô tìm kiếm sinh ngày 2026-09-20","không có đáp án đúng, dùng để đo tỉ lệ trả về rỗng"
cauhoi-0385,người tuổi lợn tính cách thế nào,vi,nhu-cau-that,,,,"Nhật Nguyệt, bộ đánh giá ô tìm kiếm sinh ngày 2026-09-20","không có đáp án đúng, dùng để đo tỉ lệ trả về rỗng"
cauhoi-0386,người tuổi mèo tính cách thế nào,vi,nhu-cau-that,,,,"Nhật Nguyệt, bộ đánh giá ô tìm kiếm sinh ngày 2026-09-20","không có đáp án đúng, dùng để đo tỉ lệ trả về rỗng"
cauhoi-0387,người tuổi ngựa tính cách thế nào,vi,nhu-cau-that,,,,"Nhật Nguyệt, bộ đánh giá ô tìm kiếm sinh ngày 2026-09-20","không có đáp án đúng, dùng để đo tỉ lệ trả về rỗng"
cauhoi-0388,người tuổi rắn tính cách thế nào,vi,nhu-cau-that,,,,"Nhật Nguyệt, bộ đánh giá ô tìm kiếm sinh ngày 2026-09-20","không có đáp án đúng, dùng để đo tỉ lệ trả về rỗng"
cauhoi-0389,người tuổi rồng tính cách thế nào,vi,nhu-cau-that,,,,"Nhật Nguyệt, bộ đánh giá ô tìm kiếm sinh ngày 2026-09-20","không có đáp án đúng, dùng để đo tỉ lệ trả về rỗng"
cauhoi-0390,người tuổi trâu tính cách thế nào,vi,nhu-cau-that,,,,"Nhật Nguyệt, bộ đánh giá ô tìm kiếm sinh ngày 2026-09-20","không có đáp án đúng, dùng để đo tỉ lệ trả về rỗng"
cauhoi-0391,nạp âm 60 hoa giáp tra thế nào,vi,nhu-cau-that,,,,"Nhật Nguyệt, bộ đánh giá ô tìm kiếm sinh ngày 2026-09-20","không có đáp án đúng, dùng để đo tỉ lệ trả về rỗng"
cauhoi-0392,nốt ruồi ở cằm nói lên điều gì,vi,nhu-cau-that,,,,"Nhật Nguyệt, bộ đánh giá ô tìm kiếm sinh ngày 2026-09-20","không có đáp án đúng, dùng để đo tỉ lệ trả về rỗng"
cauhoi-0393,nốt ruồi ở cổ nói lên điều gì,vi,nhu-cau-that,,,,"Nhật Nguyệt, bộ đánh giá ô tìm kiếm sinh ngày 2026-09-20","không có đáp án đúng, dùng để đo tỉ lệ trả về rỗng"
cauhoi-0394,nốt ruồi ở gò má nói lên điều gì,vi,nhu-cau-that,,,,"Nhật Nguyệt, bộ đánh giá ô tìm kiếm sinh ngày 2026-09-20","không có đáp án đúng, dùng để đo tỉ lệ trả về rỗng"
cauhoi-0395,nốt ruồi ở khóe mắt nói lên điều gì,vi,nhu-cau-that,,,,"Nhật Nguyệt, bộ đánh giá ô tìm kiếm sinh ngày 2026-09-20","không có đáp án đúng, dùng để đo tỉ lệ trả về rỗng"
cauhoi-0396,nốt ruồi ở lòng bàn tay nói lên điều gì,vi,nhu-cau-that,,,,"Nhật Nguyệt, bộ đánh giá ô tìm kiếm sinh ngày 2026-09-20","không có đáp án đúng, dùng để đo tỉ lệ trả về rỗng"
cauhoi-0397,nốt ruồi ở sống mũi nói lên điều gì,vi,nhu-cau-that,,,,"Nhật Nguyệt, bộ đánh giá ô tìm kiếm sinh ngày 2026-09-20","không có đáp án đúng, dùng để đo tỉ lệ trả về rỗng"
cauhoi-0398,nốt ruồi ở trán nói lên điều gì,vi,nhu-cau-that,,,,"Nhật Nguyệt, bộ đánh giá ô tìm kiếm sinh ngày 2026-09-20","không có đáp án đúng, dùng để đo tỉ lệ trả về rỗng"
cauhoi-0399,nốt ruồi ở vai nói lên điều gì,vi,nhu-cau-that,,,,"Nhật Nguyệt, bộ đánh giá ô tìm kiếm sinh ngày 2026-09-20","không có đáp án đúng, dùng để đo tỉ lệ trả về rỗng"
cauhoi-0400,quẻ Chấn nghĩa là gì,vi,nhu-cau-that,,,,"Nhật Nguyệt, bộ đánh giá ô tìm kiếm sinh ngày 2026-09-20","không có đáp án đúng, dùng để đo tỉ lệ trả về rỗng"
cauhoi-0401,quẻ Càn nghĩa là gì,vi,nhu-cau-that,,,,"Nhật Nguyệt, bộ đánh giá ô tìm kiếm sinh ngày 2026-09-20","không có đáp án đúng, dùng để đo tỉ lệ trả về rỗng"
cauhoi-0402,quẻ Cấn nghĩa là gì,vi,nhu-cau-that,,,,"Nhật Nguyệt, bộ đánh giá ô tìm kiếm sinh ngày 2026-09-20","không có đáp án đúng, dùng để đo tỉ lệ trả về rỗng"
cauhoi-0403,quẻ Khôn nghĩa là gì,vi,nhu-cau-that,,,,"Nhật Nguyệt, bộ đánh giá ô tìm kiếm sinh ngày 2026-09-20","không có đáp án đúng, dùng để đo tỉ lệ trả về rỗng"
cauhoi-0404,quẻ Khảm nghĩa là gì,vi,nhu-cau-that,,,,"Nhật Nguyệt, bộ đánh giá ô tìm kiếm sinh ngày 2026-09-20","không có đáp án đúng, dùng để đo tỉ lệ trả về rỗng"
cauhoi-0405,quẻ Ly nghĩa là gì,vi,nhu-cau-that,,,,"Nhật Nguyệt, bộ đánh giá ô tìm kiếm sinh ngày 2026-09-20","không có đáp án đúng, dùng để đo tỉ lệ trả về rỗng"
cauhoi-0406,quẻ Tốn nghĩa là gì,vi,nhu-cau-that,,,,"Nhật Nguyệt, bộ đánh giá ô tìm kiếm sinh ngày 2026-09-20","không có đáp án đúng, dùng để đo tỉ lệ trả về rỗng"
cauhoi-0407,quẻ Đoài nghĩa là gì,vi,nhu-cau-that,,,,"Nhật Nguyệt, bộ đánh giá ô tìm kiếm sinh ngày 2026-09-20","không có đáp án đúng, dùng để đo tỉ lệ trả về rỗng"
cauhoi-0408,sao Thiên Đức Nguyệt Đức nghĩa là gì,vi,nhu-cau-that,,,,"Nhật Nguyệt, bộ đánh giá ô tìm kiếm sinh ngày 2026-09-20","không có đáp án đúng, dùng để đo tỉ lệ trả về rỗng"
cauhoi-0409,sinh năm 1960 là tuổi gì,vi,nhu-cau-that,,,,"Nhật Nguyệt, bộ đánh giá ô tìm kiếm sinh ngày 2026-09-20","không có đáp án đúng, dùng để đo tỉ lệ trả về rỗng"
cauhoi-0410,sinh năm 1960 mệnh gì hợp màu nào,vi,nhu-cau-that,,,,"Nhật Nguyệt, bộ đánh giá ô tìm kiếm sinh ngày 2026-09-20","không có đáp án đúng, dùng để đo tỉ lệ trả về rỗng"
cauhoi-0411,sinh năm 1966 là tuổi gì,vi,nhu-cau-that,,,,"Nhật Nguyệt, bộ đánh giá ô tìm kiếm sinh ngày 2026-09-20","không có đáp án đúng, dùng để đo tỉ lệ trả về rỗng"
cauhoi-0412,sinh năm 1966 mệnh gì hợp màu nào,vi,nhu-cau-that,,,,"Nhật Nguyệt, bộ đánh giá ô tìm kiếm sinh ngày 2026-09-20","không có đáp án đúng, dùng để đo tỉ lệ trả về rỗng"
cauhoi-0413,sinh năm 1972 là tuổi gì,vi,nhu-cau-that,,,,"Nhật Nguyệt, bộ đánh giá ô tìm kiếm sinh ngày 2026-09-20","không có đáp án đúng, dùng để đo tỉ lệ trả về rỗng"
cauhoi-0414,sinh năm 1972 mệnh gì hợp màu nào,vi,nhu-cau-that,,,,"Nhật Nguyệt, bộ đánh giá ô tìm kiếm sinh ngày 2026-09-20","không có đáp án đúng, dùng để đo tỉ lệ trả về rỗng"
cauhoi-0415,sinh năm 1978 là tuổi gì,vi,nhu-cau-that,,,,"Nhật Nguyệt, bộ đánh giá ô tìm kiếm sinh ngày 2026-09-20","không có đáp án đúng, dùng để đo tỉ lệ trả về rỗng"
cauhoi-0416,sinh năm 1978 mệnh gì hợp màu nào,vi,nhu-cau-that,,,,"Nhật Nguyệt, bộ đánh giá ô tìm kiếm sinh ngày 2026-09-20","không có đáp án đúng, dùng để đo tỉ lệ trả về rỗng"
cauhoi-0417,sinh năm 1984 là tuổi gì,vi,nhu-cau-that,,,,"Nhật Nguyệt, bộ đánh giá ô tìm kiếm sinh ngày 2026-09-20","không có đáp án đúng, dùng để đo tỉ lệ trả về rỗng"
cauhoi-0418,sinh năm 1984 mệnh gì hợp màu nào,vi,nhu-cau-that,,,,"Nhật Nguyệt, bộ đánh giá ô tìm kiếm sinh ngày 2026-09-20","không có đáp án đúng, dùng để đo tỉ lệ trả về rỗng"
cauhoi-0419,sinh năm 1990 là tuổi gì,vi,nhu-cau-that,,,,"Nhật Nguyệt, bộ đánh giá ô tìm kiếm sinh ngày 2026-09-20","không có đáp án đúng, dùng để đo tỉ lệ trả về rỗng"
cauhoi-0420,sinh năm 1990 mệnh gì hợp màu nào,vi,nhu-cau-that,,,,"Nhật Nguyệt, bộ đánh giá ô tìm kiếm sinh ngày 2026-09-20","không có đáp án đúng, dùng để đo tỉ lệ trả về rỗng"
cauhoi-0421,sinh năm 1996 là tuổi gì,vi,nhu-cau-that,,,,"Nhật Nguyệt, bộ đánh giá ô tìm kiếm sinh ngày 2026-09-20","không có đáp án đúng, dùng để đo tỉ lệ trả về rỗng"
cauhoi-0422,sinh năm 1996 mệnh gì hợp màu nào,vi,nhu-cau-that,,,,"Nhật Nguyệt, bộ đánh giá ô tìm kiếm sinh ngày 2026-09-20","không có đáp án đúng, dùng để đo tỉ lệ trả về rỗng"
cauhoi-0423,sinh năm 2002 là tuổi gì,vi,nhu-cau-that,,,,"Nhật Nguyệt, bộ đánh giá ô tìm kiếm sinh ngày 2026-09-20","không có đáp án đúng, dùng để đo tỉ lệ trả về rỗng"
cauhoi-0424,sinh năm 2002 mệnh gì hợp màu nào,vi,nhu-cau-that,,,,"Nhật Nguyệt, bộ đánh giá ô tìm kiếm sinh ngày 2026-09-20","không có đáp án đúng, dùng để đo tỉ lệ trả về rỗng"
cauhoi-0425,sinh năm 2008 là tuổi gì,vi,nhu-cau-that,,,,"Nhật Nguyệt, bộ đánh giá ô tìm kiếm sinh ngày 2026-09-20","không có đáp án đúng, dùng để đo tỉ lệ trả về rỗng"
cauhoi-0426,sinh năm 2008 mệnh gì hợp màu nào,vi,nhu-cau-that,,,,"Nhật Nguyệt, bộ đánh giá ô tìm kiếm sinh ngày 2026-09-20","không có đáp án đúng, dùng để đo tỉ lệ trả về rỗng"
cauhoi-0427,sinh năm 2014 là tuổi gì,vi,nhu-cau-that,,,,"Nhật Nguyệt, bộ đánh giá ô tìm kiếm sinh ngày 2026-09-20","không có đáp án đúng, dùng để đo tỉ lệ trả về rỗng"
cauhoi-0428,sinh năm 2014 mệnh gì hợp màu nào,vi,nhu-cau-that,,,,"Nhật Nguyệt, bộ đánh giá ô tìm kiếm sinh ngày 2026-09-20","không có đáp án đúng, dùng để đo tỉ lệ trả về rỗng"
cauhoi-0429,sinh năm 2020 là tuổi gì,vi,nhu-cau-that,,,,"Nhật Nguyệt, bộ đánh giá ô tìm kiếm sinh ngày 2026-09-20","không có đáp án đúng, dùng để đo tỉ lệ trả về rỗng"
cauhoi-0430,sinh năm 2020 mệnh gì hợp màu nào,vi,nhu-cau-that,,,,"Nhật Nguyệt, bộ đánh giá ô tìm kiếm sinh ngày 2026-09-20","không có đáp án đúng, dùng để đo tỉ lệ trả về rỗng"
cauhoi-0431,sinh năm 2026 là tuổi gì,vi,nhu-cau-that,,,,"Nhật Nguyệt, bộ đánh giá ô tìm kiếm sinh ngày 2026-09-20","không có đáp án đúng, dùng để đo tỉ lệ trả về rỗng"
cauhoi-0432,sinh năm 2026 mệnh gì hợp màu nào,vi,nhu-cau-that,,,,"Nhật Nguyệt, bộ đánh giá ô tìm kiếm sinh ngày 2026-09-20","không có đáp án đúng, dùng để đo tỉ lệ trả về rỗng"
cauhoi-0433,số chủ đạo 1 nói lên điều gì,vi,nhu-cau-that,,,/tien-ich/than-so-hoc,"Nhật Nguyệt, bộ đánh giá ô tìm kiếm sinh ngày 2026-09-20",
cauhoi-0434,số chủ đạo 11 nói lên điều gì,vi,nhu-cau-that,,,/tien-ich/than-so-hoc,"Nhật Nguyệt, bộ đánh giá ô tìm kiếm sinh ngày 2026-09-20",
cauhoi-0435,số chủ đạo 2 nói lên điều gì,vi,nhu-cau-that,,,/tien-ich/than-so-hoc,"Nhật Nguyệt, bộ đánh giá ô tìm kiếm sinh ngày 2026-09-20",
cauhoi-0436,số chủ đạo 22 nói lên điều gì,vi,nhu-cau-that,,,/tien-ich/than-so-hoc,"Nhật Nguyệt, bộ đánh giá ô tìm kiếm sinh ngày 2026-09-20",
cauhoi-0437,số chủ đạo 3 nói lên điều gì,vi,nhu-cau-that,,,/tien-ich/than-so-hoc,"Nhật Nguyệt, bộ đánh giá ô tìm kiếm sinh ngày 2026-09-20",
cauhoi-0438,số chủ đạo 4 nói lên điều gì,vi,nhu-cau-that,,,/tien-ich/than-so-hoc,"Nhật Nguyệt, bộ đánh giá ô tìm kiếm sinh ngày 2026-09-20",
cauhoi-0439,số chủ đạo 5 nói lên điều gì,vi,nhu-cau-that,,,/tien-ich/than-so-hoc,"Nhật Nguyệt, bộ đánh giá ô tìm kiếm sinh ngày 2026-09-20",
cauhoi-0440,số chủ đạo 6 nói lên điều gì,vi,nhu-cau-that,,,/tien-ich/than-so-hoc,"Nhật Nguyệt, bộ đánh giá ô tìm kiếm sinh ngày 2026-09-20",
cauhoi-0441,số chủ đạo 7 nói lên điều gì,vi,nhu-cau-that,,,/tien-ich/than-so-hoc,"Nhật Nguyệt, bộ đánh giá ô tìm kiếm sinh ngày 2026-09-20",
cauhoi-0442,số chủ đạo 8 nói lên điều gì,vi,nhu-cau-that,,,/tien-ich/than-so-hoc,"Nhật Nguyệt, bộ đánh giá ô tìm kiếm sinh ngày 2026-09-20",
cauhoi-0443,số chủ đạo 9 nói lên điều gì,vi,nhu-cau-that,,,/tien-ich/than-so-hoc,"Nhật Nguyệt, bộ đánh giá ô tìm kiếm sinh ngày 2026-09-20",
cauhoi-0444,số đường đời 1 hợp nghề gì,vi,nhu-cau-that,,,,"Nhật Nguyệt, bộ đánh giá ô tìm kiếm sinh ngày 2026-09-20","không có đáp án đúng, dùng để đo tỉ lệ trả về rỗng"
cauhoi-0445,số đường đời 11 hợp nghề gì,vi,nhu-cau-that,,,,"Nhật Nguyệt, bộ đánh giá ô tìm kiếm sinh ngày 2026-09-20","không có đáp án đúng, dùng để đo tỉ lệ trả về rỗng"
cauhoi-0446,số đường đời 2 hợp nghề gì,vi,nhu-cau-that,,,,"Nhật Nguyệt, bộ đánh giá ô tìm kiếm sinh ngày 2026-09-20","không có đáp án đúng, dùng để đo tỉ lệ trả về rỗng"
cauhoi-0447,số đường đời 22 hợp nghề gì,vi,nhu-cau-that,,,,"Nhật Nguyệt, bộ đánh giá ô tìm kiếm sinh ngày 2026-09-20","không có đáp án đúng, dùng để đo tỉ lệ trả về rỗng"
cauhoi-0448,số đường đời 3 hợp nghề gì,vi,nhu-cau-that,,,,"Nhật Nguyệt, bộ đánh giá ô tìm kiếm sinh ngày 2026-09-20","không có đáp án đúng, dùng để đo tỉ lệ trả về rỗng"
cauhoi-0449,số đường đời 4 hợp nghề gì,vi,nhu-cau-that,,,,"Nhật Nguyệt, bộ đánh giá ô tìm kiếm sinh ngày 2026-09-20","không có đáp án đúng, dùng để đo tỉ lệ trả về rỗng"
cauhoi-0450,số đường đời 5 hợp nghề gì,vi,nhu-cau-that,,,,"Nhật Nguyệt, bộ đánh giá ô tìm kiếm sinh ngày 2026-09-20","không có đáp án đúng, dùng để đo tỉ lệ trả về rỗng"
cauhoi-0451,số đường đời 6 hợp nghề gì,vi,nhu-cau-that,,,,"Nhật Nguyệt, bộ đánh giá ô tìm kiếm sinh ngày 2026-09-20","không có đáp án đúng, dùng để đo tỉ lệ trả về rỗng"
cauhoi-0452,số đường đời 7 hợp nghề gì,vi,nhu-cau-that,,,,"Nhật Nguyệt, bộ đánh giá ô tìm kiếm sinh ngày 2026-09-20","không có đáp án đúng, dùng để đo tỉ lệ trả về rỗng"
cauhoi-0453,số đường đời 8 hợp nghề gì,vi,nhu-cau-that,,,,"Nhật Nguyệt, bộ đánh giá ô tìm kiếm sinh ngày 2026-09-20","không có đáp án đúng, dùng để đo tỉ lệ trả về rỗng"
cauhoi-0454,số đường đời 9 hợp nghề gì,vi,nhu-cau-that,,,,"Nhật Nguyệt, bộ đánh giá ô tìm kiếm sinh ngày 2026-09-20","không có đáp án đúng, dùng để đo tỉ lệ trả về rỗng"
cauhoi-0455,tháng cô hồn kiêng những gì,vi,nhu-cau-that,,,,"Nhật Nguyệt, bộ đánh giá ô tìm kiếm sinh ngày 2026-09-20","không có đáp án đúng, dùng để đo tỉ lệ trả về rỗng"
cauhoi-0456,thước lỗ ban đo cửa bao nhiêu là đẹp,vi,nhu-cau-that,,,/tien-ich/thuoc-lo-ban,"Nhật Nguyệt, bộ đánh giá ô tìm kiếm sinh ngày 2026-09-20",
cauhoi-0457,thần số học tính từ tên và ngày sinh thế nào,vi,nhu-cau-that,,,/tien-ich/than-so-hoc,"Nhật Nguyệt, bộ đánh giá ô tìm kiếm sinh ngày 2026-09-20",
cauhoi-0458,tuổi Dần hợp hướng nhà nào,vi,nhu-cau-that,,,/tien-ich/xem-nha-dat,"Nhật Nguyệt, bộ đánh giá ô tìm kiếm sinh ngày 2026-09-20",
cauhoi-0459,tuổi Dần làm nhà năm 2026 có tốt không,vi,nhu-cau-that,,,/tien-ich/xem-tuoi-lam-nha,"Nhật Nguyệt, bộ đánh giá ô tìm kiếm sinh ngày 2026-09-20",
cauhoi-0460,tuổi Dần năm 2026 có tam tai không,vi,nhu-cau-that,,,,"Nhật Nguyệt, bộ đánh giá ô tìm kiếm sinh ngày 2026-09-20","không có đáp án đúng, dùng để đo tỉ lệ trả về rỗng"
cauhoi-0461,tuổi Dần xông đất năm 2026 được không,vi,nhu-cau-that,,,,"Nhật Nguyệt, bộ đánh giá ô tìm kiếm sinh ngày 2026-09-20","không có đáp án đúng, dùng để đo tỉ lệ trả về rỗng"
cauhoi-0462,tuổi Dậu hợp hướng nhà nào,vi,nhu-cau-that,,,/tien-ich/xem-nha-dat,"Nhật Nguyệt, bộ đánh giá ô tìm kiếm sinh ngày 2026-09-20",
cauhoi-0463,tuổi Dậu làm nhà năm 2026 có tốt không,vi,nhu-cau-that,,,/tien-ich/xem-tuoi-lam-nha,"Nhật Nguyệt, bộ đánh giá ô tìm kiếm sinh ngày 2026-09-20",
cauhoi-0464,tuổi Dậu năm 2026 có tam tai không,vi,nhu-cau-that,,,,"Nhật Nguyệt, bộ đánh giá ô tìm kiếm sinh ngày 2026-09-20","không có đáp án đúng, dùng để đo tỉ lệ trả về rỗng"
cauhoi-0465,tuổi Dậu xông đất năm 2026 được không,vi,nhu-cau-that,,,,"Nhật Nguyệt, bộ đánh giá ô tìm kiếm sinh ngày 2026-09-20","không có đáp án đúng, dùng để đo tỉ lệ trả về rỗng"
cauhoi-0466,tuổi Hợi hợp hướng nhà nào,vi,nhu-cau-that,,,/tien-ich/xem-nha-dat,"Nhật Nguyệt, bộ đánh giá ô tìm kiếm sinh ngày 2026-09-20",
cauhoi-0467,tuổi Hợi làm nhà năm 2026 có tốt không,vi,nhu-cau-that,,,/tien-ich/xem-tuoi-lam-nha,"Nhật Nguyệt, bộ đánh giá ô tìm kiếm sinh ngày 2026-09-20",
cauhoi-0468,tuổi Hợi năm 2026 có tam tai không,vi,nhu-cau-that,,,,"Nhật Nguyệt, bộ đánh giá ô tìm kiếm sinh ngày 2026-09-20","không có đáp án đúng, dùng để đo tỉ lệ trả về rỗng"
cauhoi-0469,tuổi Hợi xông đất năm 2026 được không,vi,nhu-cau-that,,,,"Nhật Nguyệt, bộ đánh giá ô tìm kiếm sinh ngày 2026-09-20","không có đáp án đúng, dùng để đo tỉ lệ trả về rỗng"
cauhoi-0470,tuổi Mão hợp hướng nhà nào,vi,nhu-cau-that,,,/tien-ich/xem-nha-dat,"Nhật Nguyệt, bộ đánh giá ô tìm kiếm sinh ngày 2026-09-20",
cauhoi-0471,tuổi Mão làm nhà năm 2026 có tốt không,vi,nhu-cau-that,,,/tien-ich/xem-tuoi-lam-nha,"Nhật Nguyệt, bộ đánh giá ô tìm kiếm sinh ngày 2026-09-20",
cauhoi-0472,tuổi Mão năm 2026 có tam tai không,vi,nhu-cau-that,,,,"Nhật Nguyệt, bộ đánh giá ô tìm kiếm sinh ngày 2026-09-20","không có đáp án đúng, dùng để đo tỉ lệ trả về rỗng"
cauhoi-0473,tuổi Mão xông đất năm 2026 được không,vi,nhu-cau-that,,,,"Nhật Nguyệt, bộ đánh giá ô tìm kiếm sinh ngày 2026-09-20","không có đáp án đúng, dùng để đo tỉ lệ trả về rỗng"
cauhoi-0474,tuổi Mùi hợp hướng nhà nào,vi,nhu-cau-that,,,/tien-ich/xem-nha-dat,"Nhật Nguyệt, bộ đánh giá ô tìm kiếm sinh ngày 2026-09-20",
cauhoi-0475,tuổi Mùi làm nhà năm 2026 có tốt không,vi,nhu-cau-that,,,/tien-ich/xem-tuoi-lam-nha,"Nhật Nguyệt, bộ đánh giá ô tìm kiếm sinh ngày 2026-09-20",
cauhoi-0476,tuổi Mùi năm 2026 có tam tai không,vi,nhu-cau-that,,,,"Nhật Nguyệt, bộ đánh giá ô tìm kiếm sinh ngày 2026-09-20","không có đáp án đúng, dùng để đo tỉ lệ trả về rỗng"
cauhoi-0477,tuổi Mùi xông đất năm 2026 được không,vi,nhu-cau-that,,,,"Nhật Nguyệt, bộ đánh giá ô tìm kiếm sinh ngày 2026-09-20","không có đáp án đúng, dùng để đo tỉ lệ trả về rỗng"
cauhoi-0478,tuổi Ngọ hợp hướng nhà nào,vi,nhu-cau-that,,,/tien-ich/xem-nha-dat,"Nhật Nguyệt, bộ đánh giá ô tìm kiếm sinh ngày 2026-09-20",
cauhoi-0479,tuổi Ngọ làm nhà năm 2026 có tốt không,vi,nhu-cau-that,,,/tien-ich/xem-tuoi-lam-nha,"Nhật Nguyệt, bộ đánh giá ô tìm kiếm sinh ngày 2026-09-20",
cauhoi-0480,tuổi Ngọ năm 2026 có tam tai không,vi,nhu-cau-that,,,,"Nhật Nguyệt, bộ đánh giá ô tìm kiếm sinh ngày 2026-09-20","không có đáp án đúng, dùng để đo tỉ lệ trả về rỗng"
cauhoi-0481,tuổi Ngọ xông đất năm 2026 được không,vi,nhu-cau-that,,,,"Nhật Nguyệt, bộ đánh giá ô tìm kiếm sinh ngày 2026-09-20","không có đáp án đúng, dùng để đo tỉ lệ trả về rỗng"
cauhoi-0482,tuổi Sửu hợp hướng nhà nào,vi,nhu-cau-that,,,/tien-ich/xem-nha-dat,"Nhật Nguyệt, bộ đánh giá ô tìm kiếm sinh ngày 2026-09-20",
cauhoi-0483,tuổi Sửu làm nhà năm 2026 có tốt không,vi,nhu-cau-that,,,/tien-ich/xem-tuoi-lam-nha,"Nhật Nguyệt, bộ đánh giá ô tìm kiếm sinh ngày 2026-09-20",
cauhoi-0484,tuổi Sửu năm 2026 có tam tai không,vi,nhu-cau-that,,,,"Nhật Nguyệt, bộ đánh giá ô tìm kiếm sinh ngày 2026-09-20","không có đáp án đúng, dùng để đo tỉ lệ trả về rỗng"
cauhoi-0485,tuổi Sửu xông đất năm 2026 được không,vi,nhu-cau-that,,,,"Nhật Nguyệt, bộ đánh giá ô tìm kiếm sinh ngày 2026-09-20","không có đáp án đúng, dùng để đo tỉ lệ trả về rỗng"
cauhoi-0486,tuổi Thân hợp hướng nhà nào,vi,nhu-cau-that,,,/tien-ich/xem-nha-dat,"Nhật Nguyệt, bộ đánh giá ô tìm kiếm sinh ngày 2026-09-20",
cauhoi-0487,tuổi Thân làm nhà năm 2026 có tốt không,vi,nhu-cau-that,,,/tien-ich/xem-tuoi-lam-nha,"Nhật Nguyệt, bộ đánh giá ô tìm kiếm sinh ngày 2026-09-20",
cauhoi-0488,tuổi Thân năm 2026 có tam tai không,vi,nhu-cau-that,,,,"Nhật Nguyệt, bộ đánh giá ô tìm kiếm sinh ngày 2026-09-20","không có đáp án đúng, dùng để đo tỉ lệ trả về rỗng"
cauhoi-0489,tuổi Thân xông đất năm 2026 được không,vi,nhu-cau-that,,,,"Nhật Nguyệt, bộ đánh giá ô tìm kiếm sinh ngày 2026-09-20","không có đáp án đúng, dùng để đo tỉ lệ trả về rỗng"
cauhoi-0490,tuổi Thìn hợp hướng nhà nào,vi,nhu-cau-that,,,/tien-ich/xem-nha-dat,"Nhật Nguyệt, bộ đánh giá ô tìm kiếm sinh ngày 2026-09-20",
cauhoi-0491,tuổi Thìn làm nhà năm 2026 có tốt không,vi,nhu-cau-that,,,/tien-ich/xem-tuoi-lam-nha,"Nhật Nguyệt, bộ đánh giá ô tìm kiếm sinh ngày 2026-09-20",
cauhoi-0492,tuổi Thìn năm 2026 có tam tai không,vi,nhu-cau-that,,,,"Nhật Nguyệt, bộ đánh giá ô tìm kiếm sinh ngày 2026-09-20","không có đáp án đúng, dùng để đo tỉ lệ trả về rỗng"
cauhoi-0493,tuổi Thìn xông đất năm 2026 được không,vi,nhu-cau-that,,,,"Nhật Nguyệt, bộ đánh giá ô tìm kiếm sinh ngày 2026-09-20","không có đáp án đúng, dùng để đo tỉ lệ trả về rỗng"
cauhoi-0494,tuổi Tuất hợp hướng nhà nào,vi,nhu-cau-that,,,/tien-ich/xem-nha-dat,"Nhật Nguyệt, bộ đánh giá ô tìm kiếm sinh ngày 2026-09-20",
cauhoi-0495,tuổi Tuất làm nhà năm 2026 có tốt không,vi,nhu-cau-that,,,/tien-ich/xem-tuoi-lam-nha,"Nhật Nguyệt, bộ đánh giá ô tìm kiếm sinh ngày 2026-09-20",
cauhoi-0496,tuổi Tuất năm 2026 có tam tai không,vi,nhu-cau-that,,,,"Nhật Nguyệt, bộ đánh giá ô tìm kiếm sinh ngày 2026-09-20","không có đáp án đúng, dùng để đo tỉ lệ trả về rỗng"
cauhoi-0497,tuổi Tuất xông đất năm 2026 được không,vi,nhu-cau-that,,,,"Nhật Nguyệt, bộ đánh giá ô tìm kiếm sinh ngày 2026-09-20","không có đáp án đúng, dùng để đo tỉ lệ trả về rỗng"
cauhoi-0498,tuổi Tý hợp hướng nhà nào,vi,nhu-cau-that,,,/tien-ich/xem-nha-dat,"Nhật Nguyệt, bộ đánh giá ô tìm kiếm sinh ngày 2026-09-20",
cauhoi-0499,tuổi Tý làm nhà năm 2026 có tốt không,vi,nhu-cau-that,,,/tien-ich/xem-tuoi-lam-nha,"Nhật Nguyệt, bộ đánh giá ô tìm kiếm sinh ngày 2026-09-20",
cauhoi-0500,tuổi Tý năm 2026 có tam tai không,vi,nhu-cau-that,,,,"Nhật Nguyệt, bộ đánh giá ô tìm kiếm sinh ngày 2026-09-20","không có đáp án đúng, dùng để đo tỉ lệ trả về rỗng"
cauhoi-0501,tuổi Tý xông đất năm 2026 được không,vi,nhu-cau-that,,,,"Nhật Nguyệt, bộ đánh giá ô tìm kiếm sinh ngày 2026-09-20","không có đáp án đúng, dùng để đo tỉ lệ trả về rỗng"
cauhoi-0502,tuổi Tỵ hợp hướng nhà nào,vi,nhu-cau-that,,,/tien-ich/xem-nha-dat,"Nhật Nguyệt, bộ đánh giá ô tìm kiếm sinh ngày 2026-09-20",
cauhoi-0503,tuổi Tỵ làm nhà năm 2026 có tốt không,vi,nhu-cau-that,,,/tien-ich/xem-tuoi-lam-nha,"Nhật Nguyệt, bộ đánh giá ô tìm kiếm sinh ngày 2026-09-20",
cauhoi-0504,tuổi Tỵ năm 2026 có tam tai không,vi,nhu-cau-that,,,,"Nhật Nguyệt, bộ đánh giá ô tìm kiếm sinh ngày 2026-09-20","không có đáp án đúng, dùng để đo tỉ lệ trả về rỗng"
cauhoi-0505,tuổi Tỵ xông đất năm 2026 được không,vi,nhu-cau-that,,,,"Nhật Nguyệt, bộ đánh giá ô tìm kiếm sinh ngày 2026-09-20","không có đáp án đúng, dùng để đo tỉ lệ trả về rỗng"
cauhoi-0506,tuổi chuột hợp màu gì,vi,nhu-cau-that,,,,"Nhật Nguyệt, bộ đánh giá ô tìm kiếm sinh ngày 2026-09-20","không có đáp án đúng, dùng để đo tỉ lệ trả về rỗng"
cauhoi-0507,tuổi chuột và tuổi mèo có hợp nhau không,vi,nhu-cau-that,,,,"Nhật Nguyệt, bộ đánh giá ô tìm kiếm sinh ngày 2026-09-20","không có đáp án đúng, dùng để đo tỉ lệ trả về rỗng"
cauhoi-0508,tuổi chó hợp màu gì,vi,nhu-cau-that,,,,"Nhật Nguyệt, bộ đánh giá ô tìm kiếm sinh ngày 2026-09-20","không có đáp án đúng, dùng để đo tỉ lệ trả về rỗng"
cauhoi-0509,tuổi chó và tuổi rắn có hợp nhau không,vi,nhu-cau-that,,,,"Nhật Nguyệt, bộ đánh giá ô tìm kiếm sinh ngày 2026-09-20","không có đáp án đúng, dùng để đo tỉ lệ trả về rỗng"
cauhoi-0510,tuổi dê hợp màu gì,vi,nhu-cau-that,,,,"Nhật Nguyệt, bộ đánh giá ô tìm kiếm sinh ngày 2026-09-20","không có đáp án đúng, dùng để đo tỉ lệ trả về rỗng"
cauhoi-0511,tuổi dê và tuổi hổ có hợp nhau không,vi,nhu-cau-that,,,,"Nhật Nguyệt, bộ đánh giá ô tìm kiếm sinh ngày 2026-09-20","không có đáp án đúng, dùng để đo tỉ lệ trả về rỗng"
cauhoi-0512,tuổi gà hợp màu gì,vi,nhu-cau-that,,,,"Nhật Nguyệt, bộ đánh giá ô tìm kiếm sinh ngày 2026-09-20","không có đáp án đúng, dùng để đo tỉ lệ trả về rỗng"
cauhoi-0513,tuổi gà và tuổi chuột có hợp nhau không,vi,nhu-cau-that,,,,"Nhật Nguyệt, bộ đánh giá ô tìm kiếm sinh ngày 2026-09-20","không có đáp án đúng, dùng để đo tỉ lệ trả về rỗng"
cauhoi-0514,tuổi hổ hợp màu gì,vi,nhu-cau-that,,,,"Nhật Nguyệt, bộ đánh giá ô tìm kiếm sinh ngày 2026-09-20","không có đáp án đúng, dùng để đo tỉ lệ trả về rỗng"
cauhoi-0515,tuổi hổ và tuổi trâu có hợp nhau không,vi,nhu-cau-that,,,,"Nhật Nguyệt, bộ đánh giá ô tìm kiếm sinh ngày 2026-09-20","không có đáp án đúng, dùng để đo tỉ lệ trả về rỗng"
cauhoi-0516,tuổi khỉ hợp màu gì,vi,nhu-cau-that,,,,"Nhật Nguyệt, bộ đánh giá ô tìm kiếm sinh ngày 2026-09-20","không có đáp án đúng, dùng để đo tỉ lệ trả về rỗng"
cauhoi-0517,tuổi khỉ và tuổi dê có hợp nhau không,vi,nhu-cau-that,,,,"Nhật Nguyệt, bộ đánh giá ô tìm kiếm sinh ngày 2026-09-20","không có đáp án đúng, dùng để đo tỉ lệ trả về rỗng"
cauhoi-0518,tuổi lợn hợp màu gì,vi,nhu-cau-that,,,,"Nhật Nguyệt, bộ đánh giá ô tìm kiếm sinh ngày 2026-09-20","không có đáp án đúng, dùng để đo tỉ lệ trả về rỗng"
cauhoi-0519,tuổi lợn và tuổi chó có hợp nhau không,vi,nhu-cau-that,,,,"Nhật Nguyệt, bộ đánh giá ô tìm kiếm sinh ngày 2026-09-20","không có đáp án đúng, dùng để đo tỉ lệ trả về rỗng"
cauhoi-0520,tuổi mèo hợp màu gì,vi,nhu-cau-that,,,,"Nhật Nguyệt, bộ đánh giá ô tìm kiếm sinh ngày 2026-09-20","không có đáp án đúng, dùng để đo tỉ lệ trả về rỗng"
cauhoi-0521,tuổi mèo và tuổi ngựa có hợp nhau không,vi,nhu-cau-that,,,,"Nhật Nguyệt, bộ đánh giá ô tìm kiếm sinh ngày 2026-09-20","không có đáp án đúng, dùng để đo tỉ lệ trả về rỗng"
cauhoi-0522,tuổi ngựa hợp màu gì,vi,nhu-cau-that,,,,"Nhật Nguyệt, bộ đánh giá ô tìm kiếm sinh ngày 2026-09-20","không có đáp án đúng, dùng để đo tỉ lệ trả về rỗng"
cauhoi-0523,tuổi ngựa và tuổi gà có hợp nhau không,vi,nhu-cau-that,,,,"Nhật Nguyệt, bộ đánh giá ô tìm kiếm sinh ngày 2026-09-20","không có đáp án đúng, dùng để đo tỉ lệ trả về rỗng"
cauhoi-0524,tuổi rắn hợp màu gì,vi,nhu-cau-that,,,,"Nhật Nguyệt, bộ đánh giá ô tìm kiếm sinh ngày 2026-09-20","không có đáp án đúng, dùng để đo tỉ lệ trả về rỗng"
cauhoi-0525,tuổi rắn và tuổi rồng có hợp nhau không,vi,nhu-cau-that,,,,"Nhật Nguyệt, bộ đánh giá ô tìm kiếm sinh ngày 2026-09-20","không có đáp án đúng, dùng để đo tỉ lệ trả về rỗng"
cauhoi-0526,tuổi rồng hợp màu gì,vi,nhu-cau-that,,,,"Nhật Nguyệt, bộ đánh giá ô tìm kiếm sinh ngày 2026-09-20","không có đáp án đúng, dùng để đo tỉ lệ trả về rỗng"
cauhoi-0527,tuổi rồng và tuổi lợn có hợp nhau không,vi,nhu-cau-that,,,,"Nhật Nguyệt, bộ đánh giá ô tìm kiếm sinh ngày 2026-09-20","không có đáp án đúng, dùng để đo tỉ lệ trả về rỗng"
cauhoi-0528,tuổi trâu hợp màu gì,vi,nhu-cau-that,,,,"Nhật Nguyệt, bộ đánh giá ô tìm kiếm sinh ngày 2026-09-20","không có đáp án đúng, dùng để đo tỉ lệ trả về rỗng"
cauhoi-0529,tuổi trâu và tuổi khỉ có hợp nhau không,vi,nhu-cau-that,,,,"Nhật Nguyệt, bộ đánh giá ô tìm kiếm sinh ngày 2026-09-20","không có đáp án đúng, dùng để đo tỉ lệ trả về rỗng"
cauhoi-0530,tết Đoan Ngọ mùng 5 tháng 5 cúng gì,vi,nhu-cau-that,,,,"Nhật Nguyệt, bộ đánh giá ô tìm kiếm sinh ngày 2026-09-20","không có đáp án đúng, dùng để đo tỉ lệ trả về rỗng"
cauhoi-0531,vì sao Việt Nam có năm con Mèo thay con Thỏ,vi,nhu-cau-that,,,,"Nhật Nguyệt, bộ đánh giá ô tìm kiếm sinh ngày 2026-09-20","không có đáp án đúng, dùng để đo tỉ lệ trả về rỗng"
cauhoi-0532,văn khấn giao thừa ngoài trời,vi,nhu-cau-that,,,,"Nhật Nguyệt, bộ đánh giá ô tìm kiếm sinh ngày 2026-09-20","không có đáp án đúng, dùng để đo tỉ lệ trả về rỗng"
cauhoi-0533,xem chỉ tay đường tình duyên thế nào,vi,nhu-cau-that,,,/tien-ich/xem-chi-tay,"Nhật Nguyệt, bộ đánh giá ô tìm kiếm sinh ngày 2026-09-20",
cauhoi-0534,xem tử vi trọn đời cần những thông tin gì,vi,nhu-cau-that,,,,"Nhật Nguyệt, bộ đánh giá ô tìm kiếm sinh ngày 2026-09-20","không có đáp án đúng, dùng để đo tỉ lệ trả về rỗng"
cauhoi-0535,đi xem bói nên hỏi gì,vi,nhu-cau-that,,,,"Nhật Nguyệt, bộ đánh giá ô tìm kiếm sinh ngày 2026-09-20","không có đáp án đúng, dùng để đo tỉ lệ trả về rỗng"
cauhoi-0536,14 chính tinh và Tứ Hóa,vi,tien-ich,,,/tien-ich/tu-vi,"Nhật Nguyệt, bộ đánh giá ô tìm kiếm sinh ngày 2026-09-20",
cauhoi-0537,48 đường bay cho thấy cung nào kéo cung nào,vi,tien-ich,,,/tien-ich/tu-vi-mach-noi,"Nhật Nguyệt, bộ đánh giá ô tìm kiếm sinh ngày 2026-09-20",
cauhoi-0538,Báo cáo riêng cho năm 2026,vi,tien-ich,,,/tien-ich/mo-khoa-van-han-2026,"Nhật Nguyệt, bộ đánh giá ô tìm kiếm sinh ngày 2026-09-20",
cauhoi-0539,Bói bài Tarot,vi,tien-ich,,,/tien-ich/tarot,"Nhật Nguyệt, bộ đánh giá ô tìm kiếm sinh ngày 2026-09-20",
cauhoi-0540,Bạn giống ai nhất?,vi,tien-ich,,,/tien-ich/ban-giong-ai,"Nhật Nguyệt, bộ đánh giá ô tìm kiếm sinh ngày 2026-09-20",
cauhoi-0541,Bạn mang năng lượng gì,vi,tien-ich,,,/tien-ich/nang-luong-cua-ban,"Nhật Nguyệt, bộ đánh giá ô tìm kiếm sinh ngày 2026-09-20",
cauhoi-0542,Chỉ cần năm sinh,vi,tien-ich,,,/tien-ich/xem-tuoi-lam-nha,"Nhật Nguyệt, bộ đánh giá ô tìm kiếm sinh ngày 2026-09-20",
cauhoi-0543,Chỉ cần năm sinh gia chủ,vi,tien-ich,,,/tien-ich/xem-tuoi-xong-dat,"Nhật Nguyệt, bộ đánh giá ô tìm kiếm sinh ngày 2026-09-20",
cauhoi-0544,Chọn 1 việc cần làm,vi,tien-ich,,,/tien-ich/xem-ngay-theo-viec,"Nhật Nguyệt, bộ đánh giá ô tìm kiếm sinh ngày 2026-09-20",
cauhoi-0545,Chọn đúng chuyện bạn đang mang,vi,tien-ich,,,/tien-ich/tarot-theo-van-de,"Nhật Nguyệt, bộ đánh giá ô tìm kiếm sinh ngày 2026-09-20",
cauhoi-0546,Chụp lòng bàn tay và máy tự nhận ba đường chính,vi,tien-ich,,,/tien-ich/xem-chi-tay,"Nhật Nguyệt, bộ đánh giá ô tìm kiếm sinh ngày 2026-09-20",
cauhoi-0547,Chụp một tấm ảnh và máy tự nhận các đặc điểm,vi,tien-ich,,,/tien-ich/xem-tuong-mat,"Nhật Nguyệt, bộ đánh giá ô tìm kiếm sinh ngày 2026-09-20",
cauhoi-0548,Gieo ba đồng tiền sáu lần,vi,tien-ich,,,/tien-ich/gieo-que-hoi-viec,"Nhật Nguyệt, bộ đánh giá ô tìm kiếm sinh ngày 2026-09-20",
cauhoi-0549,Gieo quẻ Kinh Dịch,vi,tien-ich,,,/tien-ich/gieo-que,"Nhật Nguyệt, bộ đánh giá ô tìm kiếm sinh ngày 2026-09-20",
cauhoi-0550,Gieo quẻ hỏi việc,vi,tien-ich,,,/tien-ich/gieo-que-hoi-viec,"Nhật Nguyệt, bộ đánh giá ô tìm kiếm sinh ngày 2026-09-20",
cauhoi-0551,Hiện đủ từng bước tính,vi,tien-ich,,,/tien-ich/nang-luong-cua-ban,"Nhật Nguyệt, bộ đánh giá ô tìm kiếm sinh ngày 2026-09-20",
cauhoi-0552,Hôm nay có gì đặc biệt,vi,tien-ich,,,/tien-ich/than-so-hoc-ngay,"Nhật Nguyệt, bộ đánh giá ô tìm kiếm sinh ngày 2026-09-20",
cauhoi-0553,Hôm nay tôi thế nào,vi,tien-ich,,,/tien-ich/hom-nay-the-nao,"Nhật Nguyệt, bộ đánh giá ô tìm kiếm sinh ngày 2026-09-20",
cauhoi-0554,Lá số Tử Vi,vi,tien-ich,,,/tien-ich/tu-vi,"Nhật Nguyệt, bộ đánh giá ô tìm kiếm sinh ngày 2026-09-20",
cauhoi-0555,Lập Tứ Trụ cho bé với trụ tháng theo tiết khí và trụ năm đổi tại Lập Xuân,vi,tien-ich,,,/tien-ich/dat-ten-con,"Nhật Nguyệt, bộ đánh giá ô tìm kiếm sinh ngày 2026-09-20",
cauhoi-0556,Lập lá số Tử Vi Đẩu Số online miễn phí,vi,tien-ich,,,/tien-ich/tu-vi,"Nhật Nguyệt, bộ đánh giá ô tìm kiếm sinh ngày 2026-09-20",
cauhoi-0557,Lịch lễ hội Việt Nam,vi,tien-ich,,,/tien-ich/lich-le-hoi,"Nhật Nguyệt, bộ đánh giá ô tìm kiếm sinh ngày 2026-09-20",
cauhoi-0558,Mỗi cung trên lá số có Can riêng nên hóa ra bốn sao của nó,vi,tien-ich,,,/tien-ich/tu-vi-mach-noi,"Nhật Nguyệt, bộ đánh giá ô tìm kiếm sinh ngày 2026-09-20",
cauhoi-0559,Mỗi câu một lá bài trả lời thẳng vào câu đó,vi,tien-ich,,,/tien-ich/tarot-theo-van-de,"Nhật Nguyệt, bộ đánh giá ô tìm kiếm sinh ngày 2026-09-20",
cauhoi-0560,Mỗi quẻ còn hiện vị của sáu hào,vi,tien-ich,,,/tien-ich/kinh-dich,"Nhật Nguyệt, bộ đánh giá ô tìm kiếm sinh ngày 2026-09-20",
cauhoi-0561,Mỗi trục nói riêng vì chúng thường không cùng chiều,vi,tien-ich,,,/tien-ich/xem-tuoi-hop,"Nhật Nguyệt, bộ đánh giá ô tìm kiếm sinh ngày 2026-09-20",
cauhoi-0562,Mở Khoá Vận Hạn 2026,vi,tien-ich,,,/tien-ich/mo-khoa-van-han-2026,"Nhật Nguyệt, bộ đánh giá ô tìm kiếm sinh ngày 2026-09-20",
cauhoi-0563,Nhập họ tên và ngày sinh để so sánh hồ sơ thần số học của bạn với các doanh nhân nổi tiếng Việt Nam,vi,tien-ich,,,/tien-ich/ban-giong-ai,"Nhật Nguyệt, bộ đánh giá ô tìm kiếm sinh ngày 2026-09-20",
cauhoi-0564,Rút bài Tarot online miễn phí với bộ 78 lá đầy đủ,vi,tien-ich,,,/tien-ich/tarot,"Nhật Nguyệt, bộ đánh giá ô tìm kiếm sinh ngày 2026-09-20",
cauhoi-0565,Rơi vào cung xấu thì chỉ ra ngay kích thước đẹp gần nhất,vi,tien-ich,,,/tien-ich/thuoc-lo-ban,"Nhật Nguyệt, bộ đánh giá ô tìm kiếm sinh ngày 2026-09-20",
cauhoi-0566,Sao chiếu mệnh & Tam Tai,vi,tien-ich,,,/tien-ich/sao-chieu-menh,"Nhật Nguyệt, bộ đánh giá ô tìm kiếm sinh ngày 2026-09-20",
cauhoi-0567,Tam Tai theo tuổi mụ,vi,tien-ich,,,/tien-ich/xem-tuoi-lam-nha,"Nhật Nguyệt, bộ đánh giá ô tìm kiếm sinh ngày 2026-09-20",
cauhoi-0568,Tarot GenZ,vi,tien-ich,,,/tien-ich/tarot-theo-van-de,"Nhật Nguyệt, bộ đánh giá ô tìm kiếm sinh ngày 2026-09-20",
cauhoi-0569,Thước Lỗ Ban,vi,tien-ich,,,/tien-ich/thuoc-lo-ban,"Nhật Nguyệt, bộ đánh giá ô tìm kiếm sinh ngày 2026-09-20",
cauhoi-0570,Thần số học,vi,tien-ich,,,/tien-ich/than-so-hoc,"Nhật Nguyệt, bộ đánh giá ô tìm kiếm sinh ngày 2026-09-20",
cauhoi-0571,Tra ba hạn Kim Lâu,vi,tien-ich,,,/tien-ich/xem-tuoi-lam-nha,"Nhật Nguyệt, bộ đánh giá ô tìm kiếm sinh ngày 2026-09-20",
cauhoi-0572,Tra cứu 64 quẻ Kinh Dịch,vi,tien-ich,,,/tien-ich/kinh-dich,"Nhật Nguyệt, bộ đánh giá ô tìm kiếm sinh ngày 2026-09-20",
cauhoi-0573,Tra kích thước cửa,vi,tien-ich,,,/tien-ich/thuoc-lo-ban,"Nhật Nguyệt, bộ đánh giá ô tìm kiếm sinh ngày 2026-09-20",
cauhoi-0574,Trang KHÔNG kết luận hai người hợp hay không hợp và không chấm phần trăm hợp đôi,vi,tien-ich,,,/tien-ich/xem-ngay-cuoi,"Nhật Nguyệt, bộ đánh giá ô tìm kiếm sinh ngày 2026-09-20",
cauhoi-0575,Trang không hỏi bạn muốn hỏi gì và không lưu lịch sử,vi,tien-ich,,,/tien-ich/gieo-que,"Nhật Nguyệt, bộ đánh giá ô tìm kiếm sinh ngày 2026-09-20",
cauhoi-0576,Trả lời bằng ba lớp tách bạch,vi,tien-ich,,,/tien-ich/nang-luong-cua-ban,"Nhật Nguyệt, bộ đánh giá ô tìm kiếm sinh ngày 2026-09-20",
cauhoi-0577,Trực và thần trực nhật,vi,tien-ich,,,/tien-ich/hom-nay-the-nao,"Nhật Nguyệt, bộ đánh giá ô tìm kiếm sinh ngày 2026-09-20",
cauhoi-0578,Tách Số Ngày Vũ Trụ chung cho mọi người khỏi Số Ngày Cá Nhân của riêng bạn,vi,tien-ich,,,/tien-ich/than-so-hoc-ngay,"Nhật Nguyệt, bộ đánh giá ô tìm kiếm sinh ngày 2026-09-20",
cauhoi-0579,Tái hiện nghi thức gieo ba đồng xu sáu lần,vi,tien-ich,,,/tien-ich/gieo-que,"Nhật Nguyệt, bộ đánh giá ô tìm kiếm sinh ngày 2026-09-20",
cauhoi-0580,Tính Cung Phi theo năm sinh và giới tính,vi,tien-ich,,,/tien-ich/xem-nha-dat,"Nhật Nguyệt, bộ đánh giá ô tìm kiếm sinh ngày 2026-09-20",
cauhoi-0581,Tính miễn phí 7 chỉ số gốc,vi,tien-ich,,,/tien-ich/than-so-hoc,"Nhật Nguyệt, bộ đánh giá ô tìm kiếm sinh ngày 2026-09-20",
cauhoi-0582,Tử Vi đường đời,vi,tien-ich,,,/tien-ich/tu-vi-mach-noi,"Nhật Nguyệt, bộ đánh giá ô tìm kiếm sinh ngày 2026-09-20",
cauhoi-0583,Tử vi phương Tây,vi,tien-ich,,,/tien-ich/tu-vi-tay-phuong,"Nhật Nguyệt, bộ đánh giá ô tìm kiếm sinh ngày 2026-09-20",
cauhoi-0584,Xem chỉ tay,vi,tien-ich,,,/tien-ich/xem-chi-tay,"Nhật Nguyệt, bộ đánh giá ô tìm kiếm sinh ngày 2026-09-20",
cauhoi-0585,Xem cung hoàng đạo phương Tây,vi,tien-ich,,,/tien-ich/tu-vi-tay-phuong,"Nhật Nguyệt, bộ đánh giá ô tìm kiếm sinh ngày 2026-09-20",
cauhoi-0586,Xem hướng nhà đất,vi,tien-ich,,,/tien-ich/xem-nha-dat,"Nhật Nguyệt, bộ đánh giá ô tìm kiếm sinh ngày 2026-09-20",
cauhoi-0587,Xem lịch âm,vi,tien-ich,,,/tien-ich/lich-am,"Nhật Nguyệt, bộ đánh giá ô tìm kiếm sinh ngày 2026-09-20",
cauhoi-0588,Xem ngày cưới,vi,tien-ich,,,/tien-ich/xem-ngay-cuoi,"Nhật Nguyệt, bộ đánh giá ô tìm kiếm sinh ngày 2026-09-20",
cauhoi-0589,Xem ngày theo việc,vi,tien-ich,,,/tien-ich/xem-ngay-theo-viec,"Nhật Nguyệt, bộ đánh giá ô tìm kiếm sinh ngày 2026-09-20",
cauhoi-0590,Xem toàn bộ ngày nghỉ lễ,vi,tien-ich,,,/tien-ich/lich-le-hoi,"Nhật Nguyệt, bộ đánh giá ô tìm kiếm sinh ngày 2026-09-20",
cauhoi-0591,"Xem tuổi hợp: tình duyên, làm ăn",vi,tien-ich,,,/tien-ich/xem-tuoi-hop,"Nhật Nguyệt, bộ đánh giá ô tìm kiếm sinh ngày 2026-09-20",
cauhoi-0592,Xem tuổi làm nhà,vi,tien-ich,,,/tien-ich/xem-tuoi-lam-nha,"Nhật Nguyệt, bộ đánh giá ô tìm kiếm sinh ngày 2026-09-20",
cauhoi-0593,Xem tuổi xông đất,vi,tien-ich,,,/tien-ich/xem-tuoi-xong-dat,"Nhật Nguyệt, bộ đánh giá ô tìm kiếm sinh ngày 2026-09-20",
cauhoi-0594,Xem tướng khuôn mặt,vi,tien-ich,,,/tien-ich/xem-tuong-mat,"Nhật Nguyệt, bộ đánh giá ô tìm kiếm sinh ngày 2026-09-20",
cauhoi-0595,Xem đủ 12 giờ trong ngày hôm nay,vi,tien-ich,,,/tien-ich/gio-hoang-dao,"Nhật Nguyệt, bộ đánh giá ô tìm kiếm sinh ngày 2026-09-20",
cauhoi-0596,Xét bốn trục chứ không chỉ con giáp,vi,tien-ich,,,/tien-ich/xem-tuoi-hop,"Nhật Nguyệt, bộ đánh giá ô tìm kiếm sinh ngày 2026-09-20",
cauhoi-0597,Xếp hạng 60 tuổi can chi cho người xông đất đầu năm theo địa chi,vi,tien-ich,,,/tien-ich/xem-tuoi-xong-dat,"Nhật Nguyệt, bộ đánh giá ô tìm kiếm sinh ngày 2026-09-20",
cauhoi-0598,Xếp hạng mọi ngày trong khoảng bạn chọn theo giờ hoàng đạo,vi,tien-ich,,,/tien-ich/xem-ngay-cuoi,"Nhật Nguyệt, bộ đánh giá ô tìm kiếm sinh ngày 2026-09-20",
cauhoi-0599,ba hạn và Thái Tuế,vi,tien-ich,,,/tien-ich/xem-tuoi-xong-dat,"Nhật Nguyệt, bộ đánh giá ô tìm kiếm sinh ngày 2026-09-20",
cauhoi-0600,bàn thờ theo phong thuỷ trên cả ba thước 52,vi,tien-ich,,,/tien-ich/thuoc-lo-ban,"Nhật Nguyệt, bộ đánh giá ô tìm kiếm sinh ngày 2026-09-20",
cauhoi-0601,bấm vào 1 lễ để xem chi tiết,vi,tien-ich,,,/tien-ich/lich-le-hoi,"Nhật Nguyệt, bộ đánh giá ô tìm kiếm sinh ngày 2026-09-20",
cauhoi-0602,bốn sao ấy đang ở cung nào thì cung gốc bay tới đó,vi,tien-ich,,,/tien-ich/tu-vi-mach-noi,"Nhật Nguyệt, bộ đánh giá ô tìm kiếm sinh ngày 2026-09-20",
cauhoi-0603,can chi năm và tiết khí,vi,tien-ich,,,/tien-ich/doi-lich,"Nhật Nguyệt, bộ đánh giá ô tìm kiếm sinh ngày 2026-09-20",
cauhoi-0604,chọn 1 trong 5 kiểu trải bài phù hợp câu hỏi của bạn,vi,tien-ich,,,/tien-ich/tarot,"Nhật Nguyệt, bộ đánh giá ô tìm kiếm sinh ngày 2026-09-20",
cauhoi-0605,chỗ nào Kỵ dồn về,vi,tien-ich,,,/tien-ich/tu-vi-mach-noi,"Nhật Nguyệt, bộ đánh giá ô tìm kiếm sinh ngày 2026-09-20",
cauhoi-0606,chỗ nào tự hóa,vi,tien-ich,,,/tien-ich/tu-vi-mach-noi,"Nhật Nguyệt, bộ đánh giá ô tìm kiếm sinh ngày 2026-09-20",
cauhoi-0607,có bản chi tiết,vi,tien-ich,,,/tien-ich/than-so-hoc,"Nhật Nguyệt, bộ đánh giá ô tìm kiếm sinh ngày 2026-09-20",
cauhoi-0608,có thể nhập ngày sinh để xem giờ nào hợp riêng với tuổi bạn,vi,tien-ich,,,/tien-ich/gio-hoang-dao,"Nhật Nguyệt, bộ đánh giá ô tìm kiếm sinh ngày 2026-09-20",
cauhoi-0609,có tìm kiếm theo tên,vi,tien-ich,,,/tien-ich/lich-le-hoi,"Nhật Nguyệt, bộ đánh giá ô tìm kiếm sinh ngày 2026-09-20",
cauhoi-0610,có xử lý tháng nhuận đúng cách,vi,tien-ich,,,/tien-ich/doi-lich,"Nhật Nguyệt, bộ đánh giá ô tìm kiếm sinh ngày 2026-09-20",
cauhoi-0611,có ảnh minh hoạ từng lá và hiệu ứng lật bài,vi,tien-ich,,,/tien-ich/tarot,"Nhật Nguyệt, bộ đánh giá ô tìm kiếm sinh ngày 2026-09-20",
cauhoi-0612,có ứng hay vô ứng,vi,tien-ich,,,/tien-ich/gieo-que,"Nhật Nguyệt, bộ đánh giá ô tìm kiếm sinh ngày 2026-09-20",
cauhoi-0613,công cụ xếp hạng ngày nào hợp tuổi và Ngũ Hành nhất với bạn trong khoảng đó,vi,tien-ich,,,/tien-ich/xem-ngay-theo-viec,"Nhật Nguyệt, bộ đánh giá ô tìm kiếm sinh ngày 2026-09-20",
cauhoi-0614,công danh xem Quan Quỷ,vi,tien-ich,,,/tien-ich/gieo-que-hoi-viec,"Nhật Nguyệt, bộ đánh giá ô tìm kiếm sinh ngày 2026-09-20",
cauhoi-0615,cùng ba quẻ thác,vi,tien-ich,,,/tien-ich/kinh-dich,"Nhật Nguyệt, bộ đánh giá ô tìm kiếm sinh ngày 2026-09-20",
cauhoi-0616,cơ hội việc làm,vi,tien-ich,,,/tien-ich/tarot-theo-van-de,"Nhật Nguyệt, bộ đánh giá ô tìm kiếm sinh ngày 2026-09-20",
cauhoi-0617,cập nhật mỗi ngày,vi,tien-ich,,,/tien-ich/tu-vi-tay-phuong,"Nhật Nguyệt, bộ đánh giá ô tìm kiếm sinh ngày 2026-09-20",
cauhoi-0618,duyệt bằng bảng 8x8 theo quẻ thượng và quẻ hạ,vi,tien-ich,,,/tien-ich/kinh-dich,"Nhật Nguyệt, bộ đánh giá ô tìm kiếm sinh ngày 2026-09-20",
cauhoi-0619,dùng miễn phí,vi,tien-ich,,,/tien-ich/lich-am,"Nhật Nguyệt, bộ đánh giá ô tìm kiếm sinh ngày 2026-09-20",
cauhoi-0620,dựa trên ngày giờ sinh chính xác,vi,tien-ich,,,/tien-ich/tu-vi,"Nhật Nguyệt, bộ đánh giá ô tìm kiếm sinh ngày 2026-09-20",
cauhoi-0621,giờ hoàng đạo,vi,tien-ich,,,/tien-ich/lich-am,"Nhật Nguyệt, bộ đánh giá ô tìm kiếm sinh ngày 2026-09-20",
cauhoi-0622,giờ nào hoàng đạo nên làm việc lớn,vi,tien-ich,,,/tien-ich/gio-hoang-dao,"Nhật Nguyệt, bộ đánh giá ô tìm kiếm sinh ngày 2026-09-20",
cauhoi-0623,giờ nào hắc đạo nên tránh,vi,tien-ich,,,/tien-ich/gio-hoang-dao,"Nhật Nguyệt, bộ đánh giá ô tìm kiếm sinh ngày 2026-09-20",
cauhoi-0624,hai hệ nói ngược nhau thì trang nói thẳng kèm cách đọc,vi,tien-ich,,,/tien-ich/hom-nay-the-nao,"Nhật Nguyệt, bộ đánh giá ô tìm kiếm sinh ngày 2026-09-20",
cauhoi-0625,hiện rõ từng bước,vi,tien-ich,,,/tien-ich/dat-ten-con,"Nhật Nguyệt, bộ đánh giá ô tìm kiếm sinh ngày 2026-09-20",
cauhoi-0626,hiện từng phép cộng ra mỗi con số,vi,tien-ich,,,/tien-ich/than-so-hoc-ngay,"Nhật Nguyệt, bộ đánh giá ô tìm kiếm sinh ngày 2026-09-20",
cauhoi-0627,hoặc tự chọn từng mục nếu bạn muốn,vi,tien-ich,,,/tien-ich/xem-tuong-mat,"Nhật Nguyệt, bộ đánh giá ô tìm kiếm sinh ngày 2026-09-20",
cauhoi-0628,hoặc tự chọn từng đường nếu bạn muốn,vi,tien-ich,,,/tien-ich/xem-chi-tay,"Nhật Nguyệt, bộ đánh giá ô tìm kiếm sinh ngày 2026-09-20",
cauhoi-0629,hoặc tự gõ câu hỏi của mình,vi,tien-ich,,,/tien-ich/tarot-theo-van-de,"Nhật Nguyệt, bộ đánh giá ô tìm kiếm sinh ngày 2026-09-20",
cauhoi-0630,hành nhật chủ Tứ Trụ,vi,tien-ich,,,/tien-ich/nang-luong-cua-ban,"Nhật Nguyệt, bộ đánh giá ô tìm kiếm sinh ngày 2026-09-20",
cauhoi-0631,hỗ mà sách vở luôn nhắc tới nhưng công cụ trực tuyến hiếm khi tính ra,vi,tien-ich,,,/tien-ich/kinh-dich,"Nhật Nguyệt, bộ đánh giá ô tìm kiếm sinh ngày 2026-09-20",
cauhoi-0632,không cần đăng nhập,vi,tien-ich,,,/tien-ich/than-so-hoc,"Nhật Nguyệt, bộ đánh giá ô tìm kiếm sinh ngày 2026-09-20",
cauhoi-0633,không cộng thành một điểm,vi,tien-ich,,,/tien-ich/hom-nay-the-nao,"Nhật Nguyệt, bộ đánh giá ô tìm kiếm sinh ngày 2026-09-20",
cauhoi-0634,kèm NĂM SINH cụ thể để bạn nhận ra người quen,vi,tien-ich,,,/tien-ich/xem-tuoi-xong-dat,"Nhật Nguyệt, bộ đánh giá ô tìm kiếm sinh ngày 2026-09-20",
cauhoi-0635,kèm PHÉP TÍNH từng hạn để bạn tự kiểm lại,vi,tien-ich,,,/tien-ich/xem-tuoi-lam-nha,"Nhật Nguyệt, bộ đánh giá ô tìm kiếm sinh ngày 2026-09-20",
cauhoi-0636,kèm giải thích lý do từng hướng,vi,tien-ich,,,/tien-ich/xem-nha-dat,"Nhật Nguyệt, bộ đánh giá ô tìm kiếm sinh ngày 2026-09-20",
cauhoi-0637,kèm phép tính và dải thước trực quan,vi,tien-ich,,,/tien-ich/thuoc-lo-ban,"Nhật Nguyệt, bộ đánh giá ô tìm kiếm sinh ngày 2026-09-20",
cauhoi-0638,lượt này có mấy hào động thì cổ nhân dặn đọc theo cách nào,vi,tien-ich,,,/tien-ich/gieo-que,"Nhật Nguyệt, bộ đánh giá ô tìm kiếm sinh ngày 2026-09-20",
cauhoi-0639,lễ hội dân gian và lễ tết trong năm trên 1 lưới lịch,vi,tien-ich,,,/tien-ich/lich-le-hoi,"Nhật Nguyệt, bộ đánh giá ô tìm kiếm sinh ngày 2026-09-20",
cauhoi-0640,mức phù hợp riêng của chú rể và cô dâu,vi,tien-ich,,,/tien-ich/xem-ngay-cuoi,"Nhật Nguyệt, bộ đánh giá ô tìm kiếm sinh ngày 2026-09-20",
cauhoi-0641,ngũ hành nạp âm và cung phi bát trạch,vi,tien-ich,,,/tien-ich/xem-tuoi-hop,"Nhật Nguyệt, bộ đánh giá ô tìm kiếm sinh ngày 2026-09-20",
cauhoi-0642,người yêu cũ,vi,tien-ich,,,/tien-ich/tarot-theo-van-de,"Nhật Nguyệt, bộ đánh giá ô tìm kiếm sinh ngày 2026-09-20",
cauhoi-0643,ngừng kết nối,vi,tien-ich,,,/tien-ich/tarot-theo-van-de,"Nhật Nguyệt, bộ đánh giá ô tìm kiếm sinh ngày 2026-09-20",
cauhoi-0644,nói rõ quy ước được chọn ở chỗ các trường phái bất đồng,vi,tien-ich,,,/tien-ich/nang-luong-cua-ban,"Nhật Nguyệt, bộ đánh giá ô tìm kiếm sinh ngày 2026-09-20",
cauhoi-0645,nạp âm năm sinh và thần số học,vi,tien-ich,,,/tien-ich/nang-luong-cua-ban,"Nhật Nguyệt, bộ đánh giá ô tìm kiếm sinh ngày 2026-09-20",
cauhoi-0646,phân biệt rõ lễ lớn/lễ nhỏ,vi,tien-ich,,,/tien-ich/lich-le-hoi,"Nhật Nguyệt, bộ đánh giá ô tìm kiếm sinh ngày 2026-09-20",
cauhoi-0647,quét 10 năm tới để biết năm nào không phạm hạn nào,vi,tien-ich,,,/tien-ich/xem-tuoi-lam-nha,"Nhật Nguyệt, bộ đánh giá ô tìm kiếm sinh ngày 2026-09-20",
cauhoi-0648,quẻ được nạp giáp đủ Lục Thân,vi,tien-ich,,,/tien-ich/gieo-que-hoi-viec,"Nhật Nguyệt, bộ đánh giá ô tìm kiếm sinh ngày 2026-09-20",
cauhoi-0649,rồi luận ngay tại chỗ,vi,tien-ich,,,/tien-ich/gieo-que,"Nhật Nguyệt, bộ đánh giá ô tìm kiếm sinh ngày 2026-09-20",
cauhoi-0650,rồi luận theo đúng dụng thần của việc bạn hỏi,vi,tien-ich,,,/tien-ich/gieo-que-hoi-viec,"Nhật Nguyệt, bộ đánh giá ô tìm kiếm sinh ngày 2026-09-20",
cauhoi-0651,sao chiếu mệnh/Tam Tai,vi,tien-ich,,,/tien-ich/mo-khoa-van-han-2026,"Nhật Nguyệt, bộ đánh giá ô tìm kiếm sinh ngày 2026-09-20",
cauhoi-0652,sự nghiệp - tài chính - tình duyên,vi,tien-ich,,,/tien-ich/mo-khoa-van-han-2026,"Nhật Nguyệt, bộ đánh giá ô tìm kiếm sinh ngày 2026-09-20",
cauhoi-0653,thần số học và ngũ hành trả lời riêng về hôm nay,vi,tien-ich,,,/tien-ich/hom-nay-the-nao,"Nhật Nguyệt, bộ đánh giá ô tìm kiếm sinh ngày 2026-09-20",
cauhoi-0654,tiền bạc xem Thê Tài,vi,tien-ich,,,/tien-ich/gieo-que-hoi-viec,"Nhật Nguyệt, bộ đánh giá ô tìm kiếm sinh ngày 2026-09-20",
cauhoi-0655,tra ngay 4 hướng tốt và 4 hướng cần tránh cho nhà/đất theo Bát Trạch Minh Cảnh,vi,tien-ich,,,/tien-ich/xem-nha-dat,"Nhật Nguyệt, bộ đánh giá ô tìm kiếm sinh ngày 2026-09-20",
cauhoi-0656,tính cả khoảng cách giữa hai ngày bất kỳ,vi,tien-ich,,,/tien-ich/doi-lich,"Nhật Nguyệt, bộ đánh giá ô tìm kiếm sinh ngày 2026-09-20",
cauhoi-0657,tượng và bài học ứng xử,vi,tien-ich,,,/tien-ich/kinh-dich,"Nhật Nguyệt, bộ đánh giá ô tìm kiếm sinh ngày 2026-09-20",
cauhoi-0658,từ họ tên và ngày sinh,vi,tien-ich,,,/tien-ich/than-so-hoc,"Nhật Nguyệt, bộ đánh giá ô tìm kiếm sinh ngày 2026-09-20",
cauhoi-0659,từng hào động đắc vị hay thất vị,vi,tien-ich,,,/tien-ich/gieo-que,"Nhật Nguyệt, bộ đánh giá ô tìm kiếm sinh ngày 2026-09-20",
cauhoi-0660,và 1 khoảng thời gian,vi,tien-ich,,,/tien-ich/xem-ngay-theo-viec,"Nhật Nguyệt, bộ đánh giá ô tìm kiếm sinh ngày 2026-09-20",
cauhoi-0661,và các giai đoạn Đỉnh Cao trong đời,vi,tien-ich,,,/tien-ich/mo-khoa-van-han-2026,"Nhật Nguyệt, bộ đánh giá ô tìm kiếm sinh ngày 2026-09-20",
cauhoi-0662,và các ngày lễ Tết trong tháng,vi,tien-ich,,,/tien-ich/lich-am,"Nhật Nguyệt, bộ đánh giá ô tìm kiếm sinh ngày 2026-09-20",
cauhoi-0663,và hướng dẫn mượn tuổi kèm cảnh báo pháp lý,vi,tien-ich,,,/tien-ich/xem-tuoi-lam-nha,"Nhật Nguyệt, bộ đánh giá ô tìm kiếm sinh ngày 2026-09-20",
cauhoi-0664,và không gộp lại thành một điểm phần trăm,vi,tien-ich,,,/tien-ich/xem-tuoi-hop,"Nhật Nguyệt, bộ đánh giá ô tìm kiếm sinh ngày 2026-09-20",
cauhoi-0665,và luận giải riêng cho hôm nay theo đúng ngày sinh dương lịch của bạn,vi,tien-ich,,,/tien-ich/tu-vi-tay-phuong,"Nhật Nguyệt, bộ đánh giá ô tìm kiếm sinh ngày 2026-09-20",
cauhoi-0666,và nêu rõ vì sao từng tuổi được hay mất điểm,vi,tien-ich,,,/tien-ich/xem-tuoi-xong-dat,"Nhật Nguyệt, bộ đánh giá ô tìm kiếm sinh ngày 2026-09-20",
cauhoi-0667,và nói rõ quy ước rút gọn số chủ 11/22/33 mà trang chọn,vi,tien-ich,,,/tien-ich/than-so-hoc-ngay,"Nhật Nguyệt, bộ đánh giá ô tìm kiếm sinh ngày 2026-09-20",
cauhoi-0668,và nói thẳng rằng bước chọn dụng thần chỉ là một cách luận trong nhiều cách,vi,tien-ich,,,/tien-ich/dat-ten-con,"Nhật Nguyệt, bộ đánh giá ô tìm kiếm sinh ngày 2026-09-20",
cauhoi-0669,và năm Tam Tai theo năm sinh và giới tính,vi,tien-ich,,,/tien-ich/sao-chieu-menh,"Nhật Nguyệt, bộ đánh giá ô tìm kiếm sinh ngày 2026-09-20",
cauhoi-0670,và quẻ biến là chiều đang chuyển tới,vi,tien-ich,,,/tien-ich/gieo-que,"Nhật Nguyệt, bộ đánh giá ô tìm kiếm sinh ngày 2026-09-20",
cauhoi-0671,và tháng kiêng,vi,tien-ich,,,/tien-ich/xem-ngay-cuoi,"Nhật Nguyệt, bộ đánh giá ô tìm kiếm sinh ngày 2026-09-20",
cauhoi-0672,và tìm được mọi kích thước đẹp trong một khoảng,vi,tien-ich,,,/tien-ich/thuoc-lo-ban,"Nhật Nguyệt, bộ đánh giá ô tìm kiếm sinh ngày 2026-09-20",
cauhoi-0673,xem Can Chi ngày và năm,vi,tien-ich,,,/tien-ich/lich-am,"Nhật Nguyệt, bộ đánh giá ô tìm kiếm sinh ngày 2026-09-20",
cauhoi-0674,xem bạn giống ai nhất và điểm chung cụ thể là gì,vi,tien-ich,,,/tien-ich/ban-giong-ai,"Nhật Nguyệt, bộ đánh giá ô tìm kiếm sinh ngày 2026-09-20",
cauhoi-0675,xem luận giải từng cung ngay trên lá số,vi,tien-ich,,,/tien-ich/tu-vi,"Nhật Nguyệt, bộ đánh giá ô tìm kiếm sinh ngày 2026-09-20",
cauhoi-0676,xem ý nghĩa của sao chiếu mệnh năm nay và điều dân gian khuyên nên lưu ý,vi,tien-ich,,,/tien-ich/sao-chieu-menh,"Nhật Nguyệt, bộ đánh giá ô tìm kiếm sinh ngày 2026-09-20",
cauhoi-0677,xem ý nghĩa ngay,vi,tien-ich,,,/tien-ich/tarot,"Nhật Nguyệt, bộ đánh giá ô tìm kiếm sinh ngày 2026-09-20",
cauhoi-0678,xem đầy đủ ngay,vi,tien-ich,,,/tien-ich/mo-khoa-van-han-2026,"Nhật Nguyệt, bộ đánh giá ô tìm kiếm sinh ngày 2026-09-20",
cauhoi-0679,Điền thêm ngày tháng sinh để trang tự quy đổi sang tuổi âm lịch cho đúng,vi,tien-ich,,,/tien-ich/xem-tuoi-hop,"Nhật Nguyệt, bộ đánh giá ô tìm kiếm sinh ngày 2026-09-20",
cauhoi-0680,Đặt tên cho con,vi,tien-ich,,,/tien-ich/dat-ten-con,"Nhật Nguyệt, bộ đánh giá ô tìm kiếm sinh ngày 2026-09-20",
cauhoi-0681,Đổi hai chiều giữa âm lịch và dương lịch kèm can chi ngày,vi,tien-ich,,,/tien-ich/doi-lich,"Nhật Nguyệt, bộ đánh giá ô tìm kiếm sinh ngày 2026-09-20",
cauhoi-0682,Đổi lịch âm dương,vi,tien-ich,,,/tien-ich/doi-lich,"Nhật Nguyệt, bộ đánh giá ô tìm kiếm sinh ngày 2026-09-20",
cauhoi-0683,Đổi ngày dương lịch sang âm lịch chính xác theo múi giờ Việt Nam,vi,tien-ich,,,/tien-ich/lich-am,"Nhật Nguyệt, bộ đánh giá ô tìm kiếm sinh ngày 2026-09-20",
cauhoi-0684,Đủ 64 quẻ Kinh Dịch với hình quẻ,vi,tien-ich,,,/tien-ich/kinh-dich,"Nhật Nguyệt, bộ đánh giá ô tìm kiếm sinh ngày 2026-09-20",
cauhoi-0685,đánh giá sự nghiệp,vi,tien-ich,,,/tien-ich/than-so-hoc,"Nhật Nguyệt, bộ đánh giá ô tìm kiếm sinh ngày 2026-09-20",
cauhoi-0686,đầy đủ 12 cung,vi,tien-ich,,,/tien-ich/tu-vi,"Nhật Nguyệt, bộ đánh giá ô tìm kiếm sinh ngày 2026-09-20",
cauhoi-0687,đắc trung và ứng,vi,tien-ich,,,/tien-ich/kinh-dich,"Nhật Nguyệt, bộ đánh giá ô tìm kiếm sinh ngày 2026-09-20",
cauhoi-0688,đặc điểm tính cách nổi bật,vi,tien-ich,,,/tien-ich/tu-vi-tay-phuong,"Nhật Nguyệt, bộ đánh giá ô tìm kiếm sinh ngày 2026-09-20",
cauhoi-0689,Ảnh chỉ dùng để nhận diện ngay lúc đó và không được lưu lại ở đâu,vi,tien-ich,,,/tien-ich/xem-tuong-mat,"Nhật Nguyệt, bộ đánh giá ô tìm kiếm sinh ngày 2026-09-20",
cauhoi-0690,Apophenia có phải là bệnh tâm thần không?,vi,tri-thuc,Tâm lý học,vi-sao-con-nguoi-nhin-ra-quy-luat-o-noi-khong-co-quy-luat-fcbc8b,,"Nhật Nguyệt, bộ đánh giá ô tìm kiếm sinh ngày 2026-09-20",
cauhoi-0691,Biểu đồ Human Design gồm những gì?,vi,tri-thuc,Human Design,human-design-la-gi-c30838,,"Nhật Nguyệt, bộ đánh giá ô tìm kiếm sinh ngày 2026-09-20",
cauhoi-0692,Bàn thờ gia tiên Bắc Bộ và Nam Bộ khác nhau chủ yếu ở điểm nào?,vi,tri-thuc,Thờ cúng tổ tiên,ban-tho-gia-tien-bac-bo-va-nam-bo-khac-nhau-ra-sao-284be5,,"Nhật Nguyệt, bộ đánh giá ô tìm kiếm sinh ngày 2026-09-20",
cauhoi-0693,"Bánh chưng và bánh tét khác nhau như thế nào, vùng nào dùng loại nào?",vi,tri-thuc,Phong tục vùng miền,phong-tuc-vung-mien-bac-trung-nam,,"Nhật Nguyệt, bộ đánh giá ô tìm kiếm sinh ngày 2026-09-20",
cauhoi-0694,Bánh trôi và bánh chay khác nhau như thế nào?,vi,tri-thuc,Phong tục lễ tết,tet-han-thuc-mung-3-thang-3-banh-troi-banh-chay,,"Nhật Nguyệt, bộ đánh giá ô tìm kiếm sinh ngày 2026-09-20",
cauhoi-0695,Bói Kiều thường được thực hiện vào thời điểm nào trong năm?,vi,tri-thuc,Bói toán dân gian,boi-kieu-ngay-tet-khi-truyen-kieu-tro-thanh-loi-gui-gam-van-may-dau-xuan-9b1be6,,"Nhật Nguyệt, bộ đánh giá ô tìm kiếm sinh ngày 2026-09-20",
cauhoi-0696,Bản đồ sao có cần giờ sinh chính xác không?,vi,tri-thuc,Từ điển,tu-dien-ban-do-sao,,"Nhật Nguyệt, bộ đánh giá ô tìm kiếm sinh ngày 2026-09-20",
cauhoi-0697,Cartomancy có phổ biến ở Việt Nam không?,vi,tri-thuc,Bói bài Tây,boi-bai-tay-52-la-cartomancy,,"Nhật Nguyệt, bộ đánh giá ô tìm kiếm sinh ngày 2026-09-20",
cauhoi-0698,Chu Văn An là ai và có vai trò gì trong lịch sử giáo dục Việt Nam?,vi,tri-thuc,Nhân vật lịch sử,chu-van-an-nguoi-thay-muon-doi-den-tho-nui-phuong-hoang-1e7023,,"Nhật Nguyệt, bộ đánh giá ô tìm kiếm sinh ngày 2026-09-20",
cauhoi-0699,Chính Tài khác gì so với Thiên Tài trong luận mệnh Bát Tự?,vi,tri-thuc,Bát Tự,chinh-tai-trong-thap-than-cua-bat-tu-aaa309,,"Nhật Nguyệt, bộ đánh giá ô tìm kiếm sinh ngày 2026-09-20",
cauhoi-0700,Chính Tài trong Bát Tự có ý nghĩa gì đối với tiền bạc và sự nghiệp của một người?,vi,tri-thuc,Bát Tự,chinh-tai-trong-thap-than-cua-bat-tu-aaa309,,"Nhật Nguyệt, bộ đánh giá ô tìm kiếm sinh ngày 2026-09-20",
cauhoi-0701,Chính Ấn vượng có ý nghĩa gì trong tính cách và sự nghiệp?,vi,tri-thuc,Bát Tự,chinh-an-trong-thap-than-cua-bat-tu-y-nghia-va-ung-dung-luan-menh-36d8fa,,"Nhật Nguyệt, bộ đánh giá ô tìm kiếm sinh ngày 2026-09-20",
cauhoi-0702,Chọn tuổi xông đất có bắt buộc theo tam hợp không?,vi,tri-thuc,Phong tục Tết,chon-tuoi-xong-dat-hop-gia-chu-cach-lam-va-gioi-han-2dfdae,,"Nhật Nguyệt, bộ đánh giá ô tìm kiếm sinh ngày 2026-09-20",
cauhoi-0703,"Chữ ""Tết"" có nghĩa gốc là gì?",vi,tri-thuc,Phong tục lễ tết,nguon-goc-y-nghia-ten-goi-tet-nguyen-dan,,"Nhật Nguyệt, bộ đánh giá ô tìm kiếm sinh ngày 2026-09-20",
cauhoi-0704,Cold reading là gì?,vi,tri-thuc,Bói toán dân gian,cold-reading-ky-thuat-khien-loi-phan-chung-chung-nghe-nhu-noi-trung-40883a,,"Nhật Nguyệt, bộ đánh giá ô tìm kiếm sinh ngày 2026-09-20",
cauhoi-0705,Cung Mọc có thay đổi theo thời gian không?,vi,tri-thuc,Từ điển,tu-dien-cung-moc,,"Nhật Nguyệt, bộ đánh giá ô tìm kiếm sinh ngày 2026-09-20",
cauhoi-0706,Cung Mọc và cung Mặt Trời có giống nhau không?,vi,tri-thuc,Chiêm tinh học,cung-moc-rising-sign-la-gi-ad888d,,"Nhật Nguyệt, bộ đánh giá ô tìm kiếm sinh ngày 2026-09-20",
cauhoi-0707,Cung Nhân Mã hợp với cung nào nhất?,vi,tri-thuc,Chiêm tinh phương Tây,cung-nhan-ma,,"Nhật Nguyệt, bộ đánh giá ô tìm kiếm sinh ngày 2026-09-20",
cauhoi-0708,Cung hoàng đạo nào nằm ở Nhà 3 ảnh hưởng đến giao tiếp như thế nào?,vi,tri-thuc,Chiêm tinh học,nha-3-giao-tiep-trong-la-so-chiem-tinh-642923,,"Nhật Nguyệt, bộ đánh giá ô tìm kiếm sinh ngày 2026-09-20",
cauhoi-0709,Các chủ đề thường được xin quẻ khi bói Kiều là gì?,vi,tri-thuc,Bói toán dân gian,boi-kieu-ngay-tet-khi-truyen-kieu-tro-thanh-loi-gui-gam-van-may-dau-xuan-9b1be6,,"Nhật Nguyệt, bộ đánh giá ô tìm kiếm sinh ngày 2026-09-20",
cauhoi-0710,Các cung Khí nào hợp nhau nhất?,vi,tri-thuc,Chiêm tinh học,tuong-hop-nguyen-to-khi-khi-trong-chiem-tinh-hoc-546fb4,,"Nhật Nguyệt, bộ đánh giá ô tìm kiếm sinh ngày 2026-09-20",
cauhoi-0711,Các cung nào thuộc nhóm Khai Sáng (Cardinal) và điểm chung của họ là gì?,vi,tri-thuc,Chiêm tinh học,nhom-khai-sang-cardinal-trong-chiem-tinh-hoc-1c9086,,"Nhật Nguyệt, bộ đánh giá ô tìm kiếm sinh ngày 2026-09-20",
cauhoi-0712,Các làng ở đồng bằng Bắc Bộ có giống nhau hoàn toàn không?,vi,tri-thuc,So sánh vùng miền,van-hoa-dong-bang-bac-bo-lang-xa-dinh-chua-tho-cung-0e76df,,"Nhật Nguyệt, bộ đánh giá ô tìm kiếm sinh ngày 2026-09-20",
cauhoi-0713,Có bắt buộc phải chuẩn bị lễ vật cầu kỳ khi đi xin xăm không?,vi,tri-thuc,Bói toán dân gian,tuc-xin-xam-rut-xam-dau-nam-o-chua-nghi-thuc-va-y-nghia-van-hoa-1203fb,,"Nhật Nguyệt, bộ đánh giá ô tìm kiếm sinh ngày 2026-09-20",
cauhoi-0714,Có bắt buộc phải xem ngày giờ tốt trước khi cưới hỏi hay động thổ không?,vi,tri-thuc,Bói toán dân gian,cach-xem-ngay-gio-tot-xau-cuoi-hoi-dong-tho-1bdd79,,"Nhật Nguyệt, bộ đánh giá ô tìm kiếm sinh ngày 2026-09-20",
cauhoi-0715,Có cần xin phép trường phái nào để viết hay dạy về Human Design không?,vi,tri-thuc,Human Design,chien-luoc-va-noi-quyen-trong-human-design-858989,,"Nhật Nguyệt, bộ đánh giá ô tìm kiếm sinh ngày 2026-09-20",
cauhoi-0716,Có nên dùng Tử vi để quyết định công việc hay hôn nhân không?,vi,tri-thuc,Tử Vi,tu-vi-khoa-hoc-hay-me-tin-cau-hoi-dat-sai-cho-be353a,,"Nhật Nguyệt, bộ đánh giá ô tìm kiếm sinh ngày 2026-09-20",
cauhoi-0717,Có nên khai trương cửa hàng vào tháng 7 âm lịch (tháng cô hồn) hay không?,vi,tri-thuc,Kiêng kỵ dân gian,kieng-ky-dan-gian-khi-khai-truong-kinh-doanh-5e07b6,,"Nhật Nguyệt, bộ đánh giá ô tìm kiếm sinh ngày 2026-09-20",
cauhoi-0718,Có nên quá phụ thuộc vào việc xem ngày tốt xấu không?,vi,tri-thuc,Bói toán dân gian,xem-ngay-tot-xau-cuoi-hoi-dong-tho-58d7ca,,"Nhật Nguyệt, bộ đánh giá ô tìm kiếm sinh ngày 2026-09-20",
cauhoi-0719,Có nên tin vào việc giải mộng để dự đoán tương lai không?,vi,tri-thuc,Bói toán dân gian,giai-mong-dan-gian-viet-tin-nguong-co-truyen-den-goc-nhin-khoa-hoc-b3d385,,"Nhật Nguyệt, bộ đánh giá ô tìm kiếm sinh ngày 2026-09-20",
cauhoi-0720,Có nên đeo nhiều loại thạch anh cùng lúc không?,vi,tri-thuc,Đá phong thủy,thach-anh-trong-phong-thuy,,"Nhật Nguyệt, bộ đánh giá ô tìm kiếm sinh ngày 2026-09-20",
cauhoi-0721,Có phải người Romani (Gypsy) phát minh ra cartomancy và Tarot?,vi,tri-thuc,Bói bài Tây,boi-bai-tay-52-la-cartomancy,,"Nhật Nguyệt, bộ đánh giá ô tìm kiếm sinh ngày 2026-09-20",
cauhoi-0722,Cúng cô hồn có phải là mê tín dị đoan hay không?,vi,tri-thuc,Tín ngưỡng dân gian,cung-co-hon-ram-thang-7-y-nghia-le-xa-toi-vong-nhan-eea361,,"Nhật Nguyệt, bộ đánh giá ô tìm kiếm sinh ngày 2026-09-20",
cauhoi-0723,Cần chuẩn bị gì khi cúng sao Thái Dương?,vi,tri-thuc,Thần số học,sao-thai-duong-trong-cuu-dieu-y-nghia-theo-quan-niem-dan-gian-ebbaec,,"Nhật Nguyệt, bộ đánh giá ô tìm kiếm sinh ngày 2026-09-20",
cauhoi-0724,Cặp đôi Đất - Đất có điểm yếu lớn nhất là gì?,vi,tri-thuc,Chiêm tinh học,tuong-hop-nguyen-to-dat-dat-trong-chiem-tinh-hoc-3844b0,,"Nhật Nguyệt, bộ đánh giá ô tìm kiếm sinh ngày 2026-09-20",
cauhoi-0725,Cốm làng Vòng được làm từ loại lúa nào và tại sao lại đặc biệt?,vi,tri-thuc,Ẩm thực truyền thống,com-lang-vong-thuc-qua-mua-thu-ha-noi-d2d80d,,"Nhật Nguyệt, bộ đánh giá ô tìm kiếm sinh ngày 2026-09-20",
cauhoi-0726,Cự Giải hợp nhất với cung nào?,vi,tri-thuc,Chiêm tinh phương Tây,cung-cu-giai,,"Nhật Nguyệt, bộ đánh giá ô tìm kiếm sinh ngày 2026-09-20",
cauhoi-0727,Cự Giải sinh từ ngày nào đến ngày nào?,vi,tri-thuc,Chiêm tinh phương Tây,cung-cu-giai,,"Nhật Nguyệt, bộ đánh giá ô tìm kiếm sinh ngày 2026-09-20",
cauhoi-0728,"Dân ca ví, giặm Nghệ Tĩnh có được UNESCO công nhận không?",vi,tri-thuc,So sánh vùng miền,van-hoa-xu-nghe-vi-giam-tuc-hieu-hoc-tin-nguong-ae9d1b,,"Nhật Nguyệt, bộ đánh giá ô tìm kiếm sinh ngày 2026-09-20",
cauhoi-0729,Dân tộc Lô Lô sống ở đâu tại Việt Nam?,vi,tri-thuc,Cộng đồng các dân tộc,dan-toc-lo-lo-noi-cu-tru-tieng-noi-tap-tuc-tho-cung-le-hoi-e8625d,,"Nhật Nguyệt, bộ đánh giá ô tìm kiếm sinh ngày 2026-09-20",
cauhoi-0730,Dân tộc Phù Lá có bao nhiêu người và sống ở đâu?,vi,tri-thuc,Cộng đồng các dân tộc,dan-toc-phu-la-noi-cu-tru-tieng-noi-tap-tuc-tho-cung-le-hoi-e471fd,,"Nhật Nguyệt, bộ đánh giá ô tìm kiếm sinh ngày 2026-09-20",
cauhoi-0731,Dọn bàn thờ cuối năm có kiêng ngày nào không?,vi,tri-thuc,Xem ngày giờ,chon-ngay-cuoi-nam-tat-nien-don-ban-tho-tra-no-khai-truong-0c5fde,,"Nhật Nguyệt, bộ đánh giá ô tìm kiếm sinh ngày 2026-09-20",
cauhoi-0732,Enneagram Type 1 có những điểm mạnh và điểm yếu gì nổi bật?,vi,tri-thuc,Enneagram,enneagram-type-1-nha-cai-cach-e42a61,,"Nhật Nguyệt, bộ đánh giá ô tìm kiếm sinh ngày 2026-09-20",
cauhoi-0733,Gia chủ tự xông đất cho nhà mình được không?,vi,tri-thuc,Phong tục Tết,chon-tuoi-xong-dat-hop-gia-chu-cach-lam-va-gioi-han-2dfdae,,"Nhật Nguyệt, bộ đánh giá ô tìm kiếm sinh ngày 2026-09-20",
cauhoi-0734,Giả dược có tác dụng phụ hoặc mặt trái không?,vi,tri-thuc,Tâm lý học,hieu-ung-gia-duoc-la-gi-b2f452,,"Nhật Nguyệt, bộ đánh giá ô tìm kiếm sinh ngày 2026-09-20",
cauhoi-0735,Gunghap là gì và tại sao quan trọng trong hôn nhân Hàn Quốc?,vi,tri-thuc,Saju,saju-tu-tru-han-quoc,,"Nhật Nguyệt, bộ đánh giá ô tìm kiếm sinh ngày 2026-09-20",
cauhoi-0736,Hai Bà Trưng phất cờ khởi nghĩa vào năm nào và nguyên nhân trực tiếp là gì?,vi,tri-thuc,Nhân vật lịch sử,hai-ba-trung-khoi-nghia-nam-40-den-hat-mon-fda21e,,"Nhật Nguyệt, bộ đánh giá ô tìm kiếm sinh ngày 2026-09-20",
cauhoi-0737,Hai gia đình có thể gộp các nghi thức cưới hỏi lại để tiết kiệm thời gian và chi phí không?,vi,tri-thuc,Nghi lễ vòng đời,cuoi-hoi-truyen-thong-viet-nam-trinh-tu-6-nghi-thuc-co-ban-5a7fac,,"Nhật Nguyệt, bộ đánh giá ô tìm kiếm sinh ngày 2026-09-20",
cauhoi-0738,Human Design có phải khoa học không?,vi,tri-thuc,Human Design,chien-luoc-va-noi-quyen-trong-human-design-858989,,"Nhật Nguyệt, bộ đánh giá ô tìm kiếm sinh ngày 2026-09-20",
cauhoi-0739,Human Design có phải là khoa học không?,vi,tri-thuc,Human Design,chin-trung-tam-human-design-trung-tam-dinh-va-trung-tam-mo-1f2918,,"Nhật Nguyệt, bộ đánh giá ô tìm kiếm sinh ngày 2026-09-20",
cauhoi-0740,Human Design ra đời khi nào và do ai tạo ra?,vi,tri-thuc,Human Design,human-design-la-gi-c30838,,"Nhật Nguyệt, bộ đánh giá ô tìm kiếm sinh ngày 2026-09-20",
cauhoi-0741,"Human Design, MBTI và thần số học có phải cùng một loại công cụ không?",vi,tri-thuc,Human Design,human-design-mbti-than-so-hoc-khac-nhau-o-dau-d29510,,"Nhật Nguyệt, bộ đánh giá ô tìm kiếm sinh ngày 2026-09-20",
cauhoi-0742,Hà Đồ và Lạc Thư là gì?,vi,tri-thuc,Kinh Dịch,tien-thien-bat-quai-va-hau-thien-bat-quai,,"Nhật Nguyệt, bộ đánh giá ô tìm kiếm sinh ngày 2026-09-20",
cauhoi-0743,Hát Then của người Tày có ý nghĩa gì trong đời sống tâm linh?,vi,tri-thuc,Tín ngưỡng dân tộc thiểu số,tin-nguong-le-hoi-nguoi-tay,,"Nhật Nguyệt, bộ đánh giá ô tìm kiếm sinh ngày 2026-09-20",
cauhoi-0744,Hướng nào được xem là quan trọng nhất trong Vastu Shastra?,vi,tri-thuc,Vastu Shastra,vastu-shastra-kien-truc-an-do,,"Nhật Nguyệt, bộ đánh giá ô tìm kiếm sinh ngày 2026-09-20",
cauhoi-0745,INTP có phù hợp với công việc quản lý hoặc lãnh đạo không?,vi,tri-thuc,MBTI,nhom-tinh-cach-mbti-intp-nha-tu-duy-dac-diem-diem-manh-va-dinh-huong-nghe-nghiep-632f7e,,"Nhật Nguyệt, bộ đánh giá ô tìm kiếm sinh ngày 2026-09-20",
cauhoi-0746,Khi bày mâm ngũ quả cần lưu ý điều gì?,vi,tri-thuc,Thờ cúng tổ tiên,cach-bay-ban-tho-gia-tien-dung-phong-thuy-dung-phong-tuc-dcae90,,"Nhật Nguyệt, bộ đánh giá ô tìm kiếm sinh ngày 2026-09-20",
cauhoi-0747,"Khi lá 6 of Pentacles xuất hiện ngược, tôi nên xử lý thế nào?",vi,tri-thuc,Tarot,la-bai-tarot-6-of-pentacles-y-nghia-chuyen-sau-d6acff,,"Nhật Nguyệt, bộ đánh giá ô tìm kiếm sinh ngày 2026-09-20",
cauhoi-0748,"Khi thực hành luận Ngũ quan, nên ghép cặp theo thứ tự nào?",vi,tri-thuc,Nhân tướng học,ngu-quan-doc-cung-nhau-vi-sao-nhan-tuong-hoc-khong-luan-mot-bo-vi-tach-roi-8ffa3d,,"Nhật Nguyệt, bộ đánh giá ô tìm kiếm sinh ngày 2026-09-20",
cauhoi-0749,"Khi đo hướng cho căn hộ chung cư trên tầng 10, hướng nhà được xác định như thế nào?",vi,tri-thuc,Phong thủy,la-ban-tong-hop-cong-cu-do-huong-trong-phong-thuy-1297e8,,"Nhật Nguyệt, bộ đánh giá ô tìm kiếm sinh ngày 2026-09-20",
cauhoi-0750,Khi đốt vàng mã cần lưu ý gì?,vi,tri-thuc,Lễ Tết,cach-bay-mam-cung-tat-nien-cuoi-nam-d31cc2,,"Nhật Nguyệt, bộ đánh giá ô tìm kiếm sinh ngày 2026-09-20",
cauhoi-0751,Khoa học có chứng minh xem tướng mặt là đúng không?,vi,tri-thuc,Nhân tướng học,khoa-hoc-noi-gi-ve-xem-tuong-mat-da8a81,,"Nhật Nguyệt, bộ đánh giá ô tìm kiếm sinh ngày 2026-09-20",
cauhoi-0752,Khoa học hiện đại giải thích giấc mơ như thế nào?,vi,tri-thuc,Bói toán dân gian,giai-mong-dan-gian-viet-tin-nguong-co-truyen-den-goc-nhin-khoa-hoc-b3d385,,"Nhật Nguyệt, bộ đánh giá ô tìm kiếm sinh ngày 2026-09-20",
cauhoi-0753,Khía cạnh Tam Hợp (Trine) và Lục Hợp (Sextile) khác nhau như thế nào?,vi,tri-thuc,Chiêm tinh học,khia-canh-tam-hop-trine-trong-chiem-tinh-hoc-22bf84,,"Nhật Nguyệt, bộ đánh giá ô tìm kiếm sinh ngày 2026-09-20",
cauhoi-0754,Khía cạnh vuông góc (square) trong chiêm tinh học là gì?,vi,tri-thuc,Chiêm tinh học,khia-canh-vuong-goc-square-trong-chiem-tinh-hoc-a51f17,,"Nhật Nguyệt, bộ đánh giá ô tìm kiếm sinh ngày 2026-09-20",
cauhoi-0755,Khía cạnh vuông góc khác gì với khía cạnh đối nghịch (opposition)?,vi,tri-thuc,Chiêm tinh học,khia-canh-vuong-goc-square-trong-chiem-tinh-hoc-a51f17,,"Nhật Nguyệt, bộ đánh giá ô tìm kiếm sinh ngày 2026-09-20",
cauhoi-0756,Không gian văn hóa Cồng Chiêng Tây Nguyên được UNESCO công nhận vào năm nào?,vi,tri-thuc,Tín ngưỡng dân tộc thiểu số,khong-gian-van-hoa-cong-chieng-tay-nguyen,,"Nhật Nguyệt, bộ đánh giá ô tìm kiếm sinh ngày 2026-09-20",
cauhoi-0757,Khăn đóng và áo the thường được mặc trong những dịp nào?,vi,tri-thuc,Trang phục truyền thống,khan-dong-ao-the-trang-phuc-truyen-thong-nam-gioi-viet-nam-fef041,,"Nhật Nguyệt, bộ đánh giá ô tìm kiếm sinh ngày 2026-09-20",
cauhoi-0758,Khả năng phủ chứng khác gì với chủ nghĩa phủ chứng?,vi,tri-thuc,Triết học khoa học,kha-nang-phu-chung-cua-karl-popper-b1d573,,"Nhật Nguyệt, bộ đánh giá ô tìm kiếm sinh ngày 2026-09-20",
cauhoi-0759,King of Wands có ý nghĩa gì trong trải bài tình yêu?,vi,tri-thuc,Tarot,la-bai-tarot-king-of-wands-y-nghia-chuyen-sau-0c5a88,,"Nhật Nguyệt, bộ đánh giá ô tìm kiếm sinh ngày 2026-09-20",
cauhoi-0760,Kiếp Tài khác Tỷ Kiên như thế nào trong Bát Tự?,vi,tri-thuc,Bát Tự,kiep-tai-trong-thap-than-cua-bat-tu-c40f78,,"Nhật Nguyệt, bộ đánh giá ô tìm kiếm sinh ngày 2026-09-20",
cauhoi-0761,Kết quả trắc nghiệm MBTI có thay đổi theo thời gian không?,vi,tri-thuc,MBTI,nhom-tinh-cach-mbti-enfp-acbba8,,"Nhật Nguyệt, bộ đánh giá ô tìm kiếm sinh ngày 2026-09-20",
cauhoi-0762,Luận đề Duhem–Quine phản bác khả năng phủ chứng như thế nào?,vi,tri-thuc,Triết học khoa học,kha-nang-phu-chung-cua-karl-popper-b1d573,,"Nhật Nguyệt, bộ đánh giá ô tìm kiếm sinh ngày 2026-09-20",
cauhoi-0763,Làm nhà năm nào được coi là phạm Kim lâu?,vi,tri-thuc,Kiêng kỵ dân gian,xem-tuoi-lam-nha-kim-lau-hoang-oc-tam-tai-tuc-muon-tuoi-ff8547,,"Nhật Nguyệt, bộ đánh giá ô tìm kiếm sinh ngày 2026-09-20",
cauhoi-0764,Làm sao biết mình thuộc mệnh nào trong Ngũ Hành?,vi,tri-thuc,Ngũ hành,ngu-hanh-mau-sac-nghe-nghiep,,"Nhật Nguyệt, bộ đánh giá ô tìm kiếm sinh ngày 2026-09-20",
cauhoi-0765,Làm sao phân biệt cold reading với bói toán thông thường?,vi,tri-thuc,Bói toán dân gian,cold-reading-ky-thuat-khien-loi-phan-chung-chung-nghe-nhu-noi-trung-40883a,,"Nhật Nguyệt, bộ đánh giá ô tìm kiếm sinh ngày 2026-09-20",
cauhoi-0766,Làm sao phân biệt trực giác thật với quy luật do não tự tạo ra?,vi,tri-thuc,Tâm lý học,vi-sao-con-nguoi-nhin-ra-quy-luat-o-noi-khong-co-quy-luat-fcbc8b,,"Nhật Nguyệt, bộ đánh giá ô tìm kiếm sinh ngày 2026-09-20",
cauhoi-0767,Làm sao để biết Nhật Chủ của mình?,vi,tri-thuc,Từ điển,tu-dien-nhat-chu,,"Nhật Nguyệt, bộ đánh giá ô tìm kiếm sinh ngày 2026-09-20",
cauhoi-0768,Làm sao để biết cung hoàng đạo của tôi thuộc nguyên tố nào?,vi,tri-thuc,Chiêm tinh học,cung-hoang-dao-va-tinh-cach-theo-4-yeu-to-lua-dat-khi-nuoc-7badf9,,"Nhật Nguyệt, bộ đánh giá ô tìm kiếm sinh ngày 2026-09-20",
cauhoi-0769,Làm sao để biết mình có Thất Sát trong lá số Bát Tự?,vi,tri-thuc,Bát Tự,that-sat-trong-thap-than-cua-bat-tu-db7b8e,,"Nhật Nguyệt, bộ đánh giá ô tìm kiếm sinh ngày 2026-09-20",
cauhoi-0770,Làm sao để phân biệt đá phong thủy thật và giả khi mua?,vi,tri-thuc,Đá phong thủy,da-phong-thuy-hop-cung-bo-cap-0c724c,,"Nhật Nguyệt, bộ đánh giá ô tìm kiếm sinh ngày 2026-09-20",
cauhoi-0771,Làm sao để tránh bị lừa đảo khi xem chỉ tay online?,vi,tri-thuc,Bói toán dân gian,xem-chi-tay-la-gi-cac-duong-chi-tay-va-vi-sao-khong-du-bao-tuong-lai-b30409,,"Nhật Nguyệt, bộ đánh giá ô tìm kiếm sinh ngày 2026-09-20",
cauhoi-0772,Làm thế nào để ENTJ cải thiện mối quan hệ với đồng nghiệp?,vi,tri-thuc,MBTI,nhom-tinh-cach-mbti-entj-nha-chi-huy-8a45bc,,"Nhật Nguyệt, bộ đánh giá ô tìm kiếm sinh ngày 2026-09-20",
cauhoi-0773,Làm thế nào để Type 2 tận dụng mũi tên tích hợp để phát triển bản thân?,vi,tri-thuc,Enneagram,mui-ten-tich-hop-va-phan-ra-cua-type-2-nguoi-giup-do-4280b7,,"Nhật Nguyệt, bộ đánh giá ô tìm kiếm sinh ngày 2026-09-20",
cauhoi-0774,Làm thế nào để biết Sao Hỏa của tôi nằm ở cung nào?,vi,tri-thuc,Chiêm tinh học,sao-hoa-trong-chiem-tinh-hoc-y-nghia-va-anh-huong-len-la-so-f63f63,,"Nhật Nguyệt, bộ đánh giá ô tìm kiếm sinh ngày 2026-09-20",
cauhoi-0775,Làm thế nào để biết sao Hải Vương ở cung nào trong lá số của tôi?,vi,tri-thuc,Chiêm tinh học,sao-hai-vuong-trong-chiem-tinh-hoc-y-nghia-va-anh-huong-len-la-so-d3e919,,"Nhật Nguyệt, bộ đánh giá ô tìm kiếm sinh ngày 2026-09-20",
cauhoi-0776,Làm thế nào để bảo tồn và phát huy nghề gốm Bàu Trúc trong tương lai?,vi,tri-thuc,Nghề thủ công truyền thống,nghe-thuat-lam-gom-cham-bau-truc-di-san-van-hoa-unesco-517ab1,,"Nhật Nguyệt, bộ đánh giá ô tìm kiếm sinh ngày 2026-09-20",
cauhoi-0777,Làm thế nào để cân bằng hoặc hỗ trợ năng lượng của thiên can Đinh?,vi,tri-thuc,Kinh Dịch,thien-can-dinh-dac-tinh-am-duong-ngu-hanh-trong-kinh-dich-c6d4fd,,"Nhật Nguyệt, bộ đánh giá ô tìm kiếm sinh ngày 2026-09-20",
cauhoi-0778,Làm thế nào để cân bằng năng lượng của Thiên Can Quý trong phong thủy?,vi,tri-thuc,Kinh Dịch,thien-can-quy-dac-tinh-am-duong-ngu-hanh-f0e02d,,"Nhật Nguyệt, bộ đánh giá ô tìm kiếm sinh ngày 2026-09-20",
cauhoi-0779,Làm thế nào để cải thiện mối quan hệ giữa người thuộc nguyên tố Khí và Nước?,vi,tri-thuc,Chiêm tinh học,tuong-hop-nguyen-to-khi-nuoc-trong-chiem-tinh-hoc-b54519,,"Nhật Nguyệt, bộ đánh giá ô tìm kiếm sinh ngày 2026-09-20",
cauhoi-0780,Làm thế nào để cải thiện mối quan hệ giữa người thuộc nguyên tố Đất và nguyên tố Khí?,vi,tri-thuc,Chiêm tinh học,tuong-hop-nguyen-to-dat-khi-trong-chiem-tinh-hoc-6956d3,,"Nhật Nguyệt, bộ đánh giá ô tìm kiếm sinh ngày 2026-09-20",
cauhoi-0781,Làm thế nào để giảm thiểu ảo tưởng tương quan?,vi,tri-thuc,Tâm lý học,ao-tuong-tuong-quan-0bedac,,"Nhật Nguyệt, bộ đánh giá ô tìm kiếm sinh ngày 2026-09-20",
cauhoi-0782,Làm thế nào để hóa giải những mặt tiêu cực của Thiên Ấn (Kiêu Thần) trong lá số Bát Tự?,vi,tri-thuc,Bát Tự,thien-an-kieu-than-trong-bat-tu-76123e,,"Nhật Nguyệt, bộ đánh giá ô tìm kiếm sinh ngày 2026-09-20",
cauhoi-0783,Làm thế nào để hóa giải những mặt tiêu cực của Thương Quan?,vi,tri-thuc,Bát Tự,thuong-quan-trong-thap-than-cua-bat-tu-4a6501,,"Nhật Nguyệt, bộ đánh giá ô tìm kiếm sinh ngày 2026-09-20",
cauhoi-0784,Làm thế nào để hóa giải sao Lục Bạch gây họa?,vi,tri-thuc,Phong thủy,sao-luc-bach-trong-cuu-tinh-huyen-khong-phiet-tinh-y-nghia-cat-hung-cf6aae,,"Nhật Nguyệt, bộ đánh giá ô tìm kiếm sinh ngày 2026-09-20",
cauhoi-0785,Làm thế nào để tận dụng năng lượng của Trăng Bán Nguyệt Đầu Tháng trong cuộc sống?,vi,tri-thuc,Chiêm tinh học,trang-ban-nguyet-dau-thang-y-nghia-trong-chiem-tinh-va-doi-song-07301a,,"Nhật Nguyệt, bộ đánh giá ô tìm kiếm sinh ngày 2026-09-20",
cauhoi-0786,Làm thế nào để xác định Nhà 4 trong lá số chiêm tinh của tôi?,vi,tri-thuc,Chiêm tinh học,nha-4-gia-dinh-trong-la-so-chiem-tinh-643102,,"Nhật Nguyệt, bộ đánh giá ô tìm kiếm sinh ngày 2026-09-20",
cauhoi-0787,Làng hương Cao Thôn nằm ở đâu và có lịch sử bao lâu?,vi,tri-thuc,Nghề thủ công truyền thống,lang-huong-co-truyen-cao-thon-cai-noi-nghe-lam-huong-viet-nam-272a4d,,"Nhật Nguyệt, bộ đánh giá ô tìm kiếm sinh ngày 2026-09-20",
cauhoi-0788,Làng hương Thôn Cao nằm ở đâu và có lịch sử bao lâu?,vi,tri-thuc,Nghề thủ công truyền thống,lang-huong-thon-cao-noi-luu-giu-net-dep-tin-nguong-nguoi-viet-166987,,"Nhật Nguyệt, bộ đánh giá ô tìm kiếm sinh ngày 2026-09-20",
cauhoi-0789,Làng nghề đúc đồng Ngũ Xã nằm ở đâu và có lịch sử bao lâu?,vi,tri-thuc,Nghề thủ công truyền thống,tinh-hoa-lang-nghe-duc-dong-ngu-xa-614b34,,"Nhật Nguyệt, bộ đánh giá ô tìm kiếm sinh ngày 2026-09-20",
cauhoi-0790,Làng đúc đồng Trà Đông nằm ở đâu và có lịch sử bao lâu?,vi,tri-thuc,Nghề thủ công truyền thống,nghe-duc-dong-co-truyen-lang-tra-dong-hon-viet-nghin-nam-7d463a,,"Nhật Nguyệt, bộ đánh giá ô tìm kiếm sinh ngày 2026-09-20",
cauhoi-0791,Lễ Cấp sắc của người Sán Dìu thường được tổ chức khi nào?,vi,tri-thuc,Nghi lễ vòng đời,le-cap-sac-nghi-le-truong-thanh-cua-nguoi-san-diu-856cd0,,"Nhật Nguyệt, bộ đánh giá ô tìm kiếm sinh ngày 2026-09-20",
cauhoi-0792,Lễ Giỗ Tổ Hùng Vương được tổ chức vào ngày nào?,vi,tri-thuc,Thờ cúng tổ tiên,tin-nguong-tho-cung-hung-vuong-di-san-van-hoa-phi-vat-the-13284d,,"Nhật Nguyệt, bộ đánh giá ô tìm kiếm sinh ngày 2026-09-20",
cauhoi-0793,Lễ cúng trưởng thành của người Ê Đê được tổ chức khi nào?,vi,tri-thuc,Nghi lễ vòng đời,le-cung-truong-thanh-nguoi-e-de-nghi-thuc-thao-vong-dong-64d798,,"Nhật Nguyệt, bộ đánh giá ô tìm kiếm sinh ngày 2026-09-20",
cauhoi-0794,Lễ hội Chùa Hương diễn ra ở đâu và khi nào?,vi,tri-thuc,Phong tục lễ tết,le-hoi-chua-huong-hanh-huong-mua-xuan,,"Nhật Nguyệt, bộ đánh giá ô tìm kiếm sinh ngày 2026-09-20",
cauhoi-0795,Lễ hội Cầu ngư ở Cửa Đại được tổ chức khi nào và ở đâu?,vi,tri-thuc,Lễ hội truyền thống,le-hoi-cau-ngu-o-cua-dai-trian-than-nam-hai-dd9605,,"Nhật Nguyệt, bộ đánh giá ô tìm kiếm sinh ngày 2026-09-20",
cauhoi-0796,Lễ hội Lồng Tồng thường được tổ chức vào thời gian nào?,vi,tri-thuc,Lễ hội truyền thống,le-hoi-long-tong-nguoi-tay-lao-cai-f161e7,,"Nhật Nguyệt, bộ đánh giá ô tìm kiếm sinh ngày 2026-09-20",
cauhoi-0797,Lễ hội Lồng Tồng được tổ chức vào thời gian nào trong năm?,vi,tri-thuc,Lễ hội truyền thống,le-hoi-long-tong-nguoi-tay-0714f1,,"Nhật Nguyệt, bộ đánh giá ô tìm kiếm sinh ngày 2026-09-20",
cauhoi-0798,Lễ hội nhảy lửa của người Pà Thẻn được tổ chức khi nào và ở đâu?,vi,tri-thuc,Lễ hội truyền thống,le-hoi-nhay-lua-cua-nguoi-pa-then-964d9e,,"Nhật Nguyệt, bộ đánh giá ô tìm kiếm sinh ngày 2026-09-20",
cauhoi-0799,Lễ hội và tín ngưỡng ở Tây Bắc có điểm gì chung?,vi,tri-thuc,So sánh vùng miền,van-hoa-tay-bac-cong-dong-tin-nguong-le-hoi-nghe-truyen-thong-0d4928,,"Nhật Nguyệt, bộ đánh giá ô tìm kiếm sinh ngày 2026-09-20",
cauhoi-0800,Lễ vật cúng động thổ có bắt buộc phải đầy đủ như bài hướng dẫn không?,vi,tri-thuc,Bói toán dân gian,cach-xem-ngay-gio-tot-xau-cuoi-hoi-dong-tho-1bdd79,,"Nhật Nguyệt, bộ đánh giá ô tìm kiếm sinh ngày 2026-09-20",
cauhoi-0801,Lịch âm Việt Nam có phải là lịch thuần túy theo Mặt Trăng không?,vi,tri-thuc,Lịch âm,lich-am-viet-nam-la-lich-am-duong-vi-sao-goi-tat-gay-hieu-nham-f65619,,"Nhật Nguyệt, bộ đánh giá ô tìm kiếm sinh ngày 2026-09-20",
cauhoi-0802,Lịch âm Việt Nam đang dùng là âm lịch thuần túy hay âm dương lịch?,vi,tri-thuc,Lịch âm,quy-doi-ngay-am-sang-ngay-duong-phep-tinh-dua-vao-dau-efd34d,,"Nhật Nguyệt, bộ đánh giá ô tìm kiếm sinh ngày 2026-09-20",
cauhoi-0803,Muốn kiểm tra một tài liệu về vận hạn theo năm có đáng tin không thì xem gì?,vi,tri-thuc,Tử Vi,van-han-theo-nam-tu-vi-la-gi-6a0579,,"Nhật Nguyệt, bộ đánh giá ô tìm kiếm sinh ngày 2026-09-20",
cauhoi-0804,Màu sắc nào phù hợp với người mệnh Thiên Thượng Hỏa?,vi,tri-thuc,Tử vi,nap-am-thien-thuong-hoa-la-gi-y-nghia-ngu-hanh-cc24ef,,"Nhật Nguyệt, bộ đánh giá ô tìm kiếm sinh ngày 2026-09-20",
cauhoi-0805,Mâm cúng Rằm tháng 8 bắt buộc phải có những gì?,vi,tri-thuc,Lễ Tết,cach-bay-mam-cung-ram-thang-8-tet-trung-thu-7fe4f0,,"Nhật Nguyệt, bộ đánh giá ô tìm kiếm sinh ngày 2026-09-20",
cauhoi-0806,Mâm cỗ cúng Phật ngày Rằm tháng 7 cần có những món gì?,vi,tri-thuc,Ẩm thực truyền thống,ba-mam-co-cung-ram-thang-7-660716,,"Nhật Nguyệt, bộ đánh giá ô tìm kiếm sinh ngày 2026-09-20",
cauhoi-0807,Mâm ngũ quả truyền thống của người miền Tây gồm những loại quả gì và mang ý nghĩa ra sao?,vi,tri-thuc,Kiêng kỵ dân gian,vi-sao-nguoi-mien-tay-kieng-chung-chuoi-ngay-tet-mam-ngu-qua-nam-bo-d016cb,,"Nhật Nguyệt, bộ đánh giá ô tìm kiếm sinh ngày 2026-09-20",
cauhoi-0808,Món ăn nào là biểu tượng không thể thiếu trong mâm cỗ Tết miền Bắc?,vi,tri-thuc,So sánh vùng miền,so-sanh-mam-co-tet-ba-mien-bac-trung-nam-1043e9,,"Nhật Nguyệt, bộ đánh giá ô tìm kiếm sinh ngày 2026-09-20",
cauhoi-0809,Mũi tên tích hợp 5-8 có ý nghĩa gì trong công việc của một người Type 5?,vi,tri-thuc,Enneagram,mui-ten-tich-hop-va-phan-ra-type-5-enneagram-427bfe,,"Nhật Nguyệt, bộ đánh giá ô tìm kiếm sinh ngày 2026-09-20",
cauhoi-0810,Mũi tên tích hợp của Type 2 hướng đến Type nào?,vi,tri-thuc,Enneagram,mui-ten-tich-hop-va-phan-ra-cua-type-2-nguoi-giup-do-4280b7,,"Nhật Nguyệt, bộ đánh giá ô tìm kiếm sinh ngày 2026-09-20",
cauhoi-0811,Mũi tên tích hợp và phân rã trong Enneagram khác nhau thế nào?,vi,tri-thuc,Enneagram,mui-ten-tich-hop-va-phan-ra-trong-enneagram-c3a71a,,"Nhật Nguyệt, bộ đánh giá ô tìm kiếm sinh ngày 2026-09-20",
cauhoi-0812,Một ngày có bao nhiêu giờ Hoàng Đạo?,vi,tri-thuc,Xem ngày truyền thống,cach-xem-gio-hoang-dao,,"Nhật Nguyệt, bộ đánh giá ô tìm kiếm sinh ngày 2026-09-20",
cauhoi-0813,Mục đích chính của Ngày Môi trường Thế giới là gì?,vi,tri-thuc,Ngày kỷ niệm Việt Nam,ngay-moi-truong-the-gioi-5-6-nguon-goc-y-nghia-9086d3,,"Nhật Nguyệt, bộ đánh giá ô tìm kiếm sinh ngày 2026-09-20",
cauhoi-0814,Nghi lễ cúng tổ tiên đêm giao thừa của người Dao Quần Chẹt có gì đặc biệt?,vi,tri-thuc,Lễ Tết,phong-tuc-don-tet-co-truyen-cua-nguoi-dao-quan-chet-o-phu-tho-441418,,"Nhật Nguyệt, bộ đánh giá ô tìm kiếm sinh ngày 2026-09-20",
cauhoi-0815,Nghi lễ vòng đời có ảnh hưởng đến vận mệnh hay tài lộc không?,vi,tri-thuc,Nghi lễ vòng đời,nghi-le-vong-doi-cua-nguoi-viet-gom-nhung-nghi-thuc-nao-tong-quan,,"Nhật Nguyệt, bộ đánh giá ô tìm kiếm sinh ngày 2026-09-20",
cauhoi-0816,"Ngoài ngày Hoàng Đạo, cần xem thêm yếu tố gì khi chọn ngày cưới?",vi,tri-thuc,Bói toán dân gian,xem-ngay-tot-xau-cuoi-hoi-dong-tho-58d7ca,,"Nhật Nguyệt, bộ đánh giá ô tìm kiếm sinh ngày 2026-09-20",
cauhoi-0817,Nguyễn Du sử dụng nhân tướng học trong Truyện Kiều nhằm mục đích gì?,vi,tri-thuc,Nhân tướng học,nhan-tuong-hoc-trong-truyen-kieu-nguyen-du-ce8edb,,"Nhật Nguyệt, bộ đánh giá ô tìm kiếm sinh ngày 2026-09-20",
cauhoi-0818,Ngày 20/10 hiện nay thường được tổ chức như thế nào?,vi,tri-thuc,Ngày kỷ niệm Việt Nam,ngay-phu-nu-viet-nam-20-10-nguon-goc-y-nghia-fbd220,,"Nhật Nguyệt, bộ đánh giá ô tìm kiếm sinh ngày 2026-09-20",
cauhoi-0819,Ngày Doanh nhân Việt Nam 13/10 ra đời từ khi nào?,vi,tri-thuc,Ngày kỷ niệm Việt Nam,ngay-doanh-nhan-viet-nam-13-10-c69155,,"Nhật Nguyệt, bộ đánh giá ô tìm kiếm sinh ngày 2026-09-20",
cauhoi-0820,Ngày Hoàng Đạo là gì và vì sao được chọn để làm việc lớn?,vi,tri-thuc,Bói toán dân gian,xem-ngay-tot-xau-cuoi-hoi-dong-tho-58d7ca,,"Nhật Nguyệt, bộ đánh giá ô tìm kiếm sinh ngày 2026-09-20",
cauhoi-0821,Ngày Hoàng Đạo là gì?,vi,tri-thuc,Xem ngày truyền thống,xem-ngay-tot-xau-lich-van-nien,,"Nhật Nguyệt, bộ đánh giá ô tìm kiếm sinh ngày 2026-09-20",
cauhoi-0822,Ngày mùng 1 âm lịch được xác định dựa trên cơ sở nào?,vi,tri-thuc,Lịch âm,vi-sao-hai-quyen-lich-ghi-hai-ngay-am-khac-nhau-a2d247,,"Nhật Nguyệt, bộ đánh giá ô tìm kiếm sinh ngày 2026-09-20",
cauhoi-0823,"Ngày nay, người Hà Nhì có còn thực hiện tục xem gan lợn không và nên nhìn nhận thế nào?",vi,tri-thuc,Bói toán dân gian,tuc-xem-gan-lon-doan-van-may-dau-nam-cua-nguoi-ha-nhi-eb4daf,,"Nhật Nguyệt, bộ đánh giá ô tìm kiếm sinh ngày 2026-09-20",
cauhoi-0824,Ngày thơ Việt Nam có liên quan gì đến Rằm tháng Giêng?,vi,tri-thuc,Phong tục lễ tết,ram-thang-gieng-tet-nguyen-tieu,,"Nhật Nguyệt, bộ đánh giá ô tìm kiếm sinh ngày 2026-09-20",
cauhoi-0825,Người ISFP phù hợp với nghề nghiệp nào?,vi,tri-thuc,MBTI,nhom-tinh-cach-mbti-isfp-nguoi-nghe-si-5fcef7,,"Nhật Nguyệt, bộ đánh giá ô tìm kiếm sinh ngày 2026-09-20",
cauhoi-0826,Người Khơ Mú thờ cúng những loại ma nào?,vi,tri-thuc,Cộng đồng các dân tộc,dan-toc-kho-mu-noi-cu-tru-tieng-noi-tap-tuc-tho-cung-le-hoi-d7f3d5,,"Nhật Nguyệt, bộ đánh giá ô tìm kiếm sinh ngày 2026-09-20",
cauhoi-0827,Người Việt xưa chọn người xông đất dựa trên tiêu chí nào?,vi,tri-thuc,Phong tục Tết,tuc-xong-dat-dau-nam-nguon-goc-va-cach-chon-nguoi-xong-nha-1b00ad,,"Nhật Nguyệt, bộ đánh giá ô tìm kiếm sinh ngày 2026-09-20",
cauhoi-0828,Người cung Nhân Mã hợp với đá màu gì nhất?,vi,tri-thuc,Đá phong thủy,da-phong-thuy-hop-cung-nhan-ma-635018,,"Nhật Nguyệt, bộ đánh giá ô tìm kiếm sinh ngày 2026-09-20",
cauhoi-0829,Người cung Song Ngư có nên đeo đá màu đỏ hoặc hồng không?,vi,tri-thuc,Đá phong thủy,da-phong-thuy-hop-cung-song-ngu-y-nghia-va-cach-chon-29ad40,,"Nhật Nguyệt, bộ đánh giá ô tìm kiếm sinh ngày 2026-09-20",
cauhoi-0830,Người có Thiên Tài vượng trong lá số thường có tính cách như thế nào?,vi,tri-thuc,Bát Tự,thien-tai-trong-thap-than-bat-tu-22d665,,"Nhật Nguyệt, bộ đánh giá ô tìm kiếm sinh ngày 2026-09-20",
cauhoi-0831,Người có Thất Sát mạnh nên chọn nghề gì để phát huy năng lực?,vi,tri-thuc,Bát Tự,that-sat-trong-thap-than-cua-bat-tu-db7b8e,,"Nhật Nguyệt, bộ đánh giá ô tìm kiếm sinh ngày 2026-09-20",
cauhoi-0832,Người có Thực Thần tốt nên chọn ngành nghề nào?,vi,tri-thuc,Bát Tự,thuc-than-trong-thap-than-cua-bat-tu-1ad24e,,"Nhật Nguyệt, bộ đánh giá ô tìm kiếm sinh ngày 2026-09-20",
cauhoi-0833,Người có Tử Vi thủ Mệnh có nhất thiết sẽ làm lãnh đạo không?,vi,tri-thuc,Tử vi Đẩu Số,sao-tu-vi,,"Nhật Nguyệt, bộ đánh giá ô tìm kiếm sinh ngày 2026-09-20",
cauhoi-0834,Người có tướng mũi xấu thì có thể cải thiện vận mệnh không?,vi,tri-thuc,Xem tướng,xem-tuong-qua-mui-theo-nhan-tuong-hoc-6dd3dd,,"Nhật Nguyệt, bộ đánh giá ô tìm kiếm sinh ngày 2026-09-20",
cauhoi-0835,Người mang số 4 nên chọn nghề nghiệp gì để phát huy thế mạnh?,vi,tri-thuc,Thần số học,y-nghia-so-4-than-so-hoc-phuong-dong-4ca1df,,"Nhật Nguyệt, bộ đánh giá ô tìm kiếm sinh ngày 2026-09-20",
cauhoi-0836,Người môi mỏng có thực sự 'đào hoa' và hay tranh cãi không?,vi,tri-thuc,Xem tướng,xem-tuong-qua-mieng-theo-nhan-tuong-hoc-ce451a,,"Nhật Nguyệt, bộ đánh giá ô tìm kiếm sinh ngày 2026-09-20",
cauhoi-0837,"Người theo đạo khác (như Phật giáo, Công giáo) có cúng mồng Một không?",vi,tri-thuc,Thờ cúng tổ tiên,y-nghia-cung-mong-mot-dau-thang-ngay-soc-659bf6,,"Nhật Nguyệt, bộ đánh giá ô tìm kiếm sinh ngày 2026-09-20",
cauhoi-0838,Người tuổi Dần nên tránh kết hợp với tuổi nào?,vi,tri-thuc,12 Con Giáp,con-giap-dan,,"Nhật Nguyệt, bộ đánh giá ô tìm kiếm sinh ngày 2026-09-20",
cauhoi-0839,Người tuổi Sửu có thực sự chung thủy trong tình yêu không?,vi,tri-thuc,Con giáp,dac-diem-tinh-cach-nguoi-tuoi-suu-theo-quan-niem-dan-gian-43cc74,,"Nhật Nguyệt, bộ đánh giá ô tìm kiếm sinh ngày 2026-09-20",
cauhoi-0840,Người tuổi Sửu nên tránh kết hợp với tuổi nào?,vi,tri-thuc,12 Con Giáp,con-giap-suu,,"Nhật Nguyệt, bộ đánh giá ô tìm kiếm sinh ngày 2026-09-20",
cauhoi-0841,Người tuổi Thân hợp với những công việc nào?,vi,tri-thuc,Con giáp,dac-diem-tinh-cach-nguoi-tuoi-than-133c96,,"Nhật Nguyệt, bộ đánh giá ô tìm kiếm sinh ngày 2026-09-20",
cauhoi-0842,Người tuổi Thìn nên tránh kết hợp với tuổi nào?,vi,tri-thuc,12 Con Giáp,con-giap-thin,,"Nhật Nguyệt, bộ đánh giá ô tìm kiếm sinh ngày 2026-09-20",
cauhoi-0843,Người tuổi Tý nên tránh kết hợp với tuổi nào?,vi,tri-thuc,12 Con Giáp,con-giap-ty,,"Nhật Nguyệt, bộ đánh giá ô tìm kiếm sinh ngày 2026-09-20",
cauhoi-0844,Người xem Saju chuyên nghiệp ở Hàn Quốc được gọi là gì?,vi,tri-thuc,Saju,saju-tu-tru-han-quoc,,"Nhật Nguyệt, bộ đánh giá ô tìm kiếm sinh ngày 2026-09-20",
cauhoi-0845,Người đang có tang có được đi xông đất không?,vi,tri-thuc,Phong tục Tết,chon-tuoi-xong-dat-hop-gia-chu-cach-lam-va-gioi-han-2dfdae,,"Nhật Nguyệt, bộ đánh giá ô tìm kiếm sinh ngày 2026-09-20",
cauhoi-0846,Ngụy biện chi phí chìm có phải là lý do hợp lệ để tiếp tục một quyết định không?,vi,tri-thuc,Triết học khoa học,tu-duy-phan-bien-truoc-mot-loi-doan-nam-cau-hoi-va-loi-lap-luan-c27973,,"Nhật Nguyệt, bộ đánh giá ô tìm kiếm sinh ngày 2026-09-20",
cauhoi-0847,Nhà 12 trong chiêm tinh có ý nghĩa gì?,vi,tri-thuc,Chiêm tinh học,nha-12-tiem-thuc-va-nghiep-qua-trong-la-so-chiem-tinh-b205a1,,"Nhật Nguyệt, bộ đánh giá ô tìm kiếm sinh ngày 2026-09-20",
cauhoi-0848,Nhà 7 có ý nghĩa gì trong chiêm tinh?,vi,tri-thuc,Chiêm tinh học,nha-7-quan-he-doi-tac-trong-la-so-chiem-tinh-y-nghia-642f6f,,"Nhật Nguyệt, bộ đánh giá ô tìm kiếm sinh ngày 2026-09-20",
cauhoi-0849,Nhà tọa Tý hướng Ngọ có ý nghĩa gì trong phong thủy?,vi,tri-thuc,Phong thủy,son-huong-ty-trong-24-son-huong-phong-thuy-bcb94a,,"Nhật Nguyệt, bộ đánh giá ô tìm kiếm sinh ngày 2026-09-20",
cauhoi-0850,Nhân tướng học có nguồn gốc từ đâu?,vi,tri-thuc,Xem tướng khuôn mặt,lich-su-nguon-goc-nhan-tuong-hoc,,"Nhật Nguyệt, bộ đánh giá ô tìm kiếm sinh ngày 2026-09-20",
cauhoi-0851,Nhân tướng học có phải là khoa học đã được kiểm chứng?,vi,tri-thuc,Nhân tướng học,nhan-tuong-hoc-lich-su-va-vi-tri-trong-van-hoa-viet-37c67e,,"Nhật Nguyệt, bộ đánh giá ô tìm kiếm sinh ngày 2026-09-20",
cauhoi-0852,Nhân tướng học trong Truyện Kiều có phải là dự đoán số phận chắc chắn không?,vi,tri-thuc,Nhân tướng học,nhan-tuong-hoc-trong-truyen-kieu-nguyen-du-ce8edb,,"Nhật Nguyệt, bộ đánh giá ô tìm kiếm sinh ngày 2026-09-20",
cauhoi-0853,Nhóm Cố Định khác gì so với Nhóm Khởi Phát và Nhóm Di Động?,vi,tri-thuc,Chiêm tinh học,nhom-co-dinh-fixed-trong-chiem-tinh-hoc-2d1f45,,"Nhật Nguyệt, bộ đánh giá ô tìm kiếm sinh ngày 2026-09-20",
cauhoi-0854,Nhật Chủ là gì?,vi,tri-thuc,Bát Tự,bat-tu-tu-tru-la-gi,,"Nhật Nguyệt, bộ đánh giá ô tìm kiếm sinh ngày 2026-09-20",
cauhoi-0855,Nhật Nguyệt tịnh minh có đảm bảo giàu sang hay thành công không?,vi,tri-thuc,Tử vi Đẩu Số,nhat-nguyet-tinh-minh-la-cach-cuc-gi-e84517,,"Nhật Nguyệt, bộ đánh giá ô tìm kiếm sinh ngày 2026-09-20",
cauhoi-0856,Những hoạt động chính trong lễ hội Đền Đô là gì?,vi,tri-thuc,Nhân vật lịch sử,le-hoi-den-do-tho-8-vi-vua-trieu-ly-o-bac-ninh-6ae27e,,"Nhật Nguyệt, bộ đánh giá ô tìm kiếm sinh ngày 2026-09-20",
cauhoi-0857,Những khó khăn chính khi thực hiện nếp sống văn minh trong tang lễ ở Huế là gì?,vi,tri-thuc,Nghi lễ vòng đời,tang-le-co-truyen-xu-hue-nghi-thuc-trong-le-va-hanh-trinh-huong-toi-nep-song-van-minh-c0f11a,,"Nhật Nguyệt, bộ đánh giá ô tìm kiếm sinh ngày 2026-09-20",
cauhoi-0858,Những kiêng kỵ này có cơ sở khoa học không?,vi,tri-thuc,Ẩm thực truyền thống,mon-an-kieng-ky-dau-nam-moi-3d0faa,,"Nhật Nguyệt, bộ đánh giá ô tìm kiếm sinh ngày 2026-09-20",
cauhoi-0859,Nên hái lộc ở những loại cây nào để gặp may mắn theo phong tục cổ truyền?,vi,tri-thuc,Bói toán dân gian,tuc-xin-xam-hai-loc-dau-nam-tai-chua-cua-nguoi-viet-311d03,,"Nhật Nguyệt, bộ đánh giá ô tìm kiếm sinh ngày 2026-09-20",
cauhoi-0860,Năm 2025 có tháng nhuận không và là tháng mấy?,vi,tri-thuc,Lịch âm,thang-nhuan-am-lich-vi-sao-co-tinh-the-nao-31de74,,"Nhật Nguyệt, bộ đánh giá ô tìm kiếm sinh ngày 2026-09-20",
cauhoi-0861,Năm 2026 có phải là năm tuổi Ngọ không?,vi,tri-thuc,12 Con Giáp,con-giap-ngo,,"Nhật Nguyệt, bộ đánh giá ô tìm kiếm sinh ngày 2026-09-20",
cauhoi-0862,Năm 2028 là năm con giáp gì?,vi,tri-thuc,12 Con Giáp,con-giap-than,,"Nhật Nguyệt, bộ đánh giá ô tìm kiếm sinh ngày 2026-09-20",
cauhoi-0863,Năm 2029 là năm con giáp gì?,vi,tri-thuc,12 Con Giáp,con-giap-dau,,"Nhật Nguyệt, bộ đánh giá ô tìm kiếm sinh ngày 2026-09-20",
cauhoi-0864,Năm 2030 là năm con giáp gì?,vi,tri-thuc,12 Con Giáp,con-giap-tuat,,"Nhật Nguyệt, bộ đánh giá ô tìm kiếm sinh ngày 2026-09-20",
cauhoi-0865,Nạp Âm có phải là mệnh của một người không?,vi,tri-thuc,Từ điển,tu-dien-nap-am,,"Nhật Nguyệt, bộ đánh giá ô tìm kiếm sinh ngày 2026-09-20",
cauhoi-0866,Nạp âm Lộ Bàng Thổ gồm những năm nào?,vi,tri-thuc,Tử vi,nap-am-lo-bang-tho-la-gi-y-nghia-ngu-hanh-68a8f8,,"Nhật Nguyệt, bộ đánh giá ô tìm kiếm sinh ngày 2026-09-20",
cauhoi-0867,Nạp âm Thạch Lựu Mộc ứng với những năm sinh nào?,vi,tri-thuc,Tử vi,nap-am-thach-luu-moc-y-nghia-ngu-hanh-9931cd,,"Nhật Nguyệt, bộ đánh giá ô tìm kiếm sinh ngày 2026-09-20",
cauhoi-0868,Nếu không có thầy xem ngày thì tôi có thể tự tra cứu ngày tốt được không?,vi,tri-thuc,Bói toán dân gian,cach-xem-ngay-gio-tot-xau-cuoi-hoi-dong-tho-1bdd79,,"Nhật Nguyệt, bộ đánh giá ô tìm kiếm sinh ngày 2026-09-20",
cauhoi-0869,Nếu tôi có nhiều hơn một nguyên tố mạnh trong lá số thì sao?,vi,tri-thuc,Chiêm tinh học,cung-hoang-dao-va-tinh-cach-theo-4-yeu-to-lua-dat-khi-nuoc-7badf9,,"Nhật Nguyệt, bộ đánh giá ô tìm kiếm sinh ngày 2026-09-20",
cauhoi-0870,"Nếu tổng khi tính số ngày cá nhân ra 11, 22 hoặc 33 thì có giữ nguyên không?",vi,tri-thuc,Thần số học,so-ngay-vu-tru-va-so-ngay-ca-nhan-hai-lop-khac-nhau-d19071,,"Nhật Nguyệt, bộ đánh giá ô tìm kiếm sinh ngày 2026-09-20",
cauhoi-0871,Nếu xin phải lá xăm xấu thì phải làm gì?,vi,tri-thuc,Bói toán dân gian,tuc-xin-xam-rut-xam-dau-nam-o-chua-nghi-thuc-va-y-nghia-van-hoa-1203fb,,"Nhật Nguyệt, bộ đánh giá ô tìm kiếm sinh ngày 2026-09-20",
cauhoi-0872,Nốt ruồi ở mắt có ý nghĩa gì?,vi,tri-thuc,Xem tướng,xem-tuong-not-ruoi-tren-mat-7958d5,,"Nhật Nguyệt, bộ đánh giá ô tìm kiếm sinh ngày 2026-09-20",
cauhoi-0873,Nốt ruồi ở vị trí nào trên mặt được xem là tốt nhất trong nhân tướng học dân gian?,vi,tri-thuc,Nhân tướng học,ban-do-not-ruoi-tren-khuon-mat-theo-dan-gian-viet-0a5242,,"Nhật Nguyệt, bộ đánh giá ô tìm kiếm sinh ngày 2026-09-20",
cauhoi-0874,Phụ nữ mang thai có kiêng đi đám ma không?,vi,tri-thuc,Kiêng kỵ dân gian,quan-niem-dan-gian-ve-kieng-ky-khi-nha-co-tang-7250d6,,"Nhật Nguyệt, bộ đánh giá ô tìm kiếm sinh ngày 2026-09-20",
cauhoi-0875,Quy trình làm hương Phia Thắp gồm những công đoạn chính nào?,vi,tri-thuc,Nghề thủ công truyền thống,nghe-lam-huong-truyen-thong-cua-nguoi-nung-an-o-cao-bang-19f9fa,,"Nhật Nguyệt, bộ đánh giá ô tìm kiếm sinh ngày 2026-09-20",
cauhoi-0876,Quẻ Thủy Thiên Nhu có liên quan gì đến việc chờ đợi trong tình yêu và hôn nhân?,vi,tri-thuc,Kinh Dịch,que-thuy-thien-nhu-kinh-dich-f9ba9b,,"Nhật Nguyệt, bộ đánh giá ô tìm kiếm sinh ngày 2026-09-20",
cauhoi-0877,Quẻ Tỉnh (giếng nước) trong Kinh Dịch có ý nghĩa gì đối với việc xây dựng thương hiệu?,vi,tri-thuc,Kinh Dịch,ung-dung-kinh-dich-trong-kinh-doanh-abf67e,,"Nhật Nguyệt, bộ đánh giá ô tìm kiếm sinh ngày 2026-09-20",
cauhoi-0878,Quẻ Địa Lôi Phục (quẻ 24) thường xuất hiện khi nào và báo hiệu điều gì?,vi,tri-thuc,Kinh Dịch,que-dia-loi-phuc-y-nghia-va-ung-dung-trong-kinh-dich-5cb9db,,"Nhật Nguyệt, bộ đánh giá ô tìm kiếm sinh ngày 2026-09-20",
cauhoi-0879,Quẻ đơn Khôn có ý nghĩa gì trong Bát Quái?,vi,tri-thuc,Kinh Dịch,que-don-khon-trong-bat-quai-225a95,,"Nhật Nguyệt, bộ đánh giá ô tìm kiếm sinh ngày 2026-09-20",
cauhoi-0880,Rượu cần của người S'tiêng có mấy loại chính?,vi,tri-thuc,Ẩm thực truyền thống,ky-thuat-che-bien-ruou-can-doc-dao-cua-nguoi-stieng-7e0acc,,"Nhật Nguyệt, bộ đánh giá ô tìm kiếm sinh ngày 2026-09-20",
cauhoi-0881,Sao Thủy nghịch hành có thật sự khiến mọi thứ hỏng hóc không?,vi,tri-thuc,Chiêm tinh học,sao-thuy-nghich-hanh-la-gi-anh-huong-ra-sao-599b0d,,"Nhật Nguyệt, bộ đánh giá ô tìm kiếm sinh ngày 2026-09-20",
cauhoi-0882,Sao nào cai quản cung Song Ngư?,vi,tri-thuc,Chiêm tinh phương Tây,cung-song-ngu,,"Nhật Nguyệt, bộ đánh giá ô tìm kiếm sinh ngày 2026-09-20",
cauhoi-0883,Sinh nhật Bác Hồ năm 1954 có gì đặc biệt?,vi,tri-thuc,Ngày kỷ niệm Việt Nam,ngay-sinh-chu-tich-ho-chi-minh-19-5-485631,,"Nhật Nguyệt, bộ đánh giá ô tìm kiếm sinh ngày 2026-09-20",
cauhoi-0884,Sơn Hợi hợp với hướng nào và mang lại lợi ích gì?,vi,tri-thuc,Phong thủy,son-huong-hoi-trong-24-son-huong-phong-thuy-7e5797,,"Nhật Nguyệt, bộ đánh giá ô tìm kiếm sinh ngày 2026-09-20",
cauhoi-0885,Sơn hướng Đinh hợp với người mệnh nào nhất?,vi,tri-thuc,Phong thủy,son-huong-dinh-trong-24-son-huong-phong-thuy-fd28cc,,"Nhật Nguyệt, bộ đánh giá ô tìm kiếm sinh ngày 2026-09-20",
cauhoi-0886,Sơn Đầu Hỏa khác gì với các nạp âm Hỏa khác?,vi,tri-thuc,Tử vi,nap-am-son-dau-hoa-la-gi-y-nghia-ngu-hanh-58a44c,,"Nhật Nguyệt, bộ đánh giá ô tìm kiếm sinh ngày 2026-09-20",
cauhoi-0887,Sư Tử hợp nhất với cung nào?,vi,tri-thuc,Chiêm tinh phương Tây,cung-su-tu,,"Nhật Nguyệt, bộ đánh giá ô tìm kiếm sinh ngày 2026-09-20",
cauhoi-0888,Số Thách Thức 4 xuất hiện khi nào trong biểu đồ thần số học?,vi,tri-thuc,Thần số học,so-thach-thuc-4-than-so-hoc-y-nghia-va-bai-hoc-can-vuot-qua-ea905d,,"Nhật Nguyệt, bộ đánh giá ô tìm kiếm sinh ngày 2026-09-20",
cauhoi-0889,Số Thách Thức 7 được tính như thế nào?,vi,tri-thuc,Thần số học,so-thach-thuc-7-than-so-hoc-y-nghia-va-bai-hoc-ea8ba4,,"Nhật Nguyệt, bộ đánh giá ô tìm kiếm sinh ngày 2026-09-20",
cauhoi-0890,Sự khác biệt chính giữa Ramưwan của người Chăm Bàni và Ramadan của người Chăm Islam là gì?,vi,tri-thuc,Lễ Tết,le-hoi-ramuwan-cua-dong-bao-cham-bani-735e6e,,"Nhật Nguyệt, bộ đánh giá ô tìm kiếm sinh ngày 2026-09-20",
cauhoi-0891,Sự khác biệt chính trong tập tục cải táng giữa miền Bắc và miền Nam là gì?,vi,tri-thuc,So sánh vùng miền,so-sanh-nghi-le-tang-ma-truyen-thong-cac-vung-mien-viet-nam-222ad4,,"Nhật Nguyệt, bộ đánh giá ô tìm kiếm sinh ngày 2026-09-20",
cauhoi-0892,Sự khác biệt giữa 12 con giáp của Việt Nam và Trung Quốc là gì?,vi,tri-thuc,Con giáp,con-giap-y-nghia-12-con-giap-trong-van-hoa-a-dong-bdf246,,"Nhật Nguyệt, bộ đánh giá ô tìm kiếm sinh ngày 2026-09-20",
cauhoi-0893,Sự khác biệt giữa lá Justice trong bộ Rider-Waite và Tarot de Marseille là gì?,vi,tri-thuc,Tarot,la-bai-tarot-justice-cong-ly-bieu-tuong-hoc-va-y-nghia-chuyen-sau-5537fa,,"Nhật Nguyệt, bộ đánh giá ô tìm kiếm sinh ngày 2026-09-20",
cauhoi-0894,Sự khác biệt giữa người có Số Nợ Nghiệp 13/4 và người có con số chủ đạo 4 là gì?,vi,tri-thuc,Thần số học,so-no-nghiep-13-4-than-so-hoc-y-nghia-bai-hoc-chuyen-hoa-fbb99d,,"Nhật Nguyệt, bộ đánh giá ô tìm kiếm sinh ngày 2026-09-20",
cauhoi-0895,Tam Đình có phải là một phần của nhân tướng học không?,vi,tri-thuc,Từ điển,tu-dien-tam-dinh,,"Nhật Nguyệt, bộ đánh giá ô tìm kiếm sinh ngày 2026-09-20",
cauhoi-0896,Tham Lang có phải luôn là sao xấu về đường tình cảm không?,vi,tri-thuc,Tử vi Đẩu Số,sao-tham-lang,,"Nhật Nguyệt, bộ đánh giá ô tìm kiếm sinh ngày 2026-09-20",
cauhoi-0897,Thiên Tài khác gì với Chính Tài trong Bát Tự?,vi,tri-thuc,Bát Tự,thien-tai-trong-thap-than-bat-tu-22d665,,"Nhật Nguyệt, bộ đánh giá ô tìm kiếm sinh ngày 2026-09-20",
cauhoi-0898,Thiên Tài trong Bát Tự có ý nghĩa gì đối với sự nghiệp và tài chính?,vi,tri-thuc,Bát Tự,thien-tai-trong-thap-than-bat-tu-22d665,,"Nhật Nguyệt, bộ đánh giá ô tìm kiếm sinh ngày 2026-09-20",
cauhoi-0899,Thiên kiến xác nhận là gì?,vi,tri-thuc,Tâm lý học,thien-kien-xac-nhan-vi-sao-nho-lan-thay-boi-noi-trung-be6153,,"Nhật Nguyệt, bộ đánh giá ô tìm kiếm sinh ngày 2026-09-20",
cauhoi-0900,Thiên Ấn và Chính Ấn khác nhau như thế nào trong Bát Tự?,vi,tri-thuc,Bát Tự,thien-an-kieu-than-trong-bat-tu-76123e,,"Nhật Nguyệt, bộ đánh giá ô tìm kiếm sinh ngày 2026-09-20",
cauhoi-0901,Thái Dương hoặc Thái Âm hãm địa có phải là xấu hoàn toàn không?,vi,tri-thuc,Tử vi Đẩu Số,nhat-nguyet-trong-tu-vi-thai-duong-thai-am-mieu-ham-6ecd2d,,"Nhật Nguyệt, bộ đánh giá ô tìm kiếm sinh ngày 2026-09-20",
cauhoi-0902,Tháp Chăm còn được sử dụng để hành lễ hay chỉ là di tích?,vi,tri-thuc,Tín ngưỡng dân tộc thiểu số,tin-nguong-le-hoi-nguoi-cham,,"Nhật Nguyệt, bộ đánh giá ô tìm kiếm sinh ngày 2026-09-20",
cauhoi-0903,Thương Quan ở nữ mệnh có thực sự xấu cho hôn nhân không?,vi,tri-thuc,Bát Tự,thuong-quan-trong-thap-than-cua-bat-tu-4a6501,,"Nhật Nguyệt, bộ đánh giá ô tìm kiếm sinh ngày 2026-09-20",
cauhoi-0904,Thượng Phủ lõm sâu hoặc có nốt ruồi đen có xấu không?,vi,tri-thuc,Xem tướng,thuong-phu-hai-xuong-tran-trong-luc-phu-6d4141,,"Nhật Nguyệt, bộ đánh giá ô tìm kiếm sinh ngày 2026-09-20",
cauhoi-0905,Thất Sát trong Bát Tự có phải luôn là điềm xấu không?,vi,tri-thuc,Bát Tự,that-sat-trong-thap-than-cua-bat-tu-db7b8e,,"Nhật Nguyệt, bộ đánh giá ô tìm kiếm sinh ngày 2026-09-20",
cauhoi-0906,Thập Thần nào tốt nhất trong Bát Tự?,vi,tri-thuc,Bát Tự,thap-than-trong-bat-tu,,"Nhật Nguyệt, bộ đánh giá ô tìm kiếm sinh ngày 2026-09-20",
cauhoi-0907,Thực Thần khác gì so với Thương Quan trong Bát Tự?,vi,tri-thuc,Bát Tự,thuc-than-trong-thap-than-cua-bat-tu-1ad24e,,"Nhật Nguyệt, bộ đánh giá ô tìm kiếm sinh ngày 2026-09-20",
cauhoi-0908,Thực hành Then có được UNESCO công nhận không?,vi,tri-thuc,Tín ngưỡng dân tộc thiểu số,tin-nguong-le-hoi-nguoi-tay,,"Nhật Nguyệt, bộ đánh giá ô tìm kiếm sinh ngày 2026-09-20",
cauhoi-0909,Tiêu chí khả năng phản bác của Popper có đủ để phân biệt khoa học với giả khoa học không?,vi,tri-thuc,Triết học khoa học,gia-khoa-hoc-la-gi-va-bai-toan-vach-ranh-gioi-14e7b7,,"Nhật Nguyệt, bộ đánh giá ô tìm kiếm sinh ngày 2026-09-20",
cauhoi-0910,Tiếng Chu Ru thuộc nhóm ngôn ngữ nào?,vi,tri-thuc,Cộng đồng các dân tộc,dan-toc-chu-ru-noi-cu-tru-tieng-noi-tap-tuc-tho-cung-le-hoi-aa9af0,,"Nhật Nguyệt, bộ đánh giá ô tìm kiếm sinh ngày 2026-09-20",
cauhoi-0911,Tiết Thanh minh có phải là một tiết khí?,vi,tri-thuc,Từ điển,tu-dien-tiet-khi,,"Nhật Nguyệt, bộ đánh giá ô tìm kiếm sinh ngày 2026-09-20",
cauhoi-0912,Trung tâm định và trung tâm mở trên biểu đồ Human Design khác nhau ở điểm nào?,vi,tri-thuc,Human Design,chin-trung-tam-human-design-trung-tam-dinh-va-trung-tam-mo-1f2918,,"Nhật Nguyệt, bộ đánh giá ô tìm kiếm sinh ngày 2026-09-20",
cauhoi-0913,Trán dốc có phải là tướng xấu?,vi,tri-thuc,Xem tướng,xem-tuong-qua-tran-f36b4d,,"Nhật Nguyệt, bộ đánh giá ô tìm kiếm sinh ngày 2026-09-20",
cauhoi-0914,Trăng Bán Nguyệt Cuối Tháng xảy ra vào thời điểm nào trong chu kỳ âm lịch?,vi,tri-thuc,Chiêm tinh học,trang-ban-nguyet-cuoi-thang-y-nghia-chiem-tinh-doi-song-e2ea6a,,"Nhật Nguyệt, bộ đánh giá ô tìm kiếm sinh ngày 2026-09-20",
cauhoi-0915,Trăng Non có ý nghĩa gì trong chiêm tinh học?,vi,tri-thuc,Chiêm tinh học,trang-non-y-nghia-chiem-tinh-doi-song-5ab4d4,,"Nhật Nguyệt, bộ đánh giá ô tìm kiếm sinh ngày 2026-09-20",
cauhoi-0916,Trăng khuyết tròn dần (Waxing Crescent) là gì?,vi,tri-thuc,Chiêm tinh học,trang-khuyet-tron-dan-y-nghia-chiem-tinh-doi-song-a40c22,,"Nhật Nguyệt, bộ đánh giá ô tìm kiếm sinh ngày 2026-09-20",
cauhoi-0917,Trụ Ngày có giống với ngày sinh dương lịch không?,vi,tri-thuc,Tử vi,tru-ngay-trong-bat-tu-tu-tru-la-gi-85b038,,"Nhật Nguyệt, bộ đánh giá ô tìm kiếm sinh ngày 2026-09-20",
cauhoi-0918,Tuổi Dần hợp với tuổi nào nhất?,vi,tri-thuc,12 Con Giáp,con-giap-dan,,"Nhật Nguyệt, bộ đánh giá ô tìm kiếm sinh ngày 2026-09-20",
cauhoi-0919,Tuổi Dần mang hành gì?,vi,tri-thuc,12 Con Giáp,con-giap-dan,,"Nhật Nguyệt, bộ đánh giá ô tìm kiếm sinh ngày 2026-09-20",
cauhoi-0920,Tuổi Hợi khắc với tuổi nào?,vi,tri-thuc,12 Con Giáp,con-giap-hoi,,"Nhật Nguyệt, bộ đánh giá ô tìm kiếm sinh ngày 2026-09-20",
cauhoi-0921,Tuổi Mão hợp với tuổi nào nhất?,vi,tri-thuc,12 Con Giáp,con-giap-mao,,"Nhật Nguyệt, bộ đánh giá ô tìm kiếm sinh ngày 2026-09-20",
cauhoi-0922,Tuổi Mùi hợp với tuổi nào nhất?,vi,tri-thuc,12 Con Giáp,con-giap-mui,,"Nhật Nguyệt, bộ đánh giá ô tìm kiếm sinh ngày 2026-09-20",
cauhoi-0923,Tuổi Sửu hợp với tuổi nào nhất?,vi,tri-thuc,12 Con Giáp,con-giap-suu,,"Nhật Nguyệt, bộ đánh giá ô tìm kiếm sinh ngày 2026-09-20",
cauhoi-0924,Tuổi Thân hợp với tuổi nào nhất?,vi,tri-thuc,12 Con Giáp,con-giap-than,,"Nhật Nguyệt, bộ đánh giá ô tìm kiếm sinh ngày 2026-09-20",
cauhoi-0925,Tuổi Thìn hợp với tuổi nào nhất?,vi,tri-thuc,12 Con Giáp,con-giap-thin,,"Nhật Nguyệt, bộ đánh giá ô tìm kiếm sinh ngày 2026-09-20",
cauhoi-0926,Tuổi Tuất khắc với tuổi nào?,vi,tri-thuc,12 Con Giáp,con-giap-tuat,,"Nhật Nguyệt, bộ đánh giá ô tìm kiếm sinh ngày 2026-09-20",
cauhoi-0927,Tuổi Tỵ hợp với tuổi nào nhất?,vi,tri-thuc,12 Con Giáp,con-giap-ty-ran,,"Nhật Nguyệt, bộ đánh giá ô tìm kiếm sinh ngày 2026-09-20",
cauhoi-0928,Tuổi Tỵ mang hành gì?,vi,tri-thuc,12 Con Giáp,con-giap-ty-ran,,"Nhật Nguyệt, bộ đánh giá ô tìm kiếm sinh ngày 2026-09-20",
cauhoi-0929,Tín ngưỡng phồn thực có nguồn gốc từ đâu?,vi,tri-thuc,Tín ngưỡng dân gian,tin-nguong-phon-thuc-trong-van-hoa-viet,,"Nhật Nguyệt, bộ đánh giá ô tìm kiếm sinh ngày 2026-09-20",
cauhoi-0930,Tín ngưỡng thờ cúng Hùng Vương có được thế giới công nhận không?,vi,tri-thuc,Phong tục lễ tết,gio-to-hung-vuong-mung-10-thang-3-quoc-gio,,"Nhật Nguyệt, bộ đánh giá ô tìm kiếm sinh ngày 2026-09-20",
cauhoi-0931,"Tại Lễ hội Hoa Ban, du khách có thể xem và trải nghiệm những hoạt động văn hóa gì?",vi,tri-thuc,Lễ hội truyền thống,le-hoi-hoa-ban-dien-bien-bieu-tuong-van-hoa-tay-bac-d0676a,,"Nhật Nguyệt, bộ đánh giá ô tìm kiếm sinh ngày 2026-09-20",
cauhoi-0932,"Tại Việt Nam, Ngày Quốc tế Lao động 1/5 có ý nghĩa như thế nào?",vi,tri-thuc,Ngày kỷ niệm Việt Nam,ngay-quoc-te-lao-dong-1-5-nguon-goc-va-y-nghia-d761eb,,"Nhật Nguyệt, bộ đánh giá ô tìm kiếm sinh ngày 2026-09-20",
cauhoi-0933,Tại sao dây xích trong lá The Devil lại không khóa chặt?,vi,tri-thuc,Tarot,la-bai-tarot-the-devil-quy-du-bieu-tuong-hoc-va-y-nghia-chuyen-sau-4b757f,,"Nhật Nguyệt, bộ đánh giá ô tìm kiếm sinh ngày 2026-09-20",
cauhoi-0934,Tại sao lá Death lại gắn với cung Bọ Cạp trong chiêm tinh?,vi,tri-thuc,Tarot,la-bai-tarot-death-tu-than-y-nghia-chuyen-sau-92c2d5,,"Nhật Nguyệt, bộ đánh giá ô tìm kiếm sinh ngày 2026-09-20",
cauhoi-0935,Tại sao áo tứ thân có bốn thân áo?,vi,tri-thuc,Trang phục truyền thống,ao-tu-than-nguon-goc-va-dac-diem-trang-phuc-truyen-thong-mien-bac-c9252f,,"Nhật Nguyệt, bộ đánh giá ô tìm kiếm sinh ngày 2026-09-20",
cauhoi-0936,Tả Phù kết hợp với Hữu Bật có tốt không?,vi,tri-thuc,Tử vi,sao-ta-phu-luc-cat-tinh-tu-vi-dau-so-eb06eb,,"Nhật Nguyệt, bộ đánh giá ô tìm kiếm sinh ngày 2026-09-20",
cauhoi-0937,Tất niên có nhất thiết phải đúng ngày 30 tháng Chạp không?,vi,tri-thuc,Xem ngày giờ,chon-ngay-cuoi-nam-tat-nien-don-ban-tho-tra-no-khai-truong-0c5fde,,"Nhật Nguyệt, bộ đánh giá ô tìm kiếm sinh ngày 2026-09-20",
cauhoi-0938,Tết Hàn Thực có phải là Tết Thanh Minh không?,vi,tri-thuc,Phong tục lễ tết,tet-han-thuc-mung-3-thang-3-banh-troi-banh-chay,,"Nhật Nguyệt, bộ đánh giá ô tìm kiếm sinh ngày 2026-09-20",
cauhoi-0939,Tết Trung Thu năm nào cũng rơi vào ngày nào?,vi,tri-thuc,Phong tục lễ tết,tet-trung-thu-nguon-goc-y-nghia,,"Nhật Nguyệt, bộ đánh giá ô tìm kiếm sinh ngày 2026-09-20",
cauhoi-0940,Tết Đoan Ngọ của Việt Nam có giống Tết Đoan Ngọ Trung Quốc không?,vi,tri-thuc,Phong tục lễ tết,tet-doan-ngo-mung-5-thang-5-giet-sau-bo,,"Nhật Nguyệt, bộ đánh giá ô tìm kiếm sinh ngày 2026-09-20",
cauhoi-0941,Tết Đoan Ngọ nên cúng vào giờ nào là tốt nhất?,vi,tri-thuc,Lễ Tết,cach-bay-mam-cung-tet-doan-ngo-02431f,,"Nhật Nguyệt, bộ đánh giá ô tìm kiếm sinh ngày 2026-09-20",
cauhoi-0942,Tết Đoan Ngọ ở miền Trung có điểm gì khác biệt so với miền Bắc?,vi,tri-thuc,So sánh vùng miền,so-sanh-phong-tuc-tet-doan-ngo-ba-mien-37285f,,"Nhật Nguyệt, bộ đánh giá ô tìm kiếm sinh ngày 2026-09-20",
cauhoi-0943,Tục thờ Thành hoàng có ý nghĩa gì trong xã hội hiện đại?,vi,tri-thuc,Tín ngưỡng dân gian,tuc-tho-thanh-hoang-lang-linh-hon-cua-dinh-lang-viet-nam-afc02e,,"Nhật Nguyệt, bộ đánh giá ô tìm kiếm sinh ngày 2026-09-20",
cauhoi-0944,Tục ở rể của người H'Mông diễn ra trong trường hợp nào?,vi,tri-thuc,Phong tục dân tộc thiểu số,net-dep-tuc-cuoi-hoi-nguoi-hmong-2e1b24,,"Nhật Nguyệt, bộ đánh giá ô tìm kiếm sinh ngày 2026-09-20",
cauhoi-0945,Tục ở rể của người Thái đen Sơn La kéo dài bao lâu?,vi,tri-thuc,Phong tục dân tộc thiểu số,phong-tuc-cuoi-hoi-cua-nguoi-thai-son-la-ff0f7f,,"Nhật Nguyệt, bộ đánh giá ô tìm kiếm sinh ngày 2026-09-20",
cauhoi-0946,Tứ Pháp trong lễ hội Cầu mưa là những vị thần nào?,vi,tri-thuc,Tín ngưỡng dân gian,le-hoi-cau-mua-tinh-hung-yen-aea90d,,"Nhật Nguyệt, bộ đánh giá ô tìm kiếm sinh ngày 2026-09-20",
cauhoi-0947,Tứ hành xung Dần - Thân - Tỵ - Hợi có ý nghĩa gì trong việc xem tuổi làm ăn?,vi,tri-thuc,Con giáp,y-nghia-tu-hanh-xung-dan-than-ty-hoi-7a71dc,,"Nhật Nguyệt, bộ đánh giá ô tìm kiếm sinh ngày 2026-09-20",
cauhoi-0948,Tử vi có phải là khoa học không?,vi,tri-thuc,Tử Vi,tu-vi-khoa-hoc-hay-me-tin-cau-hoi-dat-sai-cho-be353a,,"Nhật Nguyệt, bộ đánh giá ô tìm kiếm sinh ngày 2026-09-20",
cauhoi-0949,Vai trò của Ma cỏ trong lễ cúng tổ tiên là gì?,vi,tri-thuc,Thờ cúng tổ tiên,le-cung-to-tien-mua-ma-co-nguoi-lo-lo-626332,,"Nhật Nguyệt, bộ đánh giá ô tìm kiếm sinh ngày 2026-09-20",
cauhoi-0950,"Vastu Shastra có phải là ""Phong Thủy của Ấn Độ"" không?",vi,tri-thuc,Vastu Shastra,vastu-shastra-kien-truc-an-do,,"Nhật Nguyệt, bộ đánh giá ô tìm kiếm sinh ngày 2026-09-20",
cauhoi-0951,Việc hiểu mũi tên phân rã có giúp ích gì cho sự phát triển của Type 5 không?,vi,tri-thuc,Enneagram,mui-ten-tich-hop-va-phan-ra-type-5-enneagram-427bfe,,"Nhật Nguyệt, bộ đánh giá ô tìm kiếm sinh ngày 2026-09-20",
cauhoi-0952,Vu Lan và lễ Xá tội vong nhân có phải là một không?,vi,tri-thuc,Phong tục lễ tết,le-vu-lan-ram-thang-7-bao-hieu-cai-hoa-hong,,"Nhật Nguyệt, bộ đánh giá ô tìm kiếm sinh ngày 2026-09-20",
cauhoi-0953,Vì sao 1 ngày có thể tốt cho việc này nhưng xấu cho việc khác?,vi,tri-thuc,Xem ngày truyền thống,xem-ngay-tot-xau-lich-van-nien,,"Nhật Nguyệt, bộ đánh giá ô tìm kiếm sinh ngày 2026-09-20",
cauhoi-0954,"Vì sao Human Design, MBTI và thần số học thường được bán chung một gói?",vi,tri-thuc,Human Design,human-design-mbti-than-so-hoc-khac-nhau-o-dau-d29510,,"Nhật Nguyệt, bộ đánh giá ô tìm kiếm sinh ngày 2026-09-20",
cauhoi-0955,Vì sao Phá Quân được coi là sao hao tán tiền bạc?,vi,tri-thuc,Tử vi Đẩu Số,sao-pha-quan,,"Nhật Nguyệt, bộ đánh giá ô tìm kiếm sinh ngày 2026-09-20",
cauhoi-0956,Vì sao Popper coi chiêm tinh và phân tâm học là phi khoa học?,vi,tri-thuc,Triết học khoa học,kha-nang-phu-chung-cua-karl-popper-b1d573,,"Nhật Nguyệt, bộ đánh giá ô tìm kiếm sinh ngày 2026-09-20",
cauhoi-0957,Vì sao Sao Thổ được xem là hành tinh chủ quản của cung Ma Kết?,vi,tri-thuc,Chiêm tinh học,ma-ket-va-sao-tho-moi-lien-ket-hanh-tinh-chu-quan-trong-chiem-tinh-hoc-938865,,"Nhật Nguyệt, bộ đánh giá ô tìm kiếm sinh ngày 2026-09-20",
cauhoi-0958,Vì sao Thái Âm được coi trọng ở cung Điền Trạch?,vi,tri-thuc,Tử vi Đẩu Số,sao-thai-am,,"Nhật Nguyệt, bộ đánh giá ô tìm kiếm sinh ngày 2026-09-20",
cauhoi-0959,Vì sao Truyện Kiều lại được coi là có thể dùng để bói toán?,vi,tri-thuc,Bói toán dân gian,boi-kieu-ngay-tet-khi-truyen-kieu-tro-thanh-loi-gui-gam-van-may-dau-xuan-9b1be6,,"Nhật Nguyệt, bộ đánh giá ô tìm kiếm sinh ngày 2026-09-20",
cauhoi-0960,Vì sao Tết Trung Thu được gọi là Tết Thiếu Nhi?,vi,tri-thuc,Phong tục lễ tết,tet-trung-thu-nguon-goc-y-nghia,,"Nhật Nguyệt, bộ đánh giá ô tìm kiếm sinh ngày 2026-09-20",
cauhoi-0961,Vì sao bánh trôi và bánh chay lại gắn với truyền thuyết con Rồng cháu Tiên?,vi,tri-thuc,Ẩm thực truyền thống,banh-troi-banh-chay-tet-han-thuc-mung-3-thang-3-632b27,,"Nhật Nguyệt, bộ đánh giá ô tìm kiếm sinh ngày 2026-09-20",
cauhoi-0962,Vì sao chòm sao Xà Phu (Ophiuchus) không nằm trong 12 cung hoàng đạo?,vi,tri-thuc,Chiêm tinh học,cung-mat-troi-sun-sign-la-gi-eb8aa1,,"Nhật Nguyệt, bộ đánh giá ô tìm kiếm sinh ngày 2026-09-20",
cauhoi-0963,Vì sao cold reading lại hiệu quả?,vi,tri-thuc,Bói toán dân gian,cold-reading-ky-thuat-khien-loi-phan-chung-chung-nghe-nhu-noi-trung-40883a,,"Nhật Nguyệt, bộ đánh giá ô tìm kiếm sinh ngày 2026-09-20",
cauhoi-0964,Vì sao các mô hình AI như ChatGPT vẫn mắc lỗi lập luận giống con người?,vi,tri-thuc,Triết học khoa học,tu-duy-phan-bien-truoc-mot-loi-doan-nam-cau-hoi-va-loi-lap-luan-c27973,,"Nhật Nguyệt, bộ đánh giá ô tìm kiếm sinh ngày 2026-09-20",
cauhoi-0965,Vì sao các nguồn dân gian lại không thống nhất về ý nghĩa nốt ruồi ở gò má?,vi,tri-thuc,Nhân tướng học,ban-do-not-ruoi-tren-khuon-mat-theo-dan-gian-viet-0a5242,,"Nhật Nguyệt, bộ đánh giá ô tìm kiếm sinh ngày 2026-09-20",
cauhoi-0966,Vì sao có sự khác biệt về ngày tổ chức Đại lễ Phật Đản giữa các nước?,vi,tri-thuc,Lễ Tết,ram-thang-tu-dai-le-phat-dan-nguon-goc-va-y-nghia-trong-doi-song-tam-linh-nguoi-viet-cdfd51,,"Nhật Nguyệt, bộ đánh giá ô tìm kiếm sinh ngày 2026-09-20",
cauhoi-0967,Vì sao cô dâu chú rể người Ba Na phải thức trắng đêm tân hôn?,vi,tri-thuc,Phong tục dân tộc thiểu số,phong-tuc-cuoi-hoi-doc-dao-cua-nguoi-ba-na-20e109,,"Nhật Nguyệt, bộ đánh giá ô tìm kiếm sinh ngày 2026-09-20",
cauhoi-0968,Vì sao cô dâu không được ngoái đầu nhìn lại khi về nhà chồng?,vi,tri-thuc,Kiêng kỵ dân gian,nhung-dieu-kieng-ky-trong-dam-cuoi-truyen-thong-c7f660,,"Nhật Nguyệt, bộ đánh giá ô tìm kiếm sinh ngày 2026-09-20",
cauhoi-0969,Vì sao cùng một giờ sinh mà các thầy Tử vi luận giải khác nhau?,vi,tri-thuc,Tử Vi,tu-vi-khoa-hoc-hay-me-tin-cau-hoi-dat-sai-cho-be353a,,"Nhật Nguyệt, bộ đánh giá ô tìm kiếm sinh ngày 2026-09-20",
cauhoi-0970,Vì sao cần có tháng nhuận trong lịch âm dương?,vi,tri-thuc,Lịch âm,lich-am-viet-nam-la-lich-am-duong-vi-sao-goi-tat-gay-hieu-nham-f65619,,"Nhật Nguyệt, bộ đánh giá ô tìm kiếm sinh ngày 2026-09-20",
cauhoi-0971,Vì sao cồng chiêng được xem là có ý nghĩa tâm linh chứ không chỉ là nhạc cụ?,vi,tri-thuc,Tín ngưỡng dân tộc thiểu số,khong-gian-van-hoa-cong-chieng-tay-nguyen,,"Nhật Nguyệt, bộ đánh giá ô tìm kiếm sinh ngày 2026-09-20",
cauhoi-0972,Vì sao hai người cùng ngày sinh lại có bản đồ sao khác nhau?,vi,tri-thuc,Chiêm tinh phương Tây,chiem-tinh-phuong-tay-la-gi-ban-do-sao-va-cac-yeu-to-chinh-tong-quan,,"Nhật Nguyệt, bộ đánh giá ô tìm kiếm sinh ngày 2026-09-20",
cauhoi-0973,Vì sao khái niệm giả khoa học không thể trung tính về giá trị?,vi,tri-thuc,Triết học khoa học,gia-khoa-hoc-la-gi-va-bai-toan-vach-ranh-gioi-14e7b7,,"Nhật Nguyệt, bộ đánh giá ô tìm kiếm sinh ngày 2026-09-20",
cauhoi-0974,"Vì sao khăn đóng và áo the lại có màu sắc tối giản, ít họa tiết?",vi,tri-thuc,Trang phục truyền thống,khan-dong-ao-the-trang-phuc-truyen-thong-nam-gioi-viet-nam-fef041,,"Nhật Nguyệt, bộ đánh giá ô tìm kiếm sinh ngày 2026-09-20",
cauhoi-0975,Vì sao kinh chép hai vạn vị Phật cùng một danh hiệu thay vì ghi tên riêng từng vị?,vi,tri-thuc,Phật giáo,nhat-nguyet-dang-minh-phat-kinh-phap-hoa-df5ba8,,"Nhật Nguyệt, bộ đánh giá ô tìm kiếm sinh ngày 2026-09-20",
cauhoi-0976,Vì sao lễ vật cúng Mụ thường có 12 phần nhỏ?,vi,tri-thuc,Nghi lễ vòng đời,cung-mu-12-ba-mu-y-nghia,,"Nhật Nguyệt, bộ đánh giá ô tìm kiếm sinh ngày 2026-09-20",
cauhoi-0977,Vì sao lịch âm Việt Nam đôi khi lệch lịch Trung Quốc một ngày?,vi,tri-thuc,Lịch âm,vi-sao-lich-am-viet-nam-doi-khi-lech-lich-trung-quoc-ceeb85,,"Nhật Nguyệt, bộ đánh giá ô tìm kiếm sinh ngày 2026-09-20",
cauhoi-0978,Vì sao mâm cỗ miền Trung có cả bánh chưng và bánh tét?,vi,tri-thuc,Ẩm thực truyền thống,mam-co-cung-gio-to-tien-truyen-thong-theo-vung-mien-a28f5d,,"Nhật Nguyệt, bộ đánh giá ô tìm kiếm sinh ngày 2026-09-20",
cauhoi-0979,Vì sao nguyên tố Lửa và Khí được xem là tương hợp trong chiêm tinh học?,vi,tri-thuc,Chiêm tinh học,tuong-hop-nguyen-to-lua-khi-chiem-tinh-27aa74,,"Nhật Nguyệt, bộ đánh giá ô tìm kiếm sinh ngày 2026-09-20",
cauhoi-0980,Vì sao người cha của dân tộc Pu Péo phải ở nhà khi con chưa được đặt tên?,vi,tri-thuc,Kiêng kỵ dân gian,tuc-le-con-chua-co-ten-cha-phai-o-nha-cua-nguoi-pu-peo-04430c,,"Nhật Nguyệt, bộ đánh giá ô tìm kiếm sinh ngày 2026-09-20",
cauhoi-0981,Vì sao người miền Tây kiêng chưng chuối trong mâm ngũ quả ngày Tết?,vi,tri-thuc,Kiêng kỵ dân gian,vi-sao-nguoi-mien-tay-kieng-chung-chuoi-ngay-tet-mam-ngu-qua-nam-bo-d016cb,,"Nhật Nguyệt, bộ đánh giá ô tìm kiếm sinh ngày 2026-09-20",
cauhoi-0982,Vì sao người trẻ ngày nay hay đi xem bói?,vi,tri-thuc,Bói toán dân gian,vi-sao-nguoi-tre-di-xem-boi-ap-luc-bat-dinh-hieu-ung-barnum-831955,,"Nhật Nguyệt, bộ đánh giá ô tìm kiếm sinh ngày 2026-09-20",
cauhoi-0983,Vì sao nhiều người tin rằng xem chỉ tay đã đoán đúng?,vi,tri-thuc,Bói toán dân gian,xem-chi-tay-la-gi-cac-duong-chi-tay-va-vi-sao-khong-du-bao-tuong-lai-b30409,,"Nhật Nguyệt, bộ đánh giá ô tìm kiếm sinh ngày 2026-09-20",
cauhoi-0984,Vì sao nhân tướng học truyền thống không luận một bộ vị tách rời?,vi,tri-thuc,Nhân tướng học,ngu-quan-doc-cung-nhau-vi-sao-nhan-tuong-hoc-khong-luan-mot-bo-vi-tach-roi-8ffa3d,,"Nhật Nguyệt, bộ đánh giá ô tìm kiếm sinh ngày 2026-09-20",
cauhoi-0985,Vì sao nói Thiên Tướng dễ chịu ảnh hưởng từ sao đồng cung?,vi,tri-thuc,Tử vi Đẩu Số,sao-thien-tuong,,"Nhật Nguyệt, bộ đánh giá ô tìm kiếm sinh ngày 2026-09-20",
cauhoi-0986,"Vì sao tháng âm lịch có tháng đủ 30 ngày, có tháng thiếu 29 ngày?",vi,tri-thuc,Lịch âm,vi-sao-hai-quyen-lich-ghi-hai-ngay-am-khac-nhau-a2d247,,"Nhật Nguyệt, bộ đánh giá ô tìm kiếm sinh ngày 2026-09-20",
cauhoi-0987,Vì sao tiếng khèn quan trọng trong tang lễ người Mông?,vi,tri-thuc,Tín ngưỡng dân tộc thiểu số,tin-nguong-le-hoi-nguoi-hmong,,"Nhật Nguyệt, bộ đánh giá ô tìm kiếm sinh ngày 2026-09-20",
cauhoi-0988,Vì sao tín ngưỡng phồn thực không nên bị coi là dung tục?,vi,tri-thuc,Tín ngưỡng dân gian,tin-nguong-phon-thuc-trong-van-hoa-viet,,"Nhật Nguyệt, bộ đánh giá ô tìm kiếm sinh ngày 2026-09-20",
cauhoi-0989,Vì sao xã hội Ê Đê được gọi là mẫu hệ?,vi,tri-thuc,Tín ngưỡng dân tộc thiểu số,tin-nguong-nghi-le-nguoi-e-de,,"Nhật Nguyệt, bộ đánh giá ô tìm kiếm sinh ngày 2026-09-20",
cauhoi-0990,"Vì sao động Hương Tích được gọi là ""Nam thiên đệ nhất động""?",vi,tri-thuc,Phong tục lễ tết,le-hoi-chua-huong-hanh-huong-mua-xuan,,"Nhật Nguyệt, bộ đánh giá ô tìm kiếm sinh ngày 2026-09-20",
cauhoi-0991,Vận hạn theo năm trong Tử Vi có phải là một lá số riêng không?,vi,tri-thuc,Tử Vi,van-han-theo-nam-tu-vi-la-gi-6a0579,,"Nhật Nguyệt, bộ đánh giá ô tìm kiếm sinh ngày 2026-09-20",
cauhoi-0992,Xem bói online có những rủi ro gì?,vi,tri-thuc,Bói toán dân gian,vi-sao-nguoi-tre-di-xem-boi-ap-luc-bat-dinh-hieu-ung-barnum-831955,,"Nhật Nguyệt, bộ đánh giá ô tìm kiếm sinh ngày 2026-09-20",
cauhoi-0993,Xem chỉ tay bắt nguồn từ đâu?,vi,tri-thuc,Xem chỉ tay,lich-su-nguon-goc-xem-chi-tay,,"Nhật Nguyệt, bộ đánh giá ô tìm kiếm sinh ngày 2026-09-20",
cauhoi-0994,Xem tướng miệng có thể dự đoán giàu nghèo hay không?,vi,tri-thuc,Xem tướng,xem-tuong-qua-mieng-theo-nhan-tuong-hoc-ce451a,,"Nhật Nguyệt, bộ đánh giá ô tìm kiếm sinh ngày 2026-09-20",
cauhoi-0995,Xem đường chỉ tay có chính xác không?,vi,tri-thuc,Xem tướng,duong-tinh-duyen-trong-xem-chi-tay-430370,,"Nhật Nguyệt, bộ đánh giá ô tìm kiếm sinh ngày 2026-09-20",
cauhoi-0996,Xin xăm đầu năm có phải là mê tín dị đoan không?,vi,tri-thuc,Bói toán dân gian,tuc-xin-xam-rut-xam-dau-nam-o-chua-nghi-thuc-va-y-nghia-van-hoa-1203fb,,"Nhật Nguyệt, bộ đánh giá ô tìm kiếm sinh ngày 2026-09-20",
cauhoi-0997,Xin xăm đầu năm tại chùa có phải là một hình thức mê tín dị đoan không?,vi,tri-thuc,Bói toán dân gian,tuc-xin-xam-hai-loc-dau-nam-tai-chua-cua-nguoi-viet-311d03,,"Nhật Nguyệt, bộ đánh giá ô tìm kiếm sinh ngày 2026-09-20",
cauhoi-0998,Xôi ngũ sắc của người Tày có ý nghĩa gì?,vi,tri-thuc,Ẩm thực truyền thống,am-thuc-truyen-thong-viet-nam-co-gi-dac-trung-theo-vung-mien-tong-quan,,"Nhật Nguyệt, bộ đánh giá ô tìm kiếm sinh ngày 2026-09-20",
cauhoi-0999,Xông đất là gì và thường diễn ra vào lúc nào?,vi,tri-thuc,Phong tục Tết,tuc-xong-dat-dau-nam-nguon-goc-va-cach-chon-nguoi-xong-nha-1b00ad,,"Nhật Nguyệt, bộ đánh giá ô tìm kiếm sinh ngày 2026-09-20",
cauhoi-1000,Áo dài Việt Nam có nguồn gốc từ đâu?,vi,tri-thuc,Trang phục truyền thống,ao-dai-viet-nam-lich-su-hinh-thanh-va-y-nghia-van-hoa-89379c,,"Nhật Nguyệt, bộ đánh giá ô tìm kiếm sinh ngày 2026-09-20",
cauhoi-1001,Áo tứ thân khác gì so với áo dài ngũ thân?,vi,tri-thuc,Trang phục truyền thống,ao-tu-than-nguon-goc-va-dac-diem-trang-phuc-truyen-thong-mien-bac-c9252f,,"Nhật Nguyệt, bộ đánh giá ô tìm kiếm sinh ngày 2026-09-20",
cauhoi-1002,Ý nghĩa chính của Lễ hội Katê là gì?,vi,tri-thuc,Lễ hội truyền thống,le-hoi-kate-ngay-hoi-lon-nhat-nam-cua-nguoi-cham-balamon-40fa61,,"Nhật Nguyệt, bộ đánh giá ô tìm kiếm sinh ngày 2026-09-20",
cauhoi-1003,Ý nghĩa chính của nghi thức cày ruộng trong lễ hội là gì?,vi,tri-thuc,Lễ hội truyền thống,le-hoi-long-tong-nguoi-tay-lao-cai-f161e7,,"Nhật Nguyệt, bộ đánh giá ô tìm kiếm sinh ngày 2026-09-20",
cauhoi-1004,Ý nghĩa của huyền thoại cá Ông trong lễ hội là gì?,vi,tri-thuc,Lễ hội truyền thống,le-hoi-nghinh-ong-song-doc-9c3644,,"Nhật Nguyệt, bộ đánh giá ô tìm kiếm sinh ngày 2026-09-20",
cauhoi-1005,Ý nghĩa của lá bài Ace of Cups khi bị ngược (reversed) là gì?,vi,tri-thuc,Tarot,ace-of-cups-y-nghia-bieu-tuong-hoc-29eaa6,,"Nhật Nguyệt, bộ đánh giá ô tìm kiếm sinh ngày 2026-09-20",
cauhoi-1006,Ý nghĩa của việc đội kèn trống di chuyển theo hình số 8 trong lễ cưới là gì?,vi,tri-thuc,Phong tục dân tộc thiểu số,net-rieng-le-cuoi-nguoi-dao-do-ta-phin-sa-pa-596baf,,"Nhật Nguyệt, bộ đánh giá ô tìm kiếm sinh ngày 2026-09-20",
cauhoi-1007,Ý nghĩa của xôi ngũ sắc trong lễ hội Lồng Tồng là gì?,vi,tri-thuc,Ẩm thực truyền thống,xoi-ngu-sac-nguoi-tay-le-hoi-long-tong-4af43b,,"Nhật Nguyệt, bộ đánh giá ô tìm kiếm sinh ngày 2026-09-20",
cauhoi-1008,Ý nghĩa văn hóa của áo dài Việt Nam là gì?,vi,tri-thuc,Trang phục truyền thống,ao-dai-viet-nam-lich-su-hinh-thanh-va-y-nghia-van-hoa-89379c,,"Nhật Nguyệt, bộ đánh giá ô tìm kiếm sinh ngày 2026-09-20",
cauhoi-1009,Điều gì tạo nên sự khác biệt rõ rệt nhất trong bữa cơm ngày thường của người miền Nam?,vi,tri-thuc,So sánh vùng miền,so-sanh-am-thuc-ngay-thuong-ba-mien-bac-trung-nam-7f1d00,,"Nhật Nguyệt, bộ đánh giá ô tìm kiếm sinh ngày 2026-09-20",
cauhoi-1010,Điểm khác biệt chính giữa áo bà ba và áo dài là gì?,vi,tri-thuc,Trang phục truyền thống,ao-ba-ba-bieu-tuong-trang-phuc-nam-bo-d48197,,"Nhật Nguyệt, bộ đánh giá ô tìm kiếm sinh ngày 2026-09-20",
cauhoi-1011,Điểm mạnh lớn nhất của người tuổi Dậu là gì?,vi,tri-thuc,Con giáp,dac-diem-tinh-cach-nguoi-tuoi-dau-theo-quan-niem-dan-gian-df06ad,,"Nhật Nguyệt, bộ đánh giá ô tìm kiếm sinh ngày 2026-09-20",
cauhoi-1012,Điểm yếu của người tuổi Dần là gì?,vi,tri-thuc,Con giáp,dac-diem-tinh-cach-nguoi-tuoi-dan-dedc2c,,"Nhật Nguyệt, bộ đánh giá ô tìm kiếm sinh ngày 2026-09-20",
cauhoi-1013,Điểm yếu lớn nhất của người Bọ Cạp là gì?,vi,tri-thuc,Chiêm tinh phương Tây,cung-bo-cap,,"Nhật Nguyệt, bộ đánh giá ô tìm kiếm sinh ngày 2026-09-20",
cauhoi-1014,Điểm yếu lớn nhất của người ESFJ là gì?,vi,tri-thuc,MBTI,nhom-tinh-cach-mbti-esfj-nguoi-lanh-su-6d38b9,,"Nhật Nguyệt, bộ đánh giá ô tìm kiếm sinh ngày 2026-09-20",
cauhoi-1015,Đá nào giúp người cung Xử Nữ tăng sự tự tin?,vi,tri-thuc,Đá phong thủy,da-phong-thuy-hop-cung-xu-nu-12b56d,,"Nhật Nguyệt, bộ đánh giá ô tìm kiếm sinh ngày 2026-09-20",
cauhoi-1016,Đá phong thủy nào giúp Nhân Mã tăng sự nghiệp?,vi,tri-thuc,Đá phong thủy,da-phong-thuy-hop-cung-nhan-ma-635018,,"Nhật Nguyệt, bộ đánh giá ô tìm kiếm sinh ngày 2026-09-20",
cauhoi-1017,Đám cưới Huế ngày nay có gì thay đổi so với xưa?,vi,tri-thuc,Nghi lễ vòng đời,le-cuoi-co-truyen-xu-hue-sau-le-c182a0,,"Nhật Nguyệt, bộ đánh giá ô tìm kiếm sinh ngày 2026-09-20",
cauhoi-1018,Đình thần Thoại Ngọc Hầu có giá trị di tích gì đặc biệt?,vi,tri-thuc,Nhân vật lịch sử,le-hoi-ky-yen-dinh-than-thoai-ngoc-hau-an-giang-2701d1,,"Nhật Nguyệt, bộ đánh giá ô tìm kiếm sinh ngày 2026-09-20",
cauhoi-1019,Đông Nhạc trên khuôn mặt là vị trí nào?,vi,tri-thuc,Xem tướng,dong-nhac-go-ma-trai-ngu-nhac-y-nghia-edaa10,,"Nhật Nguyệt, bộ đánh giá ô tìm kiếm sinh ngày 2026-09-20",
cauhoi-1020,Đường Sinh Đạo ngắn có phải là dấu hiệu đoản mệnh không?,vi,tri-thuc,Bói toán dân gian,bay-hieu-lam-thuong-gap-khi-tu-xem-chi-tay-68e1ec,,"Nhật Nguyệt, bộ đánh giá ô tìm kiếm sinh ngày 2026-09-20",
cauhoi-1021,Đặt bể cá ở đâu trong nhà là tốt nhất theo phong thủy?,vi,tri-thuc,Phong thủy,phong-thuy-ho-ca-be-ca-nguyen-tac-co-ban-445423,,"Nhật Nguyệt, bộ đánh giá ô tìm kiếm sinh ngày 2026-09-20",
cauhoi-1022,Đền thờ Nàng Han có giá trị gì đặc biệt?,vi,tri-thuc,Nhân vật lịch sử,nang-han-nu-anh-hung-huyen-thoai-trong-tin-nguong-nguoi-thai-trang-6b92f2,,"Nhật Nguyệt, bộ đánh giá ô tìm kiếm sinh ngày 2026-09-20",
cauhoi-1023,Đọc cả bàn tay có chính xác và có giá trị khoa học không?,vi,tri-thuc,Bói toán dân gian,doc-ca-ban-tay-thay-vi-tung-duong-nam-duong-chinh-lien-he-voi-nhau-b9c0ef,,"Nhật Nguyệt, bộ đánh giá ô tìm kiếm sinh ngày 2026-09-20",
cauhoi-1024,1960年属什么生肖,zh,nhu-cau-that,,,,"Nhật Nguyệt, bộ đánh giá ô tìm kiếm sinh ngày 2026-09-20","không có đáp án đúng, dùng để đo tỉ lệ trả về rỗng"
cauhoi-1025,1966年属什么生肖,zh,nhu-cau-that,,,,"Nhật Nguyệt, bộ đánh giá ô tìm kiếm sinh ngày 2026-09-20","không có đáp án đúng, dùng để đo tỉ lệ trả về rỗng"
cauhoi-1026,1972年属什么生肖,zh,nhu-cau-that,,,,"Nhật Nguyệt, bộ đánh giá ô tìm kiếm sinh ngày 2026-09-20","không có đáp án đúng, dùng để đo tỉ lệ trả về rỗng"
cauhoi-1027,1978年属什么生肖,zh,nhu-cau-that,,,,"Nhật Nguyệt, bộ đánh giá ô tìm kiếm sinh ngày 2026-09-20","không có đáp án đúng, dùng để đo tỉ lệ trả về rỗng"
cauhoi-1028,1984年属什么生肖,zh,nhu-cau-that,,,,"Nhật Nguyệt, bộ đánh giá ô tìm kiếm sinh ngày 2026-09-20","không có đáp án đúng, dùng để đo tỉ lệ trả về rỗng"
cauhoi-1029,1990年属什么生肖,zh,nhu-cau-that,,,,"Nhật Nguyệt, bộ đánh giá ô tìm kiếm sinh ngày 2026-09-20","không có đáp án đúng, dùng để đo tỉ lệ trả về rỗng"
cauhoi-1030,1996年属什么生肖,zh,nhu-cau-that,,,,"Nhật Nguyệt, bộ đánh giá ô tìm kiếm sinh ngày 2026-09-20","không có đáp án đúng, dùng để đo tỉ lệ trả về rỗng"
cauhoi-1031,2002年属什么生肖,zh,nhu-cau-that,,,,"Nhật Nguyệt, bộ đánh giá ô tìm kiếm sinh ngày 2026-09-20","không có đáp án đúng, dùng để đo tỉ lệ trả về rỗng"
cauhoi-1032,2008年属什么生肖,zh,nhu-cau-that,,,,"Nhật Nguyệt, bộ đánh giá ô tìm kiếm sinh ngày 2026-09-20","không có đáp án đúng, dùng để đo tỉ lệ trả về rỗng"
cauhoi-1033,2014年属什么生肖,zh,nhu-cau-that,,,,"Nhật Nguyệt, bộ đánh giá ô tìm kiếm sinh ngày 2026-09-20","không có đáp án đúng, dùng để đo tỉ lệ trả về rỗng"
cauhoi-1034,2020年属什么生肖,zh,nhu-cau-that,,,,"Nhật Nguyệt, bộ đánh giá ô tìm kiếm sinh ngày 2026-09-20","không có đáp án đúng, dùng để đo tỉ lệ trả về rỗng"
cauhoi-1035,2026年属什么生肖,zh,nhu-cau-that,,,,"Nhật Nguyệt, bộ đánh giá ô tìm kiếm sinh ngày 2026-09-20","không có đáp án đúng, dùng để đo tỉ lệ trả về rỗng"
cauhoi-1036,六爻占卜怎么起卦,zh,nhu-cau-that,,,/tien-ich/gieo-que,"Nhật Nguyệt, bộ đánh giá ô tìm kiếm sinh ngày 2026-09-20",
cauhoi-1037,农历今天是几号,zh,nhu-cau-that,,,,"Nhật Nguyệt, bộ đánh giá ô tìm kiếm sinh ngày 2026-09-20","không có đáp án đúng, dùng để đo tỉ lệ trả về rỗng"
cauhoi-1038,刑冲合害怎么看,zh,nhu-cau-that,,,,"Nhật Nguyệt, bộ đánh giá ô tìm kiếm sinh ngày 2026-09-20","không có đáp án đúng, dùng để đo tỉ lệ trả về rỗng"
cauhoi-1039,十二生肖以立春还是初一为界,zh,nhu-cau-that,,,,"Nhật Nguyệt, bộ đánh giá ô tìm kiếm sinh ngày 2026-09-20","không có đáp án đúng, dùng để đo tỉ lệ trả về rỗng"
cauhoi-1040,塔罗牌新手怎么入门,zh,nhu-cau-that,,,/tien-ich/tarot,"Nhật Nguyệt, bộ đánh giá ô tìm kiếm sinh ngày 2026-09-20",
cauhoi-1041,属牛和属猴配吗,zh,nhu-cau-that,,,,"Nhật Nguyệt, bộ đánh giá ô tìm kiếm sinh ngày 2026-09-20","không có đáp án đúng, dùng để đo tỉ lệ trả về rỗng"
cauhoi-1042,属狗和属蛇配吗,zh,nhu-cau-that,,,,"Nhật Nguyệt, bộ đánh giá ô tìm kiếm sinh ngày 2026-09-20","không có đáp án đúng, dùng để đo tỉ lệ trả về rỗng"
cauhoi-1043,属猪和属狗配吗,zh,nhu-cau-that,,,,"Nhật Nguyệt, bộ đánh giá ô tìm kiếm sinh ngày 2026-09-20","không có đáp án đúng, dùng để đo tỉ lệ trả về rỗng"
cauhoi-1044,属猫和属马配吗,zh,nhu-cau-that,,,,"Nhật Nguyệt, bộ đánh giá ô tìm kiếm sinh ngày 2026-09-20","không có đáp án đúng, dùng để đo tỉ lệ trả về rỗng"
cauhoi-1045,属猴和属羊配吗,zh,nhu-cau-that,,,,"Nhật Nguyệt, bộ đánh giá ô tìm kiếm sinh ngày 2026-09-20","không có đáp án đúng, dùng để đo tỉ lệ trả về rỗng"
cauhoi-1046,属羊和属虎配吗,zh,nhu-cau-that,,,,"Nhật Nguyệt, bộ đánh giá ô tìm kiếm sinh ngày 2026-09-20","không có đáp án đúng, dùng để đo tỉ lệ trả về rỗng"
cauhoi-1047,属虎和属牛配吗,zh,nhu-cau-that,,,,"Nhật Nguyệt, bộ đánh giá ô tìm kiếm sinh ngày 2026-09-20","không có đáp án đúng, dùng để đo tỉ lệ trả về rỗng"
cauhoi-1048,属蛇和属龙配吗,zh,nhu-cau-that,,,,"Nhật Nguyệt, bộ đánh giá ô tìm kiếm sinh ngày 2026-09-20","không có đáp án đúng, dùng để đo tỉ lệ trả về rỗng"
cauhoi-1049,属马和属鸡配吗,zh,nhu-cau-that,,,,"Nhật Nguyệt, bộ đánh giá ô tìm kiếm sinh ngày 2026-09-20","không có đáp án đúng, dùng để đo tỉ lệ trả về rỗng"
cauhoi-1050,属鸡和属鼠配吗,zh,nhu-cau-that,,,,"Nhật Nguyệt, bộ đánh giá ô tìm kiếm sinh ngày 2026-09-20","không có đáp án đúng, dùng để đo tỉ lệ trả về rỗng"
cauhoi-1051,属鼠和属猫配吗,zh,nhu-cau-that,,,,"Nhật Nguyệt, bộ đánh giá ô tìm kiếm sinh ngày 2026-09-20","không có đáp án đúng, dùng để đo tỉ lệ trả về rỗng"
cauhoi-1052,属龙和属猪配吗,zh,nhu-cau-that,,,,"Nhật Nguyệt, bộ đánh giá ô tìm kiếm sinh ngày 2026-09-20","không có đáp án đúng, dùng để đo tỉ lệ trả về rỗng"
cauhoi-1053,生命灵数11代表什么,zh,nhu-cau-that,,,,"Nhật Nguyệt, bộ đánh giá ô tìm kiếm sinh ngày 2026-09-20","không có đáp án đúng, dùng để đo tỉ lệ trả về rỗng"
cauhoi-1054,生命灵数1代表什么,zh,nhu-cau-that,,,,"Nhật Nguyệt, bộ đánh giá ô tìm kiếm sinh ngày 2026-09-20","không có đáp án đúng, dùng để đo tỉ lệ trả về rỗng"
cauhoi-1055,生命灵数22代表什么,zh,nhu-cau-that,,,,"Nhật Nguyệt, bộ đánh giá ô tìm kiếm sinh ngày 2026-09-20","không có đáp án đúng, dùng để đo tỉ lệ trả về rỗng"
cauhoi-1056,生命灵数2代表什么,zh,nhu-cau-that,,,,"Nhật Nguyệt, bộ đánh giá ô tìm kiếm sinh ngày 2026-09-20","không có đáp án đúng, dùng để đo tỉ lệ trả về rỗng"
cauhoi-1057,生命灵数3代表什么,zh,nhu-cau-that,,,,"Nhật Nguyệt, bộ đánh giá ô tìm kiếm sinh ngày 2026-09-20","không có đáp án đúng, dùng để đo tỉ lệ trả về rỗng"
cauhoi-1058,生命灵数4代表什么,zh,nhu-cau-that,,,,"Nhật Nguyệt, bộ đánh giá ô tìm kiếm sinh ngày 2026-09-20","không có đáp án đúng, dùng để đo tỉ lệ trả về rỗng"
cauhoi-1059,生命灵数5代表什么,zh,nhu-cau-that,,,,"Nhật Nguyệt, bộ đánh giá ô tìm kiếm sinh ngày 2026-09-20","không có đáp án đúng, dùng để đo tỉ lệ trả về rỗng"
cauhoi-1060,生命灵数6代表什么,zh,nhu-cau-that,,,,"Nhật Nguyệt, bộ đánh giá ô tìm kiếm sinh ngày 2026-09-20","không có đáp án đúng, dùng để đo tỉ lệ trả về rỗng"
cauhoi-1061,生命灵数7代表什么,zh,nhu-cau-that,,,,"Nhật Nguyệt, bộ đánh giá ô tìm kiếm sinh ngày 2026-09-20","không có đáp án đúng, dùng để đo tỉ lệ trả về rỗng"
cauhoi-1062,生命灵数8代表什么,zh,nhu-cau-that,,,,"Nhật Nguyệt, bộ đánh giá ô tìm kiếm sinh ngày 2026-09-20","không có đáp án đúng, dùng để đo tỉ lệ trả về rỗng"
cauhoi-1063,生命灵数9代表什么,zh,nhu-cau-that,,,,"Nhật Nguyệt, bộ đánh giá ô tìm kiếm sinh ngày 2026-09-20","không có đáp án đúng, dùng để đo tỉ lệ trả về rỗng"
cauhoi-1064,生肖六合和三合是什么意思,zh,nhu-cau-that,,,,"Nhật Nguyệt, bộ đánh giá ô tìm kiếm sinh ngày 2026-09-20","không có đáp án đúng, dùng để đo tỉ lệ trả về rỗng"
cauhoi-1065,紫微斗数怎么排盘,zh,nhu-cau-that,,,/tien-ich/tu-vi,"Nhật Nguyệt, bộ đánh giá ô tìm kiếm sinh ngày 2026-09-20",
cauhoi-1066,越南中元节怎么过,zh,nhu-cau-that,,,,"Nhật Nguyệt, bộ đánh giá ô tìm kiếm sinh ngày 2026-09-20","không có đáp án đúng, dùng để đo tỉ lệ trả về rỗng"
cauhoi-1067,越南为什么过猫年不过兔年,zh,nhu-cau-that,,,,"Nhật Nguyệt, bộ đánh giá ô tìm kiếm sinh ngày 2026-09-20","không có đáp án đúng, dùng để đo tỉ lệ trả về rỗng"
cauhoi-1068,越南春节有哪些习俗,zh,nhu-cau-that,,,,"Nhật Nguyệt, bộ đánh giá ô tìm kiếm sinh ngày 2026-09-20","không có đáp án đúng, dùng để đo tỉ lệ trả về rỗng"
cauhoi-1069,越南母道信仰是什么,zh,nhu-cau-that,,,,"Nhật Nguyệt, bộ đánh giá ô tìm kiếm sinh ngày 2026-09-20","không có đáp án đúng, dùng để đo tỉ lệ trả về rỗng"
cauhoi-1070,风水中的八宅是什么,zh,nhu-cau-that,,,,"Nhật Nguyệt, bộ đánh giá ô tìm kiếm sinh ngày 2026-09-20","không có đáp án đúng, dùng để đo tỉ lệ trả về rỗng"
cauhoi-1071,今天我的运势,zh,tien-ich,,,/tien-ich/hom-nay-the-nao,"Nhật Nguyệt, bộ đánh giá ô tìm kiếm sinh ngày 2026-09-20",
cauhoi-1072,今天有什么特别,zh,tien-ich,,,/tien-ich/than-so-hoc-ngay,"Nhật Nguyệt, bộ đánh giá ô tìm kiếm sinh ngày 2026-09-20",
cauhoi-1073,住宅朝向查询,zh,tien-ich,,,/tien-ich/xem-nha-dat,"Nhật Nguyệt, bộ đánh giá ô tìm kiếm sinh ngày 2026-09-20",
cauhoi-1074,你带着什么能量,zh,tien-ich,,,/tien-ich/nang-luong-cua-ban,"Nhật Nguyệt, bộ đánh giá ô tìm kiếm sinh ngày 2026-09-20",
cauhoi-1075,建房年份宜忌,zh,tien-ich,,,/tien-ich/xem-tuoi-lam-nha,"Nhật Nguyệt, bộ đánh giá ô tìm kiếm sinh ngày 2026-09-20",
cauhoi-1076,新年首位登门人,zh,tien-ich,,,/tien-ich/xem-tuoi-xong-dat,"Nhật Nguyệt, bộ đánh giá ô tìm kiếm sinh ngày 2026-09-20",
cauhoi-1077,易经六十四卦查询,zh,tien-ich,,,/tien-ich/kinh-dich,"Nhật Nguyệt, bộ đánh giá ô tìm kiếm sinh ngày 2026-09-20",
cauhoi-1078,流年值星与三灾,zh,tien-ich,,,/tien-ich/sao-chieu-menh,"Nhật Nguyệt, bộ đánh giá ô tìm kiếm sinh ngày 2026-09-20",
cauhoi-1079,生肖合婚与合伙,zh,tien-ich,,,/tien-ich/xem-tuoi-hop,"Nhật Nguyệt, bộ đánh giá ô tìm kiếm sinh ngày 2026-09-20",
cauhoi-1080,西洋星座运势,zh,tien-ich,,,/tien-ich/tu-vi-tay-phuong,"Nhật Nguyệt, bộ đánh giá ô tìm kiếm sinh ngày 2026-09-20",
cauhoi-1081,解锁 2026 年运势,zh,tien-ich,,,/tien-ich/mo-khoa-van-han-2026,"Nhật Nguyệt, bộ đánh giá ô tìm kiếm sinh ngày 2026-09-20",
cauhoi-1082,越南节庆日历,zh,tien-ich,,,/tien-ich/lich-le-hoi,"Nhật Nguyệt, bộ đánh giá ô tìm kiếm sinh ngày 2026-09-20",
cauhoi-1083,1945年9月2日是谁宣读了《独立宣言》？,zh,tri-thuc,Ngày kỷ niệm Việt Nam,quoc-khanh-viet-nam-2-9-y-nghia-lich-su-ngay-doc-lap-958568,,"Nhật Nguyệt, bộ đánh giá ô tìm kiếm sinh ngày 2026-09-20",
cauhoi-1084,1948年的福勒实验是真的吗？具体结果是什么？,zh,tri-thuc,Tâm lý học,thi-nghiem-forer-1948-hieu-ung-barnum-ce8367,,"Nhật Nguyệt, bộ đánh giá ô tìm kiếm sinh ngày 2026-09-20",
cauhoi-1085,5 号人格有哪些需要克服的共同弱点？,zh,tri-thuc,Enneagram,enneagram-type-5-nha-quan-sat-e430ad,,"Nhật Nguyệt, bộ đánh giá ô tìm kiếm sinh ngày 2026-09-20",
cauhoi-1086,Cartomancy 与塔罗牌的区别在哪里？,zh,tri-thuc,Bói bài Tây,boi-bai-tay-52-la-cartomancy,,"Nhật Nguyệt, bộ đánh giá ô tìm kiếm sinh ngày 2026-09-20",
cauhoi-1087,Lồng Tồng 节仪式部分中最重要的仪式是什么？,zh,tri-thuc,Lễ hội truyền thống,le-hoi-long-tong-ngay-hoi-xuong-dong-cau-mua-cua-nguoi-tay-nung-2710d8,,"Nhật Nguyệt, bộ đánh giá ô tìm kiếm sinh ngày 2026-09-20",
cauhoi-1088,Phường Đúc铸铜工艺包括哪些主要工序？,zh,tri-thuc,Nghề thủ công truyền thống,lang-nghe-tram-nam-do-lua-duc-dong-phuong-duc-o-hue-c6485c,,"Nhật Nguyệt, bộ đánh giá ô tìm kiếm sinh ngày 2026-09-20",
cauhoi-1089,Saju 与中国八字（Bazi）相同吗？,zh,tri-thuc,Saju,saju-tu-tru-han-quoc,,"Nhật Nguyệt, bộ đánh giá ô tìm kiếm sinh ngày 2026-09-20",
cauhoi-1090,Thác Bờ娘娘庙供奉哪些人？,zh,tri-thuc,Nhân vật lịch sử,tin-nguong-tho-chua-thac-bo-hai-nu-tuong-thoi-le-loi-o-hoa-binh-6ea791,,"Nhật Nguyệt, bộ đánh giá ô tìm kiếm sinh ngày 2026-09-20",
cauhoi-1091,Trải bài 能用于所有问题吗？,zh,tri-thuc,Từ điển,tu-dien-trai-bai,,"Nhật Nguyệt, bộ đánh giá ô tìm kiếm sinh ngày 2026-09-20",
cauhoi-1092,Type 1 分解时是否总是变得和 Type 4 一模一样？,zh,tri-thuc,Enneagram,mui-ten-tich-hop-va-phan-ra-type-1-enneagram-42824a,,"Nhật Nguyệt, bộ đánh giá ô tìm kiếm sinh ngày 2026-09-20",
cauhoi-1093,Đông Tứ Trạch 包含哪些宅？,zh,tri-thuc,Từ điển,tu-dien-dong-tu-trach,,"Nhật Nguyệt, bộ đánh giá ô tìm kiếm sinh ngày 2026-09-20",
cauhoi-1094,《青年报》在越南革命历史中有什么作用？,zh,tri-thuc,Ngày kỷ niệm Việt Nam,ngay-bao-chi-cach-mang-viet-nam-21-6-578838,,"Nhật Nguyệt, bộ đánh giá ô tìm kiếm sinh ngày 2026-09-20",
cauhoi-1095,七月十五祭礼应在什么时辰进行？,zh,tri-thuc,Lễ Vu Lan,cach-chuan-bi-mam-cung-le-vu-lan-ram-thang-7-c8ae65,,"Nhật Nguyệt, bộ đánh giá ô tìm kiếm sinh ngày 2026-09-20",
cauhoi-1096,七月十五祭礼需要准备几份供桌？,zh,tri-thuc,Lễ Vu Lan,cach-chuan-bi-mam-cung-le-vu-lan-ram-thang-7-c8ae65,,"Nhật Nguyệt, bộ đánh giá ô tìm kiếm sinh ngày 2026-09-20",
cauhoi-1097,三地祖先祭盘最大的区别是什么？,zh,tri-thuc,So sánh vùng miền,so-sanh-phong-tuc-tho-cung-to-tien-giua-cac-vung-mien-484844,,"Nhật Nguyệt, bộ đánh giá ô tìm kiếm sinh ngày 2026-09-20",
cauhoi-1098,三地端午节祭品的差异主要由什么因素决定？,zh,tri-thuc,So sánh vùng miền,so-sanh-phong-tuc-tet-doan-ngo-ba-mien-37285f,,"Nhật Nguyệt, bộ đánh giá ô tìm kiếm sinh ngày 2026-09-20",
cauhoi-1099,三府母道教信仰是什么？起源于何处？,zh,tri-thuc,Tín ngưỡng dân gian,tin-nguong-tho-mau-tam-phu-va-nghi-le-hau-dong-fb01cf,,"Nhật Nguyệt, bộ đánh giá ô tìm kiếm sinh ngày 2026-09-20",
cauhoi-1100,为什么如月江与李常杰的名字紧密相连？,zh,tri-thuc,Nhân vật lịch sử,thai-uy-ly-thuong-kiet-phong-tuyen-song-nhu-nguyet-va-den-tho-o-bac-ninh-d276a7,,"Nhật Nguyệt, bộ đánh giá ô tìm kiếm sinh ngày 2026-09-20",
cauhoi-1101,为什么应该读整只手而不是只读一条手相线？,zh,tri-thuc,Bói toán dân gian,doc-ca-ban-tay-thay-vi-tung-duong-nam-duong-chinh-lien-he-voi-nhau-b9c0ef,,"Nhật Nguyệt, bộ đánh giá ô tìm kiếm sinh ngày 2026-09-20",
cauhoi-1102,为什么科学反驳后许多人仍相信面相？,zh,tri-thuc,Nhân tướng học,khoa-hoc-noi-gi-ve-xem-tuong-mat-da8a81,,"Nhật Nguyệt, bộ đánh giá ô tìm kiếm sinh ngày 2026-09-20",
cauhoi-1103,为什么节气与农事紧密相关？,zh,tri-thuc,Lịch âm,hai-muoi-tu-tiet-khi-phan-duong-lich-trong-lich-am-efb90c,,"Nhật Nguyệt, bộ đánh giá ô tìm kiếm sinh ngày 2026-09-20",
cauhoi-1104,为什么观卦强调献礼前要「洗手」（盥洗）？,zh,tri-thuc,Kinh Dịch,giai-ma-que-phong-dia-quan-kinh-dich-41b269,,"Nhật Nguyệt, bộ đánh giá ô tìm kiếm sinh ngày 2026-09-20",
cauhoi-1105,为什么越南日历和中国日历有时农历日期相差一天？,zh,tri-thuc,Lịch âm,vi-sao-hai-quyen-lich-ghi-hai-ngay-am-khac-nhau-a2d247,,"Nhật Nguyệt, bộ đánh giá ô tìm kiếm sinh ngày 2026-09-20",
cauhoi-1106,为什么越南有猫而不是兔？,zh,tri-thuc,Con giáp,12-con-giap-la-gi-y-nghia-va-cach-tinh-tuoi-theo-dia-chi-tong-quan,,"Nhật Nguyệt, bộ đánh giá ô tìm kiếm sinh ngày 2026-09-20",
cauhoi-1107,人类图有多少种能量类型？,zh,tri-thuc,Human Design,bon-kieu-nang-luong-human-design-manifestor-generator-projector-reflector-b2b1f7,,"Nhật Nguyệt, bộ đánh giá ô tìm kiếm sinh ngày 2026-09-20",
cauhoi-1108,什么是日月同明？,zh,tri-thuc,Tử vi Đẩu Số,sao-thai-duong,,"Nhật Nguyệt, bộ đánh giá ô tìm kiếm sinh ngày 2026-09-20",
cauhoi-1109,伪科学与错误科学有何不同？,zh,tri-thuc,Triết học khoa học,gia-khoa-hoc-la-gi-va-bai-toan-vach-ranh-gioi-14e7b7,,"Nhật Nguyệt, bộ đánh giá ô tìm kiếm sinh ngày 2026-09-20",
cauhoi-1110,佛诞大典在越南人生活中的主要意义是什么？,zh,tri-thuc,Lễ Tết,ram-thang-tu-dai-le-phat-dan-nguon-goc-va-y-nghia-trong-doi-song-tam-linh-nguoi-viet-cdfd51,,"Nhật Nguyệt, bộ đánh giá ô tìm kiếm sinh ngày 2026-09-20",
cauhoi-1111,八字中的偏印对一个人的事业与学业有什么意义？,zh,tri-thuc,Bát Tự,thien-an-kieu-than-trong-bat-tu-76123e,,"Nhật Nguyệt, bộ đánh giá ô tìm kiếm sinh ngày 2026-09-20",
cauhoi-1112,八字有多少个字？,zh,tri-thuc,Bát Tự,bat-tu-tu-tru-la-gi,,"Nhật Nguyệt, bộ đánh giá ô tìm kiếm sinh ngày 2026-09-20",
cauhoi-1113,公房的断案仪式如何进行？,zh,tri-thuc,Phong tục dân tộc thiểu số,nha-rong-trong-doi-song-van-hoa-tay-nguyen-a5fcfe,,"Nhật Nguyệt, bộ đánh giá ô tìm kiếm sinh ngày 2026-09-20",
cauhoi-1114,内倾直觉（Ni）与外倾直觉（Ne）有什么区别？,zh,tri-thuc,MBTI,chuc-nang-nhan-thuc-truc-giac-huong-noi-ni-trong-mbti-9f0cab,,"Nhật Nguyệt, bộ đánh giá ô tìm kiếm sinh ngày 2026-09-20",
cauhoi-1115,出借年龄的人对房屋要承担什么责任吗？,zh,tri-thuc,Kiêng kỵ dân gian,muon-tuoi-lam-nha-trinh-tu-dieu-kien-va-ranh-gioi-phap-ly,,"Nhật Nguyệt, bộ đánh giá ô tìm kiếm sinh ngày 2026-09-20",
cauhoi-1116,制香业为 Thôn Cao 百姓带来了什么价值？,zh,tri-thuc,Nghề thủ công truyền thống,lang-huong-thon-cao-noi-luu-giu-net-dep-tin-nguong-nguoi-viet-166987,,"Nhật Nguyệt, bộ đánh giá ô tìm kiếm sinh ngày 2026-09-20",
cauhoi-1117,劫财旺是否总是不好，会破尽财禄吗？,zh,tri-thuc,Bát Tự,kiep-tai-trong-thap-than-cua-bat-tu-c40f78,,"Nhật Nguyệt, bộ đánh giá ô tìm kiếm sinh ngày 2026-09-20",
cauhoi-1118,化装成草鬼的人必须遵守哪些禁忌？,zh,tri-thuc,Thờ cúng tổ tiên,le-cung-to-tien-mua-ma-co-nguoi-lo-lo-626332,,"Nhật Nguyệt, bộ đánh giá ô tìm kiếm sinh ngày 2026-09-20",
cauhoi-1119,北部和南部五果盘有什么不同？,zh,tri-thuc,Ẩm thực truyền thống,y-nghia-tung-loai-qua-trong-mam-ngu-qua-ngay-tet-068727,,"Nhật Nguyệt, bộ đánh giá ô tìm kiếm sinh ngày 2026-09-20",
cauhoi-1120,南部占族婚礼通常持续多久，包括哪些天？,zh,tri-thuc,Nghi lễ vòng đời,le-cuoi-nguoi-cham-dau-an-che-do-mau-he-qua-nghi-thuc-dua-re-5089cb,,"Nhật Nguyệt, bộ đánh giá ô tìm kiếm sinh ngày 2026-09-20",
cauhoi-1121,卫生间在房屋中心有问题吗，如何化解？,zh,tri-thuc,Phong thủy,phong-thuy-nha-ve-sinh-nguyen-tac-bo-tri-hop-phong-thuy-01adb0,,"Nhật Nguyệt, bộ đánh giá ô tìm kiếm sinh ngày 2026-09-20",
cauhoi-1122,卯年生人应避免与哪些生肖结合？,zh,tri-thuc,12 Con Giáp,con-giap-mao,,"Nhật Nguyệt, bộ đánh giá ô tìm kiếm sinh ngày 2026-09-20",
cauhoi-1123,双鱼座最大的弱点是什么？,zh,tri-thuc,Chiêm tinh phương Tây,cung-song-ngu,,"Nhật Nguyệt, bộ đánh giá ô tìm kiếm sinh ngày 2026-09-20",
cauhoi-1124,可以同时佩戴多种风水石吗？,zh,tri-thuc,Đá phong thủy,da-phong-thuy-la-gi-cach-chon-da-hop-menh-va-hop-tuoi-tong-quan,,"Nhật Nguyệt, bộ đánh giá ô tìm kiếm sinh ngày 2026-09-20",
cauhoi-1125,各省的 Then 歌一样吗？,zh,tri-thuc,So sánh vùng miền,van-hoa-viet-bac-va-dong-bac-hat-then-cho-phien-nep-song-ban-lang-29010c,,"Nhật Nguyệt, bộ đánh giá ô tìm kiếm sinh ngày 2026-09-20",
cauhoi-1126,命带劫财的人应选择什么职业来发挥优势？,zh,tri-thuc,Bát Tự,kiep-tai-trong-thap-than-cua-bat-tu-c40f78,,"Nhật Nguyệt, bộ đánh giá ô tìm kiếm sinh ngày 2026-09-20",
cauhoi-1127,哪些人格类型把内倾直觉（Ni）作为主要功能或辅助功能？,zh,tri-thuc,MBTI,chuc-nang-nhan-thuc-truc-giac-huong-noi-ni-trong-mbti-9f0cab,,"Nhật Nguyệt, bộ đánh giá ô tìm kiếm sinh ngày 2026-09-20",
cauhoi-1128,哪些古代文献被视为 Vastu Shastra 的基础？,zh,tri-thuc,Vastu Shastra,vastu-shastra-kien-truc-an-do,,"Nhật Nguyệt, bộ đánh giá ô tìm kiếm sinh ngày 2026-09-20",
cauhoi-1129,哪些年份出生属于杨柳木纳音？,zh,tri-thuc,Tử vi,nap-am-duong-lieu-moc-y-nghia-ngu-hanh-c6d385,,"Nhật Nguyệt, bộ đánh giá ô tìm kiếm sinh ngày 2026-09-20",
cauhoi-1130,嘉莱族的弃墓礼（Pơ Thi）什么时候举行？,zh,tri-thuc,Nghi lễ vòng đời,le-bo-ma-cua-nguoi-gia-rai-nghi-le-tien-biet-nguoi-da-khuat-ve-voi-to-tien-7cedca,,"Nhật Nguyệt, bộ đánh giá ô tìm kiếm sinh ngày 2026-09-20",
cauhoi-1131,嘉莱族的弃墓礼（Pơ Thi）有什么意义？,zh,tri-thuc,Nghi lễ vòng đời,le-bo-ma-po-thi-va-nghe-thuat-tuong-nha-mo-cua-nguoi-gia-rai-834355,,"Nhật Nguyệt, bộ đánh giá ô tìm kiếm sinh ngày 2026-09-20",
cauhoi-1132,塔罗牌中的圣杯组（Cups）象征哪个元素和生活的哪个领域？,zh,tri-thuc,Tarot,chat-coc-cups-y-nghia-tong-quan-theo-nguyen-to-2ad93e,,"Nhật Nguyệt, bộ đánh giá ô tìm kiếm sinh ngày 2026-09-20",
cauhoi-1133,多艾潭鼓村在哪里，有多少年历史？,zh,tri-thuc,Nghề thủ công truyền thống,lang-trong-doi-tam-hon-1000-nam-tuoi-cfaee1,,"Nhật Nguyệt, bộ đánh giá ô tìm kiếm sinh ngày 2026-09-20",
cauhoi-1134,天干甲属什么行，带阴还是阳？,zh,tri-thuc,Kinh Dịch,thien-can-giap-dac-tinh-am-duong-ngu-hanh-trong-kinh-dich-efc291,,"Nhật Nguyệt, bộ đánh giá ô tìm kiếm sinh ngày 2026-09-20",
cauhoi-1135,如今踩地习俗发生了怎样的变化？,zh,tri-thuc,Phong tục Tết,tuc-xong-dat-dau-nam-nguon-goc-va-cach-chon-nguoi-xong-nha-1b00ad,,"Nhật Nguyệt, bộ đánh giá ô tìm kiếm sinh ngày 2026-09-20",
cauhoi-1136,如今高村人还做手工香吗？,zh,tri-thuc,Nghề thủ công truyền thống,lang-huong-co-truyen-cao-thon-cai-noi-nghe-lam-huong-viet-nam-272a4d,,"Nhật Nguyệt, bộ đánh giá ô tìm kiếm sinh ngày 2026-09-20",
cauhoi-1137,如何为现有住宅激活辛山？,zh,tri-thuc,Phong thủy,son-huong-tan-trong-24-son-huong-phong-thuy-2afb64,,"Nhật Nguyệt, bộ đánh giá ô tìm kiếm sinh ngày 2026-09-20",
cauhoi-1138,如何在我的星盘中识别六合相位？,zh,tri-thuc,Chiêm tinh học,khia-canh-luc-hop-sextile-trong-chiem-tinh-hoc-4aa3da,,"Nhật Nguyệt, bộ đánh giá ô tìm kiếm sinh ngày 2026-09-20",
cauhoi-1139,如何理解一个人出生星图中金星的位置？,zh,tri-thuc,Chiêm tinh học,thien-binh-va-sao-kim-moi-lien-ket-hanh-tinh-chu-quan-trong-chiem-tinh-hoc-bdc8f4,,"Nhật Nguyệt, bộ đánh giá ô tìm kiếm sinh ngày 2026-09-20",
cauhoi-1140,如何识别一个 Fe 功能强的人？,zh,tri-thuc,MBTI,chuc-nang-nhan-thuc-cam-xuc-huong-ngoai-fe-trong-mbti-b2d9a7,,"Nhật Nguyệt, bộ đánh giá ô tìm kiếm sinh ngày 2026-09-20",
cauhoi-1141,如何辨别真假风水石？,zh,tri-thuc,Đá phong thủy,da-phong-thuy-hop-cung-su-tu-fe4c16,,"Nhật Nguyệt, bộ đánh giá ô tìm kiếm sinh ngày 2026-09-20",
cauhoi-1142,对分相（Opposition）在爱情和关系中有什么含义？,zh,tri-thuc,Chiêm tinh học,khia-canh-doi-nghich-opposition-trong-chiem-tinh-hoc-79e734,,"Nhật Nguyệt, bộ đánh giá ô tìm kiếm sinh ngày 2026-09-20",
cauhoi-1143,属猴人与哪个生肖相冲？,zh,tri-thuc,12 Con Giáp,con-giap-than,,"Nhật Nguyệt, bộ đánh giá ô tìm kiếm sinh ngày 2026-09-20",
cauhoi-1144,属蛇的人应避免与哪个生肖结合？,zh,tri-thuc,12 Con Giáp,con-giap-ty-ran,,"Nhật Nguyệt, bộ đánh giá ô tìm kiếm sinh ngày 2026-09-20",
cauhoi-1145,属马与哪个生肖最相合？,zh,tri-thuc,12 Con Giáp,con-giap-ngo,,"Nhật Nguyệt, bộ đánh giá ô tìm kiếm sinh ngày 2026-09-20",
cauhoi-1146,属马与哪个生肖相克？,zh,tri-thuc,12 Con Giáp,con-giap-ngo,,"Nhật Nguyệt, bộ đánh giá ô tìm kiếm sinh ngày 2026-09-20",
cauhoi-1147,属鼠的五行是什么？,zh,tri-thuc,12 Con Giáp,con-giap-ty,,"Nhật Nguyệt, bộ đánh giá ô tìm kiếm sinh ngày 2026-09-20",
cauhoi-1148,巨蟹座总是敏感和容易受伤吗？,zh,tri-thuc,Chiêm tinh học,cu-giai-va-mat-trang-moi-lien-ket-hanh-tinh-chu-quan-trong-chiem-tinh-hoc-900e4b,,"Nhật Nguyệt, bộ đánh giá ô tìm kiếm sinh ngày 2026-09-20",
cauhoi-1149,巴纳姆效应与算命有什么关系？,zh,tri-thuc,Bói toán dân gian,vi-sao-nguoi-tre-di-xem-boi-ap-luc-bat-dinh-hieu-ung-barnum-831955,,"Nhật Nguyệt, bộ đánh giá ô tìm kiếm sinh ngày 2026-09-20",
cauhoi-1150,延婆庙会有哪些独特仪式？,zh,tri-thuc,Tín ngưỡng dân gian,tin-nguong-tho-tu-phap-may-mua-sam-chop-o-chua-dau-690509,,"Nhật Nguyệt, bộ đánh giá ô tìm kiếm sinh ngày 2026-09-20",
cauhoi-1151,怎么知道自己的日主是什么？,zh,tri-thuc,Bát Tự,thap-than-trong-bat-tu,,"Nhật Nguyệt, bộ đánh giá ô tìm kiếm sinh ngày 2026-09-20",
cauhoi-1152,怎样辨别风水石的真假？,zh,tri-thuc,Đá phong thủy,da-phong-thuy-la-gi-cach-chon-da-hop-menh-va-hop-tuoi-tong-quan,,"Nhật Nguyệt, bộ đánh giá ô tìm kiếm sinh ngày 2026-09-20",
cauhoi-1153,戈都族婚礼中的Zum共食礼有什么意义？,zh,tri-thuc,Phong tục dân tộc thiểu số,net-truyen-thong-dam-cuoi-nguoi-co-tu-e96ba8,,"Nhật Nguyệt, bộ đánh giá ô tìm kiếm sinh ngày 2026-09-20",
cauhoi-1154,拉祜族在哪些场合祭祀祖先，祭品是什么？,zh,tri-thuc,Cộng đồng các dân tộc,dan-toc-la-hu-noi-cu-tru-tieng-noi-tap-tuc-tho-cung-le-hoi-4302b5,,"Nhật Nguyệt, bộ đánh giá ô tìm kiếm sinh ngày 2026-09-20",
cauhoi-1155,挑战数 6 如何影响事业和爱情？,zh,tri-thuc,Thần số học,so-thach-thuc-6-than-so-hoc-y-nghia-va-bai-hoc-can-vuot-qua-ea8d37,,"Nhật Nguyệt, bộ đánh giá ô tìm kiếm sinh ngày 2026-09-20",
cauhoi-1156,数字命理学中的主命数按阴历还是阳历计算？,zh,tri-thuc,Thần số học,than-so-hoc-phuong-tay-cach-tinh-con-so-chu-dao-2c501a,,"Nhật Nguyệt, bộ đánh giá ô tìm kiếm sinh ngày 2026-09-20",
cauhoi-1157,文庙年初求字的价格是多少？,zh,tri-thuc,Lễ Tết,xin-chu-dau-nam-van-mieu-net-dep-van-hoa-ong-do-ngay-tet-cbd301,,"Nhật Nguyệt, bộ đánh giá ô tìm kiếm sinh ngày 2026-09-20",
cauhoi-1158,新月的周期持续多久，它是如何发生的？,zh,tri-thuc,Chiêm tinh học,trang-non-y-nghia-chiem-tinh-doi-song-5ab4d4,,"Nhật Nguyệt, bộ đánh giá ô tìm kiếm sinh ngày 2026-09-20",
cauhoi-1159,日月灯明这个名字应按字面理解还是按象征理解？,zh,tri-thuc,Phật giáo,nhat-nguyet-dang-minh-phat-kinh-phap-hoa-df5ba8,,"Nhật Nguyệt, bộ đánh giá ô tìm kiếm sinh ngày 2026-09-20",
cauhoi-1160,是否必须完整举行 dạm ngõ、ăn hỏi、rước dâu 三个仪式？,zh,tri-thuc,Nghi lễ vòng đời,le-cuoi-hoi-truyen-thong-viet-nam,,"Nhật Nguyệt, bộ đánh giá ô tìm kiếm sinh ngày 2026-09-20",
cauhoi-1161,月亮星座和普通星座一样吗？,zh,tri-thuc,Chiêm tinh học,cung-mat-trang-moon-sign-la-gi-khac-gi-cung-hoang-dao-de32df,,"Nhật Nguyệt, bộ đánh giá ô tìm kiếm sinh ngày 2026-09-20",
cauhoi-1162,杀破狼组合是否总是预示人生不幸？,zh,tri-thuc,Tử vi Đẩu Số,sao-that-sat,,"Nhật Nguyệt, bộ đánh giá ô tìm kiếm sinh ngày 2026-09-20",
cauhoi-1163,正印被克（财星旺）对命主有何影响？,zh,tri-thuc,Bát Tự,chinh-an-trong-thap-than-cua-bat-tu-y-nghia-va-ung-dung-luan-menh-36d8fa,,"Nhật Nguyệt, bộ đánh giá ô tìm kiếm sinh ngày 2026-09-20",
cauhoi-1164,正官和七杀有什么区别？,zh,tri-thuc,Bát Tự,thap-than-trong-bat-tu,,"Nhật Nguyệt, bộ đánh giá ô tìm kiếm sinh ngày 2026-09-20",
cauhoi-1165,母神信仰中的三府包括哪些区域？,zh,tri-thuc,Tín ngưỡng dân gian,tin-nguong-tho-mau-tam-phu-di-san-unesco-e0b3f2,,"Nhật Nguyệt, bộ đánh giá ô tìm kiếm sinh ngày 2026-09-20",
cauhoi-1166,求鱼节在什么时间举行，目的是什么？,zh,tri-thuc,So sánh vùng miền,van-hoa-duyen-hai-nam-trung-bo-tin-nguong-tho-ca-ong-le-cau-ngu-39c717,,"Nhật Nguyệt, bộ đánh giá ô tìm kiếm sinh ngày 2026-09-20",
cauhoi-1167,火星在占星星盘中有什么意义？,zh,tri-thuc,Chiêm tinh học,sao-hoa-trong-chiem-tinh-hoc-y-nghia-va-anh-huong-len-la-so-f63f63,,"Nhật Nguyệt, bộ đánh giá ô tìm kiếm sinh ngày 2026-09-20",
cauhoi-1168,炉中火命人在五行关系中与什么命相合？,zh,tri-thuc,Tử vi,nap-am-luu-trung-hoa-la-gi-y-nghia-ngu-hanh-9077c3,,"Nhật Nguyệt, bộ đánh giá ô tìm kiếm sinh ngày 2026-09-20",
cauhoi-1169,爻和卦有什么区别？,zh,tri-thuc,Từ điển,tu-dien-hao,,"Nhật Nguyệt, bộ đánh giá ô tìm kiếm sinh ngày 2026-09-20",
cauhoi-1170,生肖年龄是按春节还是按公历计算？,zh,tri-thuc,Con giáp,12-con-giap-la-gi-y-nghia-va-cach-tinh-tuoi-theo-dia-chi-tong-quan,,"Nhật Nguyệt, bộ đánh giá ô tìm kiếm sinh ngày 2026-09-20",
cauhoi-1171,男性脸颊上的痣有什么含义？,zh,tri-thuc,Xem tướng,not-ruoi-o-go-ma-y-nghia-theo-nhan-tuong-hoc-dan-gian-6d01be,,"Nhật Nguyệt, bộ đánh giá ô tìm kiếm sinh ngày 2026-09-20",
cauhoi-1172,白水晶和天然水晶是同一种吗？,zh,tri-thuc,Đá phong thủy,thach-anh-trong-phong-thuy,,"Nhật Nguyệt, bộ đánh giá ô tìm kiếm sinh ngày 2026-09-20",
cauhoi-1173,看手相真的能预测未来吗？,zh,tri-thuc,Bói toán dân gian,xem-chi-tay-la-gi-cac-duong-chi-tay-va-vi-sao-khong-du-bao-tuong-lai-b30409,,"Nhật Nguyệt, bộ đánh giá ô tìm kiếm sinh ngày 2026-09-20",
cauhoi-1174,祖先崇拜是否必须高盘满席？,zh,tri-thuc,Thờ cúng tổ tiên,tho-cung-to-tien-cua-nguoi-viet-nguon-goc-chuan-muc-va-nhung-gi-da-doi-e69d21,,"Nhật Nguyệt, bộ đánh giá ô tìm kiếm sinh ngày 2026-09-20",
cauhoi-1175,祖先神台最好设在家中的哪里？,zh,tri-thuc,Thờ cúng tổ tiên,cach-bay-ban-tho-gia-tien-dung-phong-thuy-dung-phong-tuc-dcae90,,"Nhật Nguyệt, bộ đánh giá ô tìm kiếm sinh ngày 2026-09-20",
cauhoi-1176,胡志明主席的生日首次公布于何时？,zh,tri-thuc,Ngày kỷ niệm Việt Nam,ngay-sinh-chu-tich-ho-chi-minh-19-5-485631,,"Nhật Nguyệt, bộ đánh giá ô tìm kiếm sinh ngày 2026-09-20",
cauhoi-1177,自我读整只手需要准备什么？,zh,tri-thuc,Bói toán dân gian,doc-ca-ban-tay-thay-vi-tung-duong-nam-duong-chinh-lien-he-voi-nhau-b9c0ef,,"Nhật Nguyệt, bộ đánh giá ô tìm kiếm sinh ngày 2026-09-20",
cauhoi-1178,艮山在玄空飞星的八运和九运中有什么含义？,zh,tri-thuc,Phong thủy,son-huong-can-trong-24-son-huong-phong-thuy-e75049,,"Nhật Nguyệt, bộ đánh giá ô tìm kiếm sinh ngày 2026-09-20",
cauhoi-1179,芒族祭祀什么，有哪些主要节日？,zh,tri-thuc,Cộng đồng các dân tộc,dan-toc-mang-noi-cu-tru-tieng-noi-tap-tuc-tho-cung-le-hoi-84c4f1,,"Nhật Nguyệt, bộ đánh giá ô tìm kiếm sinh ngày 2026-09-20",
cauhoi-1180,荒屋哪几宫被视为凶？,zh,tri-thuc,Kiêng kỵ dân gian,cach-tinh-hoang-oc-lam-nha-6-cung-va-bang-tra-day-du,,"Nhật Nguyệt, bộ đánh giá ô tìm kiếm sinh ngày 2026-09-20",
cauhoi-1181,越南农历是纯粹的阴历吗？,zh,tri-thuc,Lịch âm,vi-sao-lich-am-viet-nam-doi-khi-lech-lich-trung-quoc-ceeb85,,"Nhật Nguyệt, bộ đánh giá ô tìm kiếm sinh ngày 2026-09-20",
cauhoi-1182,越南民间解梦基于什么？,zh,tri-thuc,Bói toán dân gian,giai-mong-dan-gian-viet-tin-nguong-co-truyen-den-goc-nhin-khoa-hoc-b3d385,,"Nhật Nguyệt, bộ đánh giá ô tìm kiếm sinh ngày 2026-09-20",
cauhoi-1183,越南西北的泰族是泰国人吗？,zh,tri-thuc,Tín ngưỡng dân tộc thiểu số,tin-nguong-le-hoi-nguoi-thai-tay-bac,,"Nhật Nguyệt, bộ đánh giá ô tìm kiếm sinh ngày 2026-09-20",
cauhoi-1184,这些风俗如今是否仍完整保留？,zh,tri-thuc,Phong tục dân tộc thiểu số,phong-tuc-cac-dan-toc-thieu-so-viet-nam-co-gi-dac-sac-tong-quan,,"Nhật Nguyệt, bộ đánh giá ô tìm kiếm sinh ngày 2026-09-20",
cauhoi-1185,通过颧骨看相有科学依据吗？,zh,tri-thuc,Xem tướng,xem-tuong-qua-go-may-5a2977,,"Nhật Nguyệt, bộ đánh giá ô tìm kiếm sinh ngày 2026-09-20",
cauhoi-1186,邀请 xông đất 者时需要准备什么？,zh,tri-thuc,Lễ Tết,xong-dat-nam-dinh-mui-2027-chon-tuoi-the-nao-8410d6,,"Nhật Nguyệt, bộ đánh giá ô tìm kiếm sinh ngày 2026-09-20",
cauhoi-1187,金牛座与天秤座同由金星守护，区别是什么？,zh,tri-thuc,Chiêm tinh học,kim-nguu-va-sao-kim-moi-lien-ket-hanh-tinh-chu-quan-trong-chiem-tinh-hoc-b3770f,,"Nhật Nguyệt, bộ đánh giá ô tìm kiếm sinh ngày 2026-09-20",
cauhoi-1188,阮忠直忌辰在什么时间、什么地点举行？,zh,tri-thuc,Nhân vật lịch sử,le-gio-nguyen-trung-truc-o-kien-giang-b7cf95,,"Nhật Nguyệt, bộ đánh giá ô tìm kiếm sinh ngày 2026-09-20",
cauhoi-1189,除了供奉关公，庙中还供奉哪些其他神明？,zh,tri-thuc,Tín ngưỡng dân gian,mieu-tho-quan-cong-dau-an-tin-nguong-cua-cong-dong-nguoi-hoa-tai-viet-nam-5fb054,,"Nhật Nguyệt, bộ đánh giá ô tìm kiếm sinh ngày 2026-09-20",
cauhoi-1190,除了黑牙染齿，卢族还有哪些突出文化？,zh,tri-thuc,Phong tục dân tộc thiểu số,tuc-nhuom-rang-den-nguoi-lu-2a5b97,,"Nhật Nguyệt, bộ đánh giá ô tìm kiếm sinh ngày 2026-09-20",
cauhoi-1191,面对一个预测时的批判性思维，与单纯的怀疑有什么不同？,zh,tri-thuc,Triết học khoa học,tu-duy-phan-bien-truoc-mot-loi-doan-nam-cau-hoi-va-loi-lap-luan-c27973,,"Nhật Nguyệt, bộ đánh giá ô tìm kiếm sinh ngày 2026-09-20",
cauhoi-1192,面相学是如何传入越南的？,zh,tri-thuc,Xem tướng khuôn mặt,lich-su-nguon-goc-nhan-tuong-hoc,,"Nhật Nguyệt, bộ đánh giá ô tìm kiếm sinh ngày 2026-09-20",
cauhoi-1193,风水中的龙脉是什么？,zh,tri-thuc,Phong thủy,long-mach-trong-ngu-quyet-phong-thuy-loan-dau-29f972,,"Nhật Nguyệt, bộ đánh giá ô tìm kiếm sinh ngày 2026-09-20",
cauhoi-1194,龙舟赛除了体育竞技之外还有什么意义？,zh,tri-thuc,Tín ngưỡng dân tộc thiểu số,tin-nguong-le-hoi-nguoi-khmer-nam-bo,,"Nhật Nguyệt, bộ đánh giá ô tìm kiếm sinh ngày 2026-09-20",
