id,le_hoi,le_hoi_en,nam,ngay_duong,thu,loai_ngay,ngay_am,ngay_nghi,nguon,ghi_chu
cho-vieng-2026,Chợ Viềng,Viềng Market,2026,2026-02-24,thứ Ba,lunar,8/1,khong,bien-tap va tinh-toan,
cho-vieng-2027,Chợ Viềng,Viềng Market,2027,2027-02-13,thứ Bảy,lunar,8/1,khong,bien-tap va tinh-toan,
cho-vieng-2028,Chợ Viềng,Viềng Market,2028,2028-02-02,thứ Tư,lunar,8/1,khong,bien-tap va tinh-toan,
cho-vieng-2029,Chợ Viềng,Viềng Market,2029,2029-02-20,thứ Ba,lunar,8/1,khong,bien-tap va tinh-toan,
cho-vieng-2030,Chợ Viềng,Viềng Market,2030,2030-02-09,thứ Bảy,lunar,8/1,khong,bien-tap va tinh-toan,
dai-le-hoi-yen-dieu-tri-cung-2026,Đại lễ Hội Yến Diêu Trì Cung,Dieu Tri Palace Banquet (Cao Dai Mid-Autumn Grand Ceremony),2026,2026-09-25,thứ Sáu,lunar,15/8,khong,bien-tap va tinh-toan,
dai-le-hoi-yen-dieu-tri-cung-2027,Đại lễ Hội Yến Diêu Trì Cung,Dieu Tri Palace Banquet (Cao Dai Mid-Autumn Grand Ceremony),2027,2027-09-15,thứ Tư,lunar,15/8,khong,bien-tap va tinh-toan,
dai-le-hoi-yen-dieu-tri-cung-2028,Đại lễ Hội Yến Diêu Trì Cung,Dieu Tri Palace Banquet (Cao Dai Mid-Autumn Grand Ceremony),2028,2028-10-03,thứ Ba,lunar,15/8,khong,bien-tap va tinh-toan,
dai-le-hoi-yen-dieu-tri-cung-2029,Đại lễ Hội Yến Diêu Trì Cung,Dieu Tri Palace Banquet (Cao Dai Mid-Autumn Grand Ceremony),2029,2029-09-22,thứ Bảy,lunar,15/8,khong,bien-tap va tinh-toan,
dai-le-hoi-yen-dieu-tri-cung-2030,Đại lễ Hội Yến Diêu Trì Cung,Dieu Tri Palace Banquet (Cao Dai Mid-Autumn Grand Ceremony),2030,2030-09-12,thứ Năm,lunar,15/8,khong,bien-tap va tinh-toan,
gio-to-hung-vuong-2026,Giỗ Tổ Hùng Vương,Hùng Kings' Commemoration Day,2026,2026-04-26,Chủ Nhật,lunar,10/3,co,bien-tap va tinh-toan,
gio-to-hung-vuong-2027,Giỗ Tổ Hùng Vương,Hùng Kings' Commemoration Day,2027,2027-04-16,thứ Sáu,lunar,10/3,co,bien-tap va tinh-toan,
gio-to-hung-vuong-2028,Giỗ Tổ Hùng Vương,Hùng Kings' Commemoration Day,2028,2028-04-04,thứ Ba,lunar,10/3,co,bien-tap va tinh-toan,
gio-to-hung-vuong-2029,Giỗ Tổ Hùng Vương,Hùng Kings' Commemoration Day,2029,2029-04-23,thứ Hai,lunar,10/3,co,bien-tap va tinh-toan,
gio-to-hung-vuong-2030,Giỗ Tổ Hùng Vương,Hùng Kings' Commemoration Day,2030,2030-04-12,thứ Sáu,lunar,10/3,co,bien-tap va tinh-toan,
hoi-den-va-2026,Hội Thu đền Và,Và Temple Autumn Festival,2026,2026-10-24,thứ Bảy,lunar,15/9,khong,bien-tap va tinh-toan,
hoi-den-va-2027,Hội Thu đền Và,Và Temple Autumn Festival,2027,2027-10-14,thứ Năm,lunar,15/9,khong,bien-tap va tinh-toan,
hoi-den-va-2028,Hội Thu đền Và,Và Temple Autumn Festival,2028,2028-11-01,thứ Tư,lunar,15/9,khong,bien-tap va tinh-toan,
hoi-den-va-2029,Hội Thu đền Và,Và Temple Autumn Festival,2029,2029-10-22,thứ Hai,lunar,15/9,khong,bien-tap va tinh-toan,
hoi-den-va-2030,Hội Thu đền Và,Và Temple Autumn Festival,2030,2030-10-11,thứ Sáu,lunar,15/9,khong,bien-tap va tinh-toan,
hoi-giong-den-phu-dong-2026,Hội Gióng đền Phù Đổng,Gióng Festival at Phù Đổng Temple,2026,2026-05-25,thứ Hai,lunar,9/4,khong,bien-tap va tinh-toan,
hoi-giong-den-phu-dong-2027,Hội Gióng đền Phù Đổng,Gióng Festival at Phù Đổng Temple,2027,2027-05-14,thứ Sáu,lunar,9/4,khong,bien-tap va tinh-toan,
hoi-giong-den-phu-dong-2028,Hội Gióng đền Phù Đổng,Gióng Festival at Phù Đổng Temple,2028,2028-05-03,thứ Tư,lunar,9/4,khong,bien-tap va tinh-toan,
hoi-giong-den-phu-dong-2029,Hội Gióng đền Phù Đổng,Gióng Festival at Phù Đổng Temple,2029,2029-05-21,thứ Hai,lunar,9/4,khong,bien-tap va tinh-toan,
hoi-giong-den-phu-dong-2030,Hội Gióng đền Phù Đổng,Gióng Festival at Phù Đổng Temple,2030,2030-05-10,thứ Sáu,lunar,9/4,khong,bien-tap va tinh-toan,
hoi-giong-den-soc-2026,Hội Gióng đền Sóc,"Gióng Festival, Sóc Temple",2026,2026-02-22,Chủ Nhật,lunar,6/1,khong,bien-tap va tinh-toan,
hoi-giong-den-soc-2027,Hội Gióng đền Sóc,"Gióng Festival, Sóc Temple",2027,2027-02-11,thứ Năm,lunar,6/1,khong,bien-tap va tinh-toan,
hoi-giong-den-soc-2028,Hội Gióng đền Sóc,"Gióng Festival, Sóc Temple",2028,2028-01-31,thứ Hai,lunar,6/1,khong,bien-tap va tinh-toan,
hoi-giong-den-soc-2029,Hội Gióng đền Sóc,"Gióng Festival, Sóc Temple",2029,2029-02-18,Chủ Nhật,lunar,6/1,khong,bien-tap va tinh-toan,
hoi-giong-den-soc-2030,Hội Gióng đền Sóc,"Gióng Festival, Sóc Temple",2030,2030-02-07,thứ Năm,lunar,6/1,khong,bien-tap va tinh-toan,
hoi-hang-pinh-2026,Hội Háng Pỉnh,Hang Pinh Mid-Autumn Cake Market (Lang Son),2026,2026-09-22,thứ Ba,lunar,12/8,khong,bien-tap va tinh-toan,
hoi-hang-pinh-2027,Hội Háng Pỉnh,Hang Pinh Mid-Autumn Cake Market (Lang Son),2027,2027-09-12,Chủ Nhật,lunar,12/8,khong,bien-tap va tinh-toan,
hoi-hang-pinh-2028,Hội Háng Pỉnh,Hang Pinh Mid-Autumn Cake Market (Lang Son),2028,2028-09-30,thứ Bảy,lunar,12/8,khong,bien-tap va tinh-toan,
hoi-hang-pinh-2029,Hội Háng Pỉnh,Hang Pinh Mid-Autumn Cake Market (Lang Son),2029,2029-09-19,thứ Tư,lunar,12/8,khong,bien-tap va tinh-toan,
hoi-hang-pinh-2030,Hội Háng Pỉnh,Hang Pinh Mid-Autumn Cake Market (Lang Son),2030,2030-09-09,thứ Hai,lunar,12/8,khong,bien-tap va tinh-toan,
hoi-lim-2026,Hội Lim,Hội Lim (Lim Festival),2026,2026-03-01,Chủ Nhật,lunar,13/1,khong,bien-tap va tinh-toan,
hoi-lim-2027,Hội Lim,Hội Lim (Lim Festival),2027,2027-02-18,thứ Năm,lunar,13/1,khong,bien-tap va tinh-toan,
hoi-lim-2028,Hội Lim,Hội Lim (Lim Festival),2028,2028-02-07,thứ Hai,lunar,13/1,khong,bien-tap va tinh-toan,
hoi-lim-2029,Hội Lim,Hội Lim (Lim Festival),2029,2029-02-25,Chủ Nhật,lunar,13/1,khong,bien-tap va tinh-toan,
hoi-lim-2030,Hội Lim,Hội Lim (Lim Festival),2030,2030-02-14,thứ Năm,lunar,13/1,khong,bien-tap va tinh-toan,
hoi-vat-lang-sinh-2026,Hội vật làng Sình,Làng Sình Wrestling Festival,2026,2026-02-26,thứ Năm,lunar,10/1,khong,bien-tap va tinh-toan,
hoi-vat-lang-sinh-2027,Hội vật làng Sình,Làng Sình Wrestling Festival,2027,2027-02-15,thứ Hai,lunar,10/1,khong,bien-tap va tinh-toan,
hoi-vat-lang-sinh-2028,Hội vật làng Sình,Làng Sình Wrestling Festival,2028,2028-02-04,thứ Sáu,lunar,10/1,khong,bien-tap va tinh-toan,
hoi-vat-lang-sinh-2029,Hội vật làng Sình,Làng Sình Wrestling Festival,2029,2029-02-22,thứ Năm,lunar,10/1,khong,bien-tap va tinh-toan,
hoi-vat-lang-sinh-2030,Hội vật làng Sình,Làng Sình Wrestling Festival,2030,2030-02-11,thứ Hai,lunar,10/1,khong,bien-tap va tinh-toan,
hoi-xuan-chua-keo-2026,Hội Xuân chùa Keo,Chùa Keo Spring Festival,2026,2026-02-20,thứ Sáu,lunar,4/1,khong,bien-tap va tinh-toan,
hoi-xuan-chua-keo-2027,Hội Xuân chùa Keo,Chùa Keo Spring Festival,2027,2027-02-09,thứ Ba,lunar,4/1,khong,bien-tap va tinh-toan,
hoi-xuan-chua-keo-2028,Hội Xuân chùa Keo,Chùa Keo Spring Festival,2028,2028-01-29,thứ Bảy,lunar,4/1,khong,bien-tap va tinh-toan,
hoi-xuan-chua-keo-2029,Hội Xuân chùa Keo,Chùa Keo Spring Festival,2029,2029-02-16,thứ Sáu,lunar,4/1,khong,bien-tap va tinh-toan,
hoi-xuan-chua-keo-2030,Hội Xuân chùa Keo,Chùa Keo Spring Festival,2030,2030-02-05,thứ Ba,lunar,4/1,khong,bien-tap va tinh-toan,
khai-hoi-chua-bai-dinh-2026,Khai hội chùa Bái Đính,Bái Đính Pagoda Festival Opening,2026,2026-02-22,Chủ Nhật,lunar,6/1,khong,bien-tap va tinh-toan,
khai-hoi-chua-bai-dinh-2027,Khai hội chùa Bái Đính,Bái Đính Pagoda Festival Opening,2027,2027-02-11,thứ Năm,lunar,6/1,khong,bien-tap va tinh-toan,
khai-hoi-chua-bai-dinh-2028,Khai hội chùa Bái Đính,Bái Đính Pagoda Festival Opening,2028,2028-01-31,thứ Hai,lunar,6/1,khong,bien-tap va tinh-toan,
khai-hoi-chua-bai-dinh-2029,Khai hội chùa Bái Đính,Bái Đính Pagoda Festival Opening,2029,2029-02-18,Chủ Nhật,lunar,6/1,khong,bien-tap va tinh-toan,
khai-hoi-chua-bai-dinh-2030,Khai hội chùa Bái Đính,Bái Đính Pagoda Festival Opening,2030,2030-02-07,thứ Năm,lunar,6/1,khong,bien-tap va tinh-toan,
le-cac-thanh-tu-dao-viet-nam-2026,Lễ Các Thánh Tử đạo Việt Nam,Feast of the Vietnamese Martyrs,2026,2026-11-24,thứ Ba,solar,,khong,bien-tap va tinh-toan,
le-cac-thanh-tu-dao-viet-nam-2027,Lễ Các Thánh Tử đạo Việt Nam,Feast of the Vietnamese Martyrs,2027,2027-11-24,thứ Tư,solar,,khong,bien-tap va tinh-toan,
le-cac-thanh-tu-dao-viet-nam-2028,Lễ Các Thánh Tử đạo Việt Nam,Feast of the Vietnamese Martyrs,2028,2028-11-24,thứ Sáu,solar,,khong,bien-tap va tinh-toan,
le-cac-thanh-tu-dao-viet-nam-2029,Lễ Các Thánh Tử đạo Việt Nam,Feast of the Vietnamese Martyrs,2029,2029-11-24,thứ Bảy,solar,,khong,bien-tap va tinh-toan,
le-cac-thanh-tu-dao-viet-nam-2030,Lễ Các Thánh Tử đạo Việt Nam,Feast of the Vietnamese Martyrs,2030,2030-11-24,Chủ Nhật,solar,,khong,bien-tap va tinh-toan,
le-giang-sinh-2026,Lễ Giáng sinh,Christmas,2026,2026-12-25,thứ Sáu,solar,,khong,bien-tap va tinh-toan,
le-giang-sinh-2027,Lễ Giáng sinh,Christmas,2027,2027-12-25,thứ Bảy,solar,,khong,bien-tap va tinh-toan,
le-giang-sinh-2028,Lễ Giáng sinh,Christmas,2028,2028-12-25,thứ Hai,solar,,khong,bien-tap va tinh-toan,
le-giang-sinh-2029,Lễ Giáng sinh,Christmas,2029,2029-12-25,thứ Ba,solar,,khong,bien-tap va tinh-toan,
le-giang-sinh-2030,Lễ Giáng sinh,Christmas,2030,2030-12-25,thứ Tư,solar,,khong,bien-tap va tinh-toan,
le-gio-ba-phi-yen-2026,Lễ giỗ bà Phi Yến,Commemoration of Lady Phi Yến,2026,2026-11-26,thứ Năm,lunar,18/10,khong,bien-tap va tinh-toan,
le-gio-ba-phi-yen-2027,Lễ giỗ bà Phi Yến,Commemoration of Lady Phi Yến,2027,2027-11-15,thứ Hai,lunar,18/10,khong,bien-tap va tinh-toan,
le-gio-ba-phi-yen-2028,Lễ giỗ bà Phi Yến,Commemoration of Lady Phi Yến,2028,2028-12-03,Chủ Nhật,lunar,18/10,khong,bien-tap va tinh-toan,
le-gio-ba-phi-yen-2029,Lễ giỗ bà Phi Yến,Commemoration of Lady Phi Yến,2029,2029-11-23,thứ Sáu,lunar,18/10,khong,bien-tap va tinh-toan,
le-gio-ba-phi-yen-2030,Lễ giỗ bà Phi Yến,Commemoration of Lady Phi Yến,2030,2030-11-13,thứ Tư,lunar,18/10,khong,bien-tap va tinh-toan,
le-gio-dai-thi-hao-nguyen-du-2026,Lễ giỗ Đại thi hào Nguyễn Du,Death Anniversary of Great Poet Nguyen Du,2026,2026-09-20,Chủ Nhật,lunar,10/8,khong,bien-tap va tinh-toan,
le-gio-dai-thi-hao-nguyen-du-2027,Lễ giỗ Đại thi hào Nguyễn Du,Death Anniversary of Great Poet Nguyen Du,2027,2027-09-10,thứ Sáu,lunar,10/8,khong,bien-tap va tinh-toan,
le-gio-dai-thi-hao-nguyen-du-2028,Lễ giỗ Đại thi hào Nguyễn Du,Death Anniversary of Great Poet Nguyen Du,2028,2028-09-28,thứ Năm,lunar,10/8,khong,bien-tap va tinh-toan,
le-gio-dai-thi-hao-nguyen-du-2029,Lễ giỗ Đại thi hào Nguyễn Du,Death Anniversary of Great Poet Nguyen Du,2029,2029-09-17,thứ Hai,lunar,10/8,khong,bien-tap va tinh-toan,
le-gio-dai-thi-hao-nguyen-du-2030,Lễ giỗ Đại thi hào Nguyễn Du,Death Anniversary of Great Poet Nguyen Du,2030,2030-09-07,thứ Bảy,lunar,10/8,khong,bien-tap va tinh-toan,
le-gio-hoang-de-quang-trung-2026,Lễ giỗ Hoàng đế Quang Trung,Death Anniversary of Emperor Quang Trung,2026,2026-09-10,thứ Năm,lunar,29/7,khong,bien-tap va tinh-toan,
le-gio-hoang-de-quang-trung-2027,Lễ giỗ Hoàng đế Quang Trung,Death Anniversary of Emperor Quang Trung,2027,2027-08-30,thứ Hai,lunar,29/7,khong,bien-tap va tinh-toan,
le-gio-hoang-de-quang-trung-2028,Lễ giỗ Hoàng đế Quang Trung,Death Anniversary of Emperor Quang Trung,2028,2028-09-17,Chủ Nhật,lunar,29/7,khong,bien-tap va tinh-toan,
le-gio-hoang-de-quang-trung-2029,Lễ giỗ Hoàng đế Quang Trung,Death Anniversary of Emperor Quang Trung,2029,2029-09-07,thứ Sáu,lunar,29/7,khong,bien-tap va tinh-toan,
le-gio-hoang-de-quang-trung-2030,Lễ giỗ Hoàng đế Quang Trung,Death Anniversary of Emperor Quang Trung,2030,2030-08-27,thứ Ba,lunar,29/7,khong,bien-tap va tinh-toan,
le-gio-ta-quan-le-van-duyet-2026,Lễ giỗ Tả quân Lê Văn Duyệt,Death Anniversary of Tả quân Lê Văn Duyệt,2026,2026-09-11,thứ Sáu,lunar,1/8,khong,bien-tap va tinh-toan,
le-gio-ta-quan-le-van-duyet-2027,Lễ giỗ Tả quân Lê Văn Duyệt,Death Anniversary of Tả quân Lê Văn Duyệt,2027,2027-09-01,thứ Tư,lunar,1/8,khong,bien-tap va tinh-toan,
le-gio-ta-quan-le-van-duyet-2028,Lễ giỗ Tả quân Lê Văn Duyệt,Death Anniversary of Tả quân Lê Văn Duyệt,2028,2028-09-19,thứ Ba,lunar,1/8,khong,bien-tap va tinh-toan,
le-gio-ta-quan-le-van-duyet-2029,Lễ giỗ Tả quân Lê Văn Duyệt,Death Anniversary of Tả quân Lê Văn Duyệt,2029,2029-09-08,thứ Bảy,lunar,1/8,khong,bien-tap va tinh-toan,
le-gio-ta-quan-le-van-duyet-2030,Lễ giỗ Tả quân Lê Văn Duyệt,Death Anniversary of Tả quân Lê Văn Duyệt,2030,2030-08-29,thứ Năm,lunar,1/8,khong,bien-tap va tinh-toan,
le-gio-uy-vien-tuong-cong-nguyen-cong-tru-2026,Lễ giỗ Uy Viễn tướng công Nguyễn Công Trứ,Death Anniversary of Nguyen Cong Tru,2026,2026-12-22,thứ Ba,lunar,14/11,khong,bien-tap va tinh-toan,
le-gio-uy-vien-tuong-cong-nguyen-cong-tru-2027,Lễ giỗ Uy Viễn tướng công Nguyễn Công Trứ,Death Anniversary of Nguyen Cong Tru,2027,2027-12-11,thứ Bảy,lunar,14/11,khong,bien-tap va tinh-toan,
le-gio-uy-vien-tuong-cong-nguyen-cong-tru-2028,Lễ giỗ Uy Viễn tướng công Nguyễn Công Trứ,Death Anniversary of Nguyen Cong Tru,2028,2028-12-29,thứ Sáu,lunar,14/11,khong,bien-tap va tinh-toan,
le-gio-uy-vien-tuong-cong-nguyen-cong-tru-2029,Lễ giỗ Uy Viễn tướng công Nguyễn Công Trứ,Death Anniversary of Nguyen Cong Tru,2029,2029-12-18,thứ Ba,lunar,14/11,khong,bien-tap va tinh-toan,
le-gio-uy-vien-tuong-cong-nguyen-cong-tru-2030,Lễ giỗ Uy Viễn tướng công Nguyễn Công Trứ,Death Anniversary of Nguyen Cong Tru,2030,2030-12-08,Chủ Nhật,lunar,14/11,khong,bien-tap va tinh-toan,
le-ha-nguon-va-ky-niem-ngay-khai-dao-cao-dai-2026,Lễ Hạ Ngươn và kỷ niệm ngày Khai Đạo Cao Đài,Cao Đài Hạ Ngươn Festival and Founding Day,2026,2026-11-23,thứ Hai,lunar,15/10,khong,bien-tap va tinh-toan,
le-ha-nguon-va-ky-niem-ngay-khai-dao-cao-dai-2027,Lễ Hạ Ngươn và kỷ niệm ngày Khai Đạo Cao Đài,Cao Đài Hạ Ngươn Festival and Founding Day,2027,2027-11-12,thứ Sáu,lunar,15/10,khong,bien-tap va tinh-toan,
le-ha-nguon-va-ky-niem-ngay-khai-dao-cao-dai-2028,Lễ Hạ Ngươn và kỷ niệm ngày Khai Đạo Cao Đài,Cao Đài Hạ Ngươn Festival and Founding Day,2028,2028-11-30,thứ Năm,lunar,15/10,khong,bien-tap va tinh-toan,
le-ha-nguon-va-ky-niem-ngay-khai-dao-cao-dai-2029,Lễ Hạ Ngươn và kỷ niệm ngày Khai Đạo Cao Đài,Cao Đài Hạ Ngươn Festival and Founding Day,2029,2029-11-20,thứ Ba,lunar,15/10,khong,bien-tap va tinh-toan,
le-ha-nguon-va-ky-niem-ngay-khai-dao-cao-dai-2030,Lễ Hạ Ngươn và kỷ niệm ngày Khai Đạo Cao Đài,Cao Đài Hạ Ngươn Festival and Founding Day,2030,2030-11-10,Chủ Nhật,lunar,15/10,khong,bien-tap va tinh-toan,
le-hoi-ba-chua-kho-2026,Lễ hội Đền Bà Chúa Kho,Bà Chúa Kho Temple Festival,2026,2026-03-02,thứ Hai,lunar,14/1,khong,bien-tap va tinh-toan,
le-hoi-ba-chua-kho-2027,Lễ hội Đền Bà Chúa Kho,Bà Chúa Kho Temple Festival,2027,2027-02-19,thứ Sáu,lunar,14/1,khong,bien-tap va tinh-toan,
le-hoi-ba-chua-kho-2028,Lễ hội Đền Bà Chúa Kho,Bà Chúa Kho Temple Festival,2028,2028-02-08,thứ Ba,lunar,14/1,khong,bien-tap va tinh-toan,
le-hoi-ba-chua-kho-2029,Lễ hội Đền Bà Chúa Kho,Bà Chúa Kho Temple Festival,2029,2029-02-26,thứ Hai,lunar,14/1,khong,bien-tap va tinh-toan,
le-hoi-ba-chua-kho-2030,Lễ hội Đền Bà Chúa Kho,Bà Chúa Kho Temple Festival,2030,2030-02-15,thứ Sáu,lunar,14/1,khong,bien-tap va tinh-toan,
le-hoi-ba-thu-bon-2026,Lễ hội Bà Thu Bồn,Bà Thu Bồn Festival,2026,2026-03-30,thứ Hai,lunar,12/2,khong,bien-tap va tinh-toan,
le-hoi-ba-thu-bon-2027,Lễ hội Bà Thu Bồn,Bà Thu Bồn Festival,2027,2027-03-19,thứ Sáu,lunar,12/2,khong,bien-tap va tinh-toan,
le-hoi-ba-thu-bon-2028,Lễ hội Bà Thu Bồn,Bà Thu Bồn Festival,2028,2028-03-07,thứ Ba,lunar,12/2,khong,bien-tap va tinh-toan,
le-hoi-ba-thu-bon-2029,Lễ hội Bà Thu Bồn,Bà Thu Bồn Festival,2029,2029-03-26,thứ Hai,lunar,12/2,khong,bien-tap va tinh-toan,
le-hoi-ba-thu-bon-2030,Lễ hội Bà Thu Bồn,Bà Thu Bồn Festival,2030,2030-03-15,thứ Sáu,lunar,12/2,khong,bien-tap va tinh-toan,
le-hoi-bach-dang-2026,Lễ hội Bạch Đằng,Bạch Đằng Festival,2026,2026-04-24,thứ Sáu,lunar,8/3,khong,bien-tap va tinh-toan,
le-hoi-bach-dang-2027,Lễ hội Bạch Đằng,Bạch Đằng Festival,2027,2027-04-14,thứ Tư,lunar,8/3,khong,bien-tap va tinh-toan,
le-hoi-bach-dang-2028,Lễ hội Bạch Đằng,Bạch Đằng Festival,2028,2028-04-02,Chủ Nhật,lunar,8/3,khong,bien-tap va tinh-toan,
le-hoi-bach-dang-2029,Lễ hội Bạch Đằng,Bạch Đằng Festival,2029,2029-04-21,thứ Bảy,lunar,8/3,khong,bien-tap va tinh-toan,
le-hoi-bach-dang-2030,Lễ hội Bạch Đằng,Bạch Đằng Festival,2030,2030-04-10,thứ Tư,lunar,8/3,khong,bien-tap va tinh-toan,
le-hoi-cau-ngu-man-mua-o-van-thuy-tu-2026,Lễ hội Cầu ngư mãn mùa ở Vạn Thủy Tú,End-of-Season Whale Worship Festival at Van Thuy Tu,2026,2026-10-03,thứ Bảy,lunar,23/8,khong,bien-tap va tinh-toan,
le-hoi-cau-ngu-man-mua-o-van-thuy-tu-2027,Lễ hội Cầu ngư mãn mùa ở Vạn Thủy Tú,End-of-Season Whale Worship Festival at Van Thuy Tu,2027,2027-09-23,thứ Năm,lunar,23/8,khong,bien-tap va tinh-toan,
le-hoi-cau-ngu-man-mua-o-van-thuy-tu-2028,Lễ hội Cầu ngư mãn mùa ở Vạn Thủy Tú,End-of-Season Whale Worship Festival at Van Thuy Tu,2028,2028-10-11,thứ Tư,lunar,23/8,khong,bien-tap va tinh-toan,
le-hoi-cau-ngu-man-mua-o-van-thuy-tu-2029,Lễ hội Cầu ngư mãn mùa ở Vạn Thủy Tú,End-of-Season Whale Worship Festival at Van Thuy Tu,2029,2029-09-30,Chủ Nhật,lunar,23/8,khong,bien-tap va tinh-toan,
le-hoi-cau-ngu-man-mua-o-van-thuy-tu-2030,Lễ hội Cầu ngư mãn mùa ở Vạn Thủy Tú,End-of-Season Whale Worship Festival at Van Thuy Tu,2030,2030-09-20,thứ Sáu,lunar,23/8,khong,bien-tap va tinh-toan,
le-hoi-choi-trau-do-son-2026,Lễ hội Chọi trâu Đồ Sơn,Đồ Sơn Buffalo Fighting Festival,2026,2026-09-19,thứ Bảy,lunar,9/8,khong,bien-tap va tinh-toan,
le-hoi-choi-trau-do-son-2027,Lễ hội Chọi trâu Đồ Sơn,Đồ Sơn Buffalo Fighting Festival,2027,2027-09-09,thứ Năm,lunar,9/8,khong,bien-tap va tinh-toan,
le-hoi-choi-trau-do-son-2028,Lễ hội Chọi trâu Đồ Sơn,Đồ Sơn Buffalo Fighting Festival,2028,2028-09-27,thứ Tư,lunar,9/8,khong,bien-tap va tinh-toan,
le-hoi-choi-trau-do-son-2029,Lễ hội Chọi trâu Đồ Sơn,Đồ Sơn Buffalo Fighting Festival,2029,2029-09-16,Chủ Nhật,lunar,9/8,khong,bien-tap va tinh-toan,
le-hoi-choi-trau-do-son-2030,Lễ hội Chọi trâu Đồ Sơn,Đồ Sơn Buffalo Fighting Festival,2030,2030-09-06,thứ Sáu,lunar,9/8,khong,bien-tap va tinh-toan,
le-hoi-chu-dong-tu-tien-dung-2026,"Lễ hội Chử Đồng Tử, Tiên Dung",Chử Đồng Tử and Tiên Dung Festival,2026,2026-03-28,thứ Bảy,lunar,10/2,khong,bien-tap va tinh-toan,
le-hoi-chu-dong-tu-tien-dung-2027,"Lễ hội Chử Đồng Tử, Tiên Dung",Chử Đồng Tử and Tiên Dung Festival,2027,2027-03-17,thứ Tư,lunar,10/2,khong,bien-tap va tinh-toan,
le-hoi-chu-dong-tu-tien-dung-2028,"Lễ hội Chử Đồng Tử, Tiên Dung",Chử Đồng Tử and Tiên Dung Festival,2028,2028-03-05,Chủ Nhật,lunar,10/2,khong,bien-tap va tinh-toan,
le-hoi-chu-dong-tu-tien-dung-2029,"Lễ hội Chử Đồng Tử, Tiên Dung",Chử Đồng Tử and Tiên Dung Festival,2029,2029-03-24,thứ Bảy,lunar,10/2,khong,bien-tap va tinh-toan,
le-hoi-chu-dong-tu-tien-dung-2030,"Lễ hội Chử Đồng Tử, Tiên Dung",Chử Đồng Tử and Tiên Dung Festival,2030,2030-03-13,thứ Tư,lunar,10/2,khong,bien-tap va tinh-toan,
le-hoi-chua-ba-thien-hau-thu-dau-mot-2026,Lễ hội chùa Bà Thiên Hậu Thủ Dầu Một,"Thiên Hậu Temple Festival, Thủ Dầu Một",2026,2026-03-03,thứ Ba,lunar,15/1,khong,bien-tap va tinh-toan,
le-hoi-chua-ba-thien-hau-thu-dau-mot-2027,Lễ hội chùa Bà Thiên Hậu Thủ Dầu Một,"Thiên Hậu Temple Festival, Thủ Dầu Một",2027,2027-02-20,thứ Bảy,lunar,15/1,khong,bien-tap va tinh-toan,
le-hoi-chua-ba-thien-hau-thu-dau-mot-2028,Lễ hội chùa Bà Thiên Hậu Thủ Dầu Một,"Thiên Hậu Temple Festival, Thủ Dầu Một",2028,2028-02-09,thứ Tư,lunar,15/1,khong,bien-tap va tinh-toan,
le-hoi-chua-ba-thien-hau-thu-dau-mot-2029,Lễ hội chùa Bà Thiên Hậu Thủ Dầu Một,"Thiên Hậu Temple Festival, Thủ Dầu Một",2029,2029-02-27,thứ Ba,lunar,15/1,khong,bien-tap va tinh-toan,
le-hoi-chua-ba-thien-hau-thu-dau-mot-2030,Lễ hội chùa Bà Thiên Hậu Thủ Dầu Một,"Thiên Hậu Temple Festival, Thủ Dầu Một",2030,2030-02-16,thứ Bảy,lunar,15/1,khong,bien-tap va tinh-toan,
le-hoi-chua-co-le-2026,Lễ hội chùa Cổ Lễ,Cổ Lễ Pagoda Festival,2026,2026-10-23,thứ Sáu,lunar,14/9,khong,bien-tap va tinh-toan,
le-hoi-chua-co-le-2027,Lễ hội chùa Cổ Lễ,Cổ Lễ Pagoda Festival,2027,2027-10-13,thứ Tư,lunar,14/9,khong,bien-tap va tinh-toan,
le-hoi-chua-co-le-2028,Lễ hội chùa Cổ Lễ,Cổ Lễ Pagoda Festival,2028,2028-10-31,thứ Ba,lunar,14/9,khong,bien-tap va tinh-toan,
le-hoi-chua-co-le-2029,Lễ hội chùa Cổ Lễ,Cổ Lễ Pagoda Festival,2029,2029-10-21,Chủ Nhật,lunar,14/9,khong,bien-tap va tinh-toan,
le-hoi-chua-co-le-2030,Lễ hội chùa Cổ Lễ,Cổ Lễ Pagoda Festival,2030,2030-10-10,thứ Năm,lunar,14/9,khong,bien-tap va tinh-toan,
le-hoi-chua-dau-2026,Lễ hội chùa Dâu,Chùa Dâu Festival,2026,2026-05-24,Chủ Nhật,lunar,8/4,khong,bien-tap va tinh-toan,
le-hoi-chua-dau-2027,Lễ hội chùa Dâu,Chùa Dâu Festival,2027,2027-05-13,thứ Năm,lunar,8/4,khong,bien-tap va tinh-toan,
le-hoi-chua-dau-2028,Lễ hội chùa Dâu,Chùa Dâu Festival,2028,2028-05-02,thứ Ba,lunar,8/4,khong,bien-tap va tinh-toan,
le-hoi-chua-dau-2029,Lễ hội chùa Dâu,Chùa Dâu Festival,2029,2029-05-20,Chủ Nhật,lunar,8/4,khong,bien-tap va tinh-toan,
le-hoi-chua-dau-2030,Lễ hội chùa Dâu,Chùa Dâu Festival,2030,2030-05-09,thứ Năm,lunar,8/4,khong,bien-tap va tinh-toan,
le-hoi-chua-huong-2026,Lễ hội Chùa Hương,Perfume Pagoda Festival,2026,2026-02-22,Chủ Nhật,lunar,6/1,khong,bien-tap va tinh-toan,
le-hoi-chua-huong-2027,Lễ hội Chùa Hương,Perfume Pagoda Festival,2027,2027-02-11,thứ Năm,lunar,6/1,khong,bien-tap va tinh-toan,
le-hoi-chua-huong-2028,Lễ hội Chùa Hương,Perfume Pagoda Festival,2028,2028-01-31,thứ Hai,lunar,6/1,khong,bien-tap va tinh-toan,
le-hoi-chua-huong-2029,Lễ hội Chùa Hương,Perfume Pagoda Festival,2029,2029-02-18,Chủ Nhật,lunar,6/1,khong,bien-tap va tinh-toan,
le-hoi-chua-huong-2030,Lễ hội Chùa Hương,Perfume Pagoda Festival,2030,2030-02-07,thứ Năm,lunar,6/1,khong,bien-tap va tinh-toan,
le-hoi-chua-keo-hanh-thien-2026,Lễ hội chùa Keo Hành Thiện,Keo Hanh Thien Pagoda Festival,2026,2026-10-19,thứ Hai,lunar,10/9,khong,bien-tap va tinh-toan,
le-hoi-chua-keo-hanh-thien-2027,Lễ hội chùa Keo Hành Thiện,Keo Hanh Thien Pagoda Festival,2027,2027-10-09,thứ Bảy,lunar,10/9,khong,bien-tap va tinh-toan,
le-hoi-chua-keo-hanh-thien-2028,Lễ hội chùa Keo Hành Thiện,Keo Hanh Thien Pagoda Festival,2028,2028-10-27,thứ Sáu,lunar,10/9,khong,bien-tap va tinh-toan,
le-hoi-chua-keo-hanh-thien-2029,Lễ hội chùa Keo Hành Thiện,Keo Hanh Thien Pagoda Festival,2029,2029-10-17,thứ Tư,lunar,10/9,khong,bien-tap va tinh-toan,
le-hoi-chua-keo-hanh-thien-2030,Lễ hội chùa Keo Hành Thiện,Keo Hanh Thien Pagoda Festival,2030,2030-10-06,Chủ Nhật,lunar,10/9,khong,bien-tap va tinh-toan,
le-hoi-chua-keo-mua-thu-2026,Lễ hội chùa Keo mùa Thu,Keo Pagoda Autumn Festival,2026,2026-10-24,thứ Bảy,lunar,15/9,khong,bien-tap va tinh-toan,
le-hoi-chua-keo-mua-thu-2027,Lễ hội chùa Keo mùa Thu,Keo Pagoda Autumn Festival,2027,2027-10-14,thứ Năm,lunar,15/9,khong,bien-tap va tinh-toan,
le-hoi-chua-keo-mua-thu-2028,Lễ hội chùa Keo mùa Thu,Keo Pagoda Autumn Festival,2028,2028-11-01,thứ Tư,lunar,15/9,khong,bien-tap va tinh-toan,
le-hoi-chua-keo-mua-thu-2029,Lễ hội chùa Keo mùa Thu,Keo Pagoda Autumn Festival,2029,2029-10-22,thứ Hai,lunar,15/9,khong,bien-tap va tinh-toan,
le-hoi-chua-keo-mua-thu-2030,Lễ hội chùa Keo mùa Thu,Keo Pagoda Autumn Festival,2030,2030-10-11,thứ Sáu,lunar,15/9,khong,bien-tap va tinh-toan,
le-hoi-chua-ong-cu-lao-pho-2026,Lễ hội chùa Ông cù lao Phố,"Chùa Ông Festival, Cù lao Phố",2026,2026-02-26,thứ Năm,lunar,10/1,khong,bien-tap va tinh-toan,
le-hoi-chua-ong-cu-lao-pho-2027,Lễ hội chùa Ông cù lao Phố,"Chùa Ông Festival, Cù lao Phố",2027,2027-02-15,thứ Hai,lunar,10/1,khong,bien-tap va tinh-toan,
le-hoi-chua-ong-cu-lao-pho-2028,Lễ hội chùa Ông cù lao Phố,"Chùa Ông Festival, Cù lao Phố",2028,2028-02-04,thứ Sáu,lunar,10/1,khong,bien-tap va tinh-toan,
le-hoi-chua-ong-cu-lao-pho-2029,Lễ hội chùa Ông cù lao Phố,"Chùa Ông Festival, Cù lao Phố",2029,2029-02-22,thứ Năm,lunar,10/1,khong,bien-tap va tinh-toan,
le-hoi-chua-ong-cu-lao-pho-2030,Lễ hội chùa Ông cù lao Phố,"Chùa Ông Festival, Cù lao Phố",2030,2030-02-11,thứ Hai,lunar,10/1,khong,bien-tap va tinh-toan,
le-hoi-chua-thay-2026,Lễ hội chùa Thầy,Chùa Thầy Festival,2026,2026-04-23,thứ Năm,lunar,7/3,khong,bien-tap va tinh-toan,
le-hoi-chua-thay-2027,Lễ hội chùa Thầy,Chùa Thầy Festival,2027,2027-04-13,thứ Ba,lunar,7/3,khong,bien-tap va tinh-toan,
le-hoi-chua-thay-2028,Lễ hội chùa Thầy,Chùa Thầy Festival,2028,2028-04-01,thứ Bảy,lunar,7/3,khong,bien-tap va tinh-toan,
le-hoi-chua-thay-2029,Lễ hội chùa Thầy,Chùa Thầy Festival,2029,2029-04-20,thứ Sáu,lunar,7/3,khong,bien-tap va tinh-toan,
le-hoi-chua-thay-2030,Lễ hội chùa Thầy,Chùa Thầy Festival,2030,2030-04-09,thứ Ba,lunar,7/3,khong,bien-tap va tinh-toan,
le-hoi-co-loa-2026,Lễ hội Cổ Loa,Cổ Loa Festival,2026,2026-02-22,Chủ Nhật,lunar,6/1,khong,bien-tap va tinh-toan,
le-hoi-co-loa-2027,Lễ hội Cổ Loa,Cổ Loa Festival,2027,2027-02-11,thứ Năm,lunar,6/1,khong,bien-tap va tinh-toan,
le-hoi-co-loa-2028,Lễ hội Cổ Loa,Cổ Loa Festival,2028,2028-01-31,thứ Hai,lunar,6/1,khong,bien-tap va tinh-toan,
le-hoi-co-loa-2029,Lễ hội Cổ Loa,Cổ Loa Festival,2029,2029-02-18,Chủ Nhật,lunar,6/1,khong,bien-tap va tinh-toan,
le-hoi-co-loa-2030,Lễ hội Cổ Loa,Cổ Loa Festival,2030,2030-02-07,thứ Năm,lunar,6/1,khong,bien-tap va tinh-toan,
le-hoi-con-son-kiep-bac-mua-thu-2026,"Lễ hội Côn Sơn, Kiếp Bạc mùa Thu",Côn Sơn and Kiếp Bạc Autumn Festival,2026,2026-09-30,thứ Tư,lunar,20/8,khong,bien-tap va tinh-toan,
le-hoi-con-son-kiep-bac-mua-thu-2027,"Lễ hội Côn Sơn, Kiếp Bạc mùa Thu",Côn Sơn and Kiếp Bạc Autumn Festival,2027,2027-09-20,thứ Hai,lunar,20/8,khong,bien-tap va tinh-toan,
le-hoi-con-son-kiep-bac-mua-thu-2028,"Lễ hội Côn Sơn, Kiếp Bạc mùa Thu",Côn Sơn and Kiếp Bạc Autumn Festival,2028,2028-10-08,Chủ Nhật,lunar,20/8,khong,bien-tap va tinh-toan,
le-hoi-con-son-kiep-bac-mua-thu-2029,"Lễ hội Côn Sơn, Kiếp Bạc mùa Thu",Côn Sơn and Kiếp Bạc Autumn Festival,2029,2029-09-27,thứ Năm,lunar,20/8,khong,bien-tap va tinh-toan,
le-hoi-con-son-kiep-bac-mua-thu-2030,"Lễ hội Côn Sơn, Kiếp Bạc mùa Thu",Côn Sơn and Kiếp Bạc Autumn Festival,2030,2030-09-17,thứ Ba,lunar,20/8,khong,bien-tap va tinh-toan,
le-hoi-con-son-kiep-bac-mua-xuan-2026,"Lễ hội Côn Sơn, Kiếp Bạc mùa Xuân",Côn Sơn and Kiếp Bạc Spring Festival,2026,2026-03-06,thứ Sáu,lunar,18/1,khong,bien-tap va tinh-toan,
le-hoi-con-son-kiep-bac-mua-xuan-2027,"Lễ hội Côn Sơn, Kiếp Bạc mùa Xuân",Côn Sơn and Kiếp Bạc Spring Festival,2027,2027-02-23,thứ Ba,lunar,18/1,khong,bien-tap va tinh-toan,
le-hoi-con-son-kiep-bac-mua-xuan-2028,"Lễ hội Côn Sơn, Kiếp Bạc mùa Xuân",Côn Sơn and Kiếp Bạc Spring Festival,2028,2028-02-12,thứ Bảy,lunar,18/1,khong,bien-tap va tinh-toan,
le-hoi-con-son-kiep-bac-mua-xuan-2029,"Lễ hội Côn Sơn, Kiếp Bạc mùa Xuân",Côn Sơn and Kiếp Bạc Spring Festival,2029,2029-03-02,thứ Sáu,lunar,18/1,khong,bien-tap va tinh-toan,
le-hoi-con-son-kiep-bac-mua-xuan-2030,"Lễ hội Côn Sơn, Kiếp Bạc mùa Xuân",Côn Sơn and Kiếp Bạc Spring Festival,2030,2030-02-19,thứ Ba,lunar,18/1,khong,bien-tap va tinh-toan,
le-hoi-den-ba-trieu-2026,Lễ hội đền Bà Triệu,Bà Triệu Temple Festival,2026,2026-04-09,thứ Năm,lunar,22/2,khong,bien-tap va tinh-toan,
le-hoi-den-ba-trieu-2027,Lễ hội đền Bà Triệu,Bà Triệu Temple Festival,2027,2027-03-29,thứ Hai,lunar,22/2,khong,bien-tap va tinh-toan,
le-hoi-den-ba-trieu-2028,Lễ hội đền Bà Triệu,Bà Triệu Temple Festival,2028,2028-03-17,thứ Sáu,lunar,22/2,khong,bien-tap va tinh-toan,
le-hoi-den-ba-trieu-2029,Lễ hội đền Bà Triệu,Bà Triệu Temple Festival,2029,2029-04-05,thứ Năm,lunar,22/2,khong,bien-tap va tinh-toan,
le-hoi-den-ba-trieu-2030,Lễ hội đền Bà Triệu,Bà Triệu Temple Festival,2030,2030-03-25,thứ Hai,lunar,22/2,khong,bien-tap va tinh-toan,
le-hoi-den-bao-ha-2026,Lễ hội đền Bảo Hà,Đền Bảo Hà Festival,2026,2026-08-29,thứ Bảy,lunar,17/7,khong,bien-tap va tinh-toan,
le-hoi-den-bao-ha-2027,Lễ hội đền Bảo Hà,Đền Bảo Hà Festival,2027,2027-08-18,thứ Tư,lunar,17/7,khong,bien-tap va tinh-toan,
le-hoi-den-bao-ha-2028,Lễ hội đền Bảo Hà,Đền Bảo Hà Festival,2028,2028-09-05,thứ Ba,lunar,17/7,khong,bien-tap va tinh-toan,
le-hoi-den-bao-ha-2029,Lễ hội đền Bảo Hà,Đền Bảo Hà Festival,2029,2029-08-26,Chủ Nhật,lunar,17/7,khong,bien-tap va tinh-toan,
le-hoi-den-bao-ha-2030,Lễ hội đền Bảo Hà,Đền Bảo Hà Festival,2030,2030-08-15,thứ Năm,lunar,17/7,khong,bien-tap va tinh-toan,
le-hoi-den-cho-cui-2026,Lễ hội đền Chợ Củi,Cho Cui Temple Festival,2026,2026-11-11,thứ Tư,lunar,3/10,khong,bien-tap va tinh-toan,
le-hoi-den-cho-cui-2027,Lễ hội đền Chợ Củi,Cho Cui Temple Festival,2027,2027-10-31,Chủ Nhật,lunar,3/10,khong,bien-tap va tinh-toan,
le-hoi-den-cho-cui-2028,Lễ hội đền Chợ Củi,Cho Cui Temple Festival,2028,2028-11-18,thứ Bảy,lunar,3/10,khong,bien-tap va tinh-toan,
le-hoi-den-cho-cui-2029,Lễ hội đền Chợ Củi,Cho Cui Temple Festival,2029,2029-11-08,thứ Năm,lunar,3/10,khong,bien-tap va tinh-toan,
le-hoi-den-cho-cui-2030,Lễ hội đền Chợ Củi,Cho Cui Temple Festival,2030,2030-10-29,thứ Ba,lunar,3/10,khong,bien-tap va tinh-toan,
le-hoi-den-con-2026,Lễ hội đền Cờn,Đền Cờn Festival,2026,2026-03-08,Chủ Nhật,lunar,20/1,khong,bien-tap va tinh-toan,
le-hoi-den-con-2027,Lễ hội đền Cờn,Đền Cờn Festival,2027,2027-02-25,thứ Năm,lunar,20/1,khong,bien-tap va tinh-toan,
le-hoi-den-con-2028,Lễ hội đền Cờn,Đền Cờn Festival,2028,2028-02-14,thứ Hai,lunar,20/1,khong,bien-tap va tinh-toan,
le-hoi-den-con-2029,Lễ hội đền Cờn,Đền Cờn Festival,2029,2029-03-04,Chủ Nhật,lunar,20/1,khong,bien-tap va tinh-toan,
le-hoi-den-con-2030,Lễ hội đền Cờn,Đền Cờn Festival,2030,2030-02-21,thứ Năm,lunar,20/1,khong,bien-tap va tinh-toan,
le-hoi-den-cong-dong-bac-le-2026,Lễ hội đền Công Đồng Bắc Lệ,Bac Le Temple Festival,2026,2026-10-27,thứ Ba,lunar,18/9,khong,bien-tap va tinh-toan,
le-hoi-den-cong-dong-bac-le-2027,Lễ hội đền Công Đồng Bắc Lệ,Bac Le Temple Festival,2027,2027-10-17,Chủ Nhật,lunar,18/9,khong,bien-tap va tinh-toan,
le-hoi-den-cong-dong-bac-le-2028,Lễ hội đền Công Đồng Bắc Lệ,Bac Le Temple Festival,2028,2028-11-04,thứ Bảy,lunar,18/9,khong,bien-tap va tinh-toan,
le-hoi-den-cong-dong-bac-le-2029,Lễ hội đền Công Đồng Bắc Lệ,Bac Le Temple Festival,2029,2029-10-25,thứ Năm,lunar,18/9,khong,bien-tap va tinh-toan,
le-hoi-den-cong-dong-bac-le-2030,Lễ hội đền Công Đồng Bắc Lệ,Bac Le Temple Festival,2030,2030-10-14,thứ Hai,lunar,18/9,khong,bien-tap va tinh-toan,
le-hoi-den-cua-ong-2026,Lễ hội đền Cửa Ông,Đền Cửa Ông Festival,2026,2026-03-21,thứ Bảy,lunar,3/2,khong,bien-tap va tinh-toan,
le-hoi-den-cua-ong-2027,Lễ hội đền Cửa Ông,Đền Cửa Ông Festival,2027,2027-03-10,thứ Tư,lunar,3/2,khong,bien-tap va tinh-toan,
le-hoi-den-cua-ong-2028,Lễ hội đền Cửa Ông,Đền Cửa Ông Festival,2028,2028-02-27,Chủ Nhật,lunar,3/2,khong,bien-tap va tinh-toan,
le-hoi-den-cua-ong-2029,Lễ hội đền Cửa Ông,Đền Cửa Ông Festival,2029,2029-03-17,thứ Bảy,lunar,3/2,khong,bien-tap va tinh-toan,
le-hoi-den-cua-ong-2030,Lễ hội đền Cửa Ông,Đền Cửa Ông Festival,2030,2030-03-06,thứ Tư,lunar,3/2,khong,bien-tap va tinh-toan,
le-hoi-den-cuong-2026,Lễ hội đền Cuông,Đền Cuông Festival,2026,2026-04-02,thứ Năm,lunar,15/2,khong,bien-tap va tinh-toan,
le-hoi-den-cuong-2027,Lễ hội đền Cuông,Đền Cuông Festival,2027,2027-03-22,thứ Hai,lunar,15/2,khong,bien-tap va tinh-toan,
le-hoi-den-cuong-2028,Lễ hội đền Cuông,Đền Cuông Festival,2028,2028-03-10,thứ Sáu,lunar,15/2,khong,bien-tap va tinh-toan,
le-hoi-den-cuong-2029,Lễ hội đền Cuông,Đền Cuông Festival,2029,2029-03-29,thứ Năm,lunar,15/2,khong,bien-tap va tinh-toan,
le-hoi-den-cuong-2030,Lễ hội đền Cuông,Đền Cuông Festival,2030,2030-03-18,thứ Hai,lunar,15/2,khong,bien-tap va tinh-toan,
le-hoi-den-do-2026,Lễ hội đền Đô,Đô Temple Festival,2026,2026-05-01,thứ Sáu,lunar,15/3,khong,bien-tap va tinh-toan,
le-hoi-den-do-2027,Lễ hội đền Đô,Đô Temple Festival,2027,2027-04-21,thứ Tư,lunar,15/3,khong,bien-tap va tinh-toan,
le-hoi-den-do-2028,Lễ hội đền Đô,Đô Temple Festival,2028,2028-04-09,Chủ Nhật,lunar,15/3,khong,bien-tap va tinh-toan,
le-hoi-den-do-2029,Lễ hội đền Đô,Đô Temple Festival,2029,2029-04-28,thứ Bảy,lunar,15/3,khong,bien-tap va tinh-toan,
le-hoi-den-do-2030,Lễ hội đền Đô,Đô Temple Festival,2030,2030-04-17,thứ Tư,lunar,15/3,khong,bien-tap va tinh-toan,
le-hoi-den-hai-ba-trung-me-linh-2026,Lễ hội đền Hai Bà Trưng (Mê Linh),Hai Bà Trưng Temple Festival (Mê Linh),2026,2026-02-22,Chủ Nhật,lunar,6/1,khong,bien-tap va tinh-toan,
le-hoi-den-hai-ba-trung-me-linh-2027,Lễ hội đền Hai Bà Trưng (Mê Linh),Hai Bà Trưng Temple Festival (Mê Linh),2027,2027-02-11,thứ Năm,lunar,6/1,khong,bien-tap va tinh-toan,
le-hoi-den-hai-ba-trung-me-linh-2028,Lễ hội đền Hai Bà Trưng (Mê Linh),Hai Bà Trưng Temple Festival (Mê Linh),2028,2028-01-31,thứ Hai,lunar,6/1,khong,bien-tap va tinh-toan,
le-hoi-den-hai-ba-trung-me-linh-2029,Lễ hội đền Hai Bà Trưng (Mê Linh),Hai Bà Trưng Temple Festival (Mê Linh),2029,2029-02-18,Chủ Nhật,lunar,6/1,khong,bien-tap va tinh-toan,
le-hoi-den-hai-ba-trung-me-linh-2030,Lễ hội đền Hai Bà Trưng (Mê Linh),Hai Bà Trưng Temple Festival (Mê Linh),2030,2030-02-07,thứ Năm,lunar,6/1,khong,bien-tap va tinh-toan,
le-hoi-den-hat-mon-2026,Lễ hội đền Hát Môn,Đền Hát Môn Festival,2026,2026-04-22,thứ Tư,lunar,6/3,khong,bien-tap va tinh-toan,
le-hoi-den-hat-mon-2027,Lễ hội đền Hát Môn,Đền Hát Môn Festival,2027,2027-04-12,thứ Hai,lunar,6/3,khong,bien-tap va tinh-toan,
le-hoi-den-hat-mon-2028,Lễ hội đền Hát Môn,Đền Hát Môn Festival,2028,2028-03-31,thứ Sáu,lunar,6/3,khong,bien-tap va tinh-toan,
le-hoi-den-hat-mon-2029,Lễ hội đền Hát Môn,Đền Hát Môn Festival,2029,2029-04-19,thứ Năm,lunar,6/3,khong,bien-tap va tinh-toan,
le-hoi-den-hat-mon-2030,Lễ hội đền Hát Môn,Đền Hát Môn Festival,2030,2030-04-08,thứ Hai,lunar,6/3,khong,bien-tap va tinh-toan,
le-hoi-den-ky-cung-den-ta-phu-2026,"Lễ hội đền Kỳ Cùng, đền Tả Phủ",Kỳ Cùng and Tả Phủ Temples Festival,2026,2026-03-10,thứ Ba,lunar,22/1,khong,bien-tap va tinh-toan,
le-hoi-den-ky-cung-den-ta-phu-2027,"Lễ hội đền Kỳ Cùng, đền Tả Phủ",Kỳ Cùng and Tả Phủ Temples Festival,2027,2027-02-27,thứ Bảy,lunar,22/1,khong,bien-tap va tinh-toan,
le-hoi-den-ky-cung-den-ta-phu-2028,"Lễ hội đền Kỳ Cùng, đền Tả Phủ",Kỳ Cùng and Tả Phủ Temples Festival,2028,2028-02-16,thứ Tư,lunar,22/1,khong,bien-tap va tinh-toan,
le-hoi-den-ky-cung-den-ta-phu-2029,"Lễ hội đền Kỳ Cùng, đền Tả Phủ",Kỳ Cùng and Tả Phủ Temples Festival,2029,2029-03-06,thứ Ba,lunar,22/1,khong,bien-tap va tinh-toan,
le-hoi-den-ky-cung-den-ta-phu-2030,"Lễ hội đền Kỳ Cùng, đền Tả Phủ",Kỳ Cùng and Tả Phủ Temples Festival,2030,2030-02-23,thứ Bảy,lunar,22/1,khong,bien-tap va tinh-toan,
le-hoi-den-mau-au-co-2026,Lễ hội đền Mẫu Âu Cơ,Mẫu Âu Cơ Temple Festival,2026,2026-02-23,thứ Hai,lunar,7/1,khong,bien-tap va tinh-toan,
le-hoi-den-mau-au-co-2027,Lễ hội đền Mẫu Âu Cơ,Mẫu Âu Cơ Temple Festival,2027,2027-02-12,thứ Sáu,lunar,7/1,khong,bien-tap va tinh-toan,
le-hoi-den-mau-au-co-2028,Lễ hội đền Mẫu Âu Cơ,Mẫu Âu Cơ Temple Festival,2028,2028-02-01,thứ Ba,lunar,7/1,khong,bien-tap va tinh-toan,
le-hoi-den-mau-au-co-2029,Lễ hội đền Mẫu Âu Cơ,Mẫu Âu Cơ Temple Festival,2029,2029-02-19,thứ Hai,lunar,7/1,khong,bien-tap va tinh-toan,
le-hoi-den-mau-au-co-2030,Lễ hội đền Mẫu Âu Cơ,Mẫu Âu Cơ Temple Festival,2030,2030-02-08,thứ Sáu,lunar,7/1,khong,bien-tap va tinh-toan,
le-hoi-den-ong-hoang-muoi-2026,Lễ hội đền Ông Hoàng Mười,Ong Hoang Muoi Temple Festival,2026,2026-11-18,thứ Tư,lunar,10/10,khong,bien-tap va tinh-toan,
le-hoi-den-ong-hoang-muoi-2027,Lễ hội đền Ông Hoàng Mười,Ong Hoang Muoi Temple Festival,2027,2027-11-07,Chủ Nhật,lunar,10/10,khong,bien-tap va tinh-toan,
le-hoi-den-ong-hoang-muoi-2028,Lễ hội đền Ông Hoàng Mười,Ong Hoang Muoi Temple Festival,2028,2028-11-25,thứ Bảy,lunar,10/10,khong,bien-tap va tinh-toan,
le-hoi-den-ong-hoang-muoi-2029,Lễ hội đền Ông Hoàng Mười,Ong Hoang Muoi Temple Festival,2029,2029-11-15,thứ Năm,lunar,10/10,khong,bien-tap va tinh-toan,
le-hoi-den-ong-hoang-muoi-2030,Lễ hội đền Ông Hoàng Mười,Ong Hoang Muoi Temple Festival,2030,2030-11-05,thứ Ba,lunar,10/10,khong,bien-tap va tinh-toan,
le-hoi-den-tho-le-lai-2026,Lễ hội đền thờ Lê Lai,Le Lai Temple Festival,2026,2026-10-01,thứ Năm,lunar,21/8,khong,bien-tap va tinh-toan,
le-hoi-den-tho-le-lai-2027,Lễ hội đền thờ Lê Lai,Le Lai Temple Festival,2027,2027-09-21,thứ Ba,lunar,21/8,khong,bien-tap va tinh-toan,
le-hoi-den-tho-le-lai-2028,Lễ hội đền thờ Lê Lai,Le Lai Temple Festival,2028,2028-10-09,thứ Hai,lunar,21/8,khong,bien-tap va tinh-toan,
le-hoi-den-tho-le-lai-2029,Lễ hội đền thờ Lê Lai,Le Lai Temple Festival,2029,2029-09-28,thứ Sáu,lunar,21/8,khong,bien-tap va tinh-toan,
le-hoi-den-tho-le-lai-2030,Lễ hội đền thờ Lê Lai,Le Lai Temple Festival,2030,2030-09-18,thứ Tư,lunar,21/8,khong,bien-tap va tinh-toan,
le-hoi-den-thuong-lao-cai-2026,Lễ hội đền Thượng Lào Cai,"Đền Thượng Festival, Lào Cai",2026,2026-03-03,thứ Ba,lunar,15/1,khong,bien-tap va tinh-toan,
le-hoi-den-thuong-lao-cai-2027,Lễ hội đền Thượng Lào Cai,"Đền Thượng Festival, Lào Cai",2027,2027-02-20,thứ Bảy,lunar,15/1,khong,bien-tap va tinh-toan,
le-hoi-den-thuong-lao-cai-2028,Lễ hội đền Thượng Lào Cai,"Đền Thượng Festival, Lào Cai",2028,2028-02-09,thứ Tư,lunar,15/1,khong,bien-tap va tinh-toan,
le-hoi-den-thuong-lao-cai-2029,Lễ hội đền Thượng Lào Cai,"Đền Thượng Festival, Lào Cai",2029,2029-02-27,thứ Ba,lunar,15/1,khong,bien-tap va tinh-toan,
le-hoi-den-thuong-lao-cai-2030,Lễ hội đền Thượng Lào Cai,"Đền Thượng Festival, Lào Cai",2030,2030-02-16,thứ Bảy,lunar,15/1,khong,bien-tap va tinh-toan,
le-hoi-den-tran-thai-binh-2026,Lễ hội đền Trần Thái Bình,Trần Temple Festival (Thái Bình),2026,2026-03-01,Chủ Nhật,lunar,13/1,khong,bien-tap va tinh-toan,
le-hoi-den-tran-thai-binh-2027,Lễ hội đền Trần Thái Bình,Trần Temple Festival (Thái Bình),2027,2027-02-18,thứ Năm,lunar,13/1,khong,bien-tap va tinh-toan,
le-hoi-den-tran-thai-binh-2028,Lễ hội đền Trần Thái Bình,Trần Temple Festival (Thái Bình),2028,2028-02-07,thứ Hai,lunar,13/1,khong,bien-tap va tinh-toan,
le-hoi-den-tran-thai-binh-2029,Lễ hội đền Trần Thái Bình,Trần Temple Festival (Thái Bình),2029,2029-02-25,Chủ Nhật,lunar,13/1,khong,bien-tap va tinh-toan,
le-hoi-den-tran-thai-binh-2030,Lễ hội đền Trần Thái Bình,Trần Temple Festival (Thái Bình),2030,2030-02-14,thứ Năm,lunar,13/1,khong,bien-tap va tinh-toan,
le-hoi-dien-hue-nam-2026,Lễ hội điện Huệ Nam,Điện Huệ Nam Festival,2026,2026-04-18,thứ Bảy,lunar,2/3,khong,bien-tap va tinh-toan,
le-hoi-dien-hue-nam-2027,Lễ hội điện Huệ Nam,Điện Huệ Nam Festival,2027,2027-04-08,thứ Năm,lunar,2/3,khong,bien-tap va tinh-toan,
le-hoi-dien-hue-nam-2028,Lễ hội điện Huệ Nam,Điện Huệ Nam Festival,2028,2028-03-27,thứ Hai,lunar,2/3,khong,bien-tap va tinh-toan,
le-hoi-dien-hue-nam-2029,Lễ hội điện Huệ Nam,Điện Huệ Nam Festival,2029,2029-04-15,Chủ Nhật,lunar,2/3,khong,bien-tap va tinh-toan,
le-hoi-dien-hue-nam-2030,Lễ hội điện Huệ Nam,Điện Huệ Nam Festival,2030,2030-04-04,thứ Năm,lunar,2/3,khong,bien-tap va tinh-toan,
le-hoi-dinh-cau-2026,Lễ hội Dinh Cậu,Dinh Cau Shrine Festival (Phu Quoc),2026,2026-11-23,thứ Hai,lunar,15/10,khong,bien-tap va tinh-toan,
le-hoi-dinh-cau-2027,Lễ hội Dinh Cậu,Dinh Cau Shrine Festival (Phu Quoc),2027,2027-11-12,thứ Sáu,lunar,15/10,khong,bien-tap va tinh-toan,
le-hoi-dinh-cau-2028,Lễ hội Dinh Cậu,Dinh Cau Shrine Festival (Phu Quoc),2028,2028-11-30,thứ Năm,lunar,15/10,khong,bien-tap va tinh-toan,
le-hoi-dinh-cau-2029,Lễ hội Dinh Cậu,Dinh Cau Shrine Festival (Phu Quoc),2029,2029-11-20,thứ Ba,lunar,15/10,khong,bien-tap va tinh-toan,
le-hoi-dinh-cau-2030,Lễ hội Dinh Cậu,Dinh Cau Shrine Festival (Phu Quoc),2030,2030-11-10,Chủ Nhật,lunar,15/10,khong,bien-tap va tinh-toan,
le-hoi-dinh-chem-2026,Lễ hội đình Chèm,Đình Chèm Festival,2026,2026-06-29,thứ Hai,lunar,15/5,khong,bien-tap va tinh-toan,
le-hoi-dinh-chem-2027,Lễ hội đình Chèm,Đình Chèm Festival,2027,2027-06-19,thứ Bảy,lunar,15/5,khong,bien-tap va tinh-toan,
le-hoi-dinh-chem-2028,Lễ hội đình Chèm,Đình Chèm Festival,2028,2028-06-07,thứ Tư,lunar,15/5,khong,bien-tap va tinh-toan,
le-hoi-dinh-chem-2029,Lễ hội đình Chèm,Đình Chèm Festival,2029,2029-06-26,thứ Ba,lunar,15/5,khong,bien-tap va tinh-toan,
le-hoi-dinh-chem-2030,Lễ hội đình Chèm,Đình Chèm Festival,2030,2030-06-15,thứ Bảy,lunar,15/5,khong,bien-tap va tinh-toan,
le-hoi-dinh-co-long-hai-2026,Lễ hội Dinh Cô Long Hải,"Dinh Cô Festival, Long Hải",2026,2026-03-28,thứ Bảy,lunar,10/2,khong,bien-tap va tinh-toan,
le-hoi-dinh-co-long-hai-2027,Lễ hội Dinh Cô Long Hải,"Dinh Cô Festival, Long Hải",2027,2027-03-17,thứ Tư,lunar,10/2,khong,bien-tap va tinh-toan,
le-hoi-dinh-co-long-hai-2028,Lễ hội Dinh Cô Long Hải,"Dinh Cô Festival, Long Hải",2028,2028-03-05,Chủ Nhật,lunar,10/2,khong,bien-tap va tinh-toan,
le-hoi-dinh-co-long-hai-2029,Lễ hội Dinh Cô Long Hải,"Dinh Cô Festival, Long Hải",2029,2029-03-24,thứ Bảy,lunar,10/2,khong,bien-tap va tinh-toan,
le-hoi-dinh-co-long-hai-2030,Lễ hội Dinh Cô Long Hải,"Dinh Cô Festival, Long Hải",2030,2030-03-13,thứ Tư,lunar,10/2,khong,bien-tap va tinh-toan,
le-hoi-dinh-than-nguyen-trung-truc-rach-gia-2026,Lễ hội đình thần Nguyễn Trung Trực (Rạch Giá),Nguyen Trung Truc Temple Festival (Rach Gia),2026,2026-10-06,thứ Ba,lunar,26/8,khong,bien-tap va tinh-toan,
le-hoi-dinh-than-nguyen-trung-truc-rach-gia-2027,Lễ hội đình thần Nguyễn Trung Trực (Rạch Giá),Nguyen Trung Truc Temple Festival (Rach Gia),2027,2027-09-26,Chủ Nhật,lunar,26/8,khong,bien-tap va tinh-toan,
le-hoi-dinh-than-nguyen-trung-truc-rach-gia-2028,Lễ hội đình thần Nguyễn Trung Trực (Rạch Giá),Nguyen Trung Truc Temple Festival (Rach Gia),2028,2028-10-14,thứ Bảy,lunar,26/8,khong,bien-tap va tinh-toan,
le-hoi-dinh-than-nguyen-trung-truc-rach-gia-2029,Lễ hội đình thần Nguyễn Trung Trực (Rạch Giá),Nguyen Trung Truc Temple Festival (Rach Gia),2029,2029-10-03,thứ Tư,lunar,26/8,khong,bien-tap va tinh-toan,
le-hoi-dinh-than-nguyen-trung-truc-rach-gia-2030,Lễ hội đình thần Nguyễn Trung Trực (Rạch Giá),Nguyen Trung Truc Temple Festival (Rach Gia),2030,2030-09-23,thứ Hai,lunar,26/8,khong,bien-tap va tinh-toan,
le-hoi-dinh-thay-thim-2026,Lễ hội Dinh Thầy Thím,Thay Thim Temple Festival,2026,2026-10-23,thứ Sáu,lunar,14/9,khong,bien-tap va tinh-toan,
le-hoi-dinh-thay-thim-2027,Lễ hội Dinh Thầy Thím,Thay Thim Temple Festival,2027,2027-10-13,thứ Tư,lunar,14/9,khong,bien-tap va tinh-toan,
le-hoi-dinh-thay-thim-2028,Lễ hội Dinh Thầy Thím,Thay Thim Temple Festival,2028,2028-10-31,thứ Ba,lunar,14/9,khong,bien-tap va tinh-toan,
le-hoi-dinh-thay-thim-2029,Lễ hội Dinh Thầy Thím,Thay Thim Temple Festival,2029,2029-10-21,Chủ Nhật,lunar,14/9,khong,bien-tap va tinh-toan,
le-hoi-dinh-thay-thim-2030,Lễ hội Dinh Thầy Thím,Thay Thim Temple Festival,2030,2030-10-10,thứ Năm,lunar,14/9,khong,bien-tap va tinh-toan,
le-hoi-dinh-tra-co-2026,Lễ hội đình Trà Cổ,Đình Trà Cổ Festival,2026,2026-07-14,thứ Ba,lunar,1/6,khong,bien-tap va tinh-toan,
le-hoi-dinh-tra-co-2027,Lễ hội đình Trà Cổ,Đình Trà Cổ Festival,2027,2027-07-04,Chủ Nhật,lunar,1/6,khong,bien-tap va tinh-toan,
le-hoi-dinh-tra-co-2028,Lễ hội đình Trà Cổ,Đình Trà Cổ Festival,2028,2028-07-22,thứ Bảy,lunar,1/6,khong,bien-tap va tinh-toan,
le-hoi-dinh-tra-co-2029,Lễ hội đình Trà Cổ,Đình Trà Cổ Festival,2029,2029-07-11,thứ Tư,lunar,1/6,khong,bien-tap va tinh-toan,
le-hoi-dinh-tra-co-2030,Lễ hội đình Trà Cổ,Đình Trà Cổ Festival,2030,2030-07-01,thứ Hai,lunar,1/6,khong,bien-tap va tinh-toan,
le-hoi-dong-da-tay-son-2026,"Lễ hội Đống Đa, Tây Sơn",Đống Đa Festival in Tây Sơn,2026,2026-02-21,thứ Bảy,lunar,5/1,khong,bien-tap va tinh-toan,
le-hoi-dong-da-tay-son-2027,"Lễ hội Đống Đa, Tây Sơn",Đống Đa Festival in Tây Sơn,2027,2027-02-10,thứ Tư,lunar,5/1,khong,bien-tap va tinh-toan,
le-hoi-dong-da-tay-son-2028,"Lễ hội Đống Đa, Tây Sơn",Đống Đa Festival in Tây Sơn,2028,2028-01-30,Chủ Nhật,lunar,5/1,khong,bien-tap va tinh-toan,
le-hoi-dong-da-tay-son-2029,"Lễ hội Đống Đa, Tây Sơn",Đống Đa Festival in Tây Sơn,2029,2029-02-17,thứ Bảy,lunar,5/1,khong,bien-tap va tinh-toan,
le-hoi-dong-da-tay-son-2030,"Lễ hội Đống Đa, Tây Sơn",Đống Đa Festival in Tây Sơn,2030,2030-02-06,thứ Tư,lunar,5/1,khong,bien-tap va tinh-toan,
le-hoi-dua-boi-thuyen-truyen-thong-tren-song-kien-giang-2026,"Lễ hội đua, bơi thuyền truyền thống trên sông Kiến Giang",Kien Giang River Traditional Boat Race Festival,2026,2026-09-02,thứ Tư,solar,,khong,bien-tap va tinh-toan,
le-hoi-dua-boi-thuyen-truyen-thong-tren-song-kien-giang-2027,"Lễ hội đua, bơi thuyền truyền thống trên sông Kiến Giang",Kien Giang River Traditional Boat Race Festival,2027,2027-09-02,thứ Năm,solar,,khong,bien-tap va tinh-toan,
le-hoi-dua-boi-thuyen-truyen-thong-tren-song-kien-giang-2028,"Lễ hội đua, bơi thuyền truyền thống trên sông Kiến Giang",Kien Giang River Traditional Boat Race Festival,2028,2028-09-02,thứ Bảy,solar,,khong,bien-tap va tinh-toan,
le-hoi-dua-boi-thuyen-truyen-thong-tren-song-kien-giang-2029,"Lễ hội đua, bơi thuyền truyền thống trên sông Kiến Giang",Kien Giang River Traditional Boat Race Festival,2029,2029-09-02,Chủ Nhật,solar,,khong,bien-tap va tinh-toan,
le-hoi-dua-boi-thuyen-truyen-thong-tren-song-kien-giang-2030,"Lễ hội đua, bơi thuyền truyền thống trên sông Kiến Giang",Kien Giang River Traditional Boat Race Festival,2030,2030-09-02,thứ Hai,solar,,khong,bien-tap va tinh-toan,
le-hoi-go-dong-da-2026,Lễ hội Gò Đống Đa,Gò Đống Đa Festival,2026,2026-02-21,thứ Bảy,lunar,5/1,khong,bien-tap va tinh-toan,
le-hoi-go-dong-da-2027,Lễ hội Gò Đống Đa,Gò Đống Đa Festival,2027,2027-02-10,thứ Tư,lunar,5/1,khong,bien-tap va tinh-toan,
le-hoi-go-dong-da-2028,Lễ hội Gò Đống Đa,Gò Đống Đa Festival,2028,2028-01-30,Chủ Nhật,lunar,5/1,khong,bien-tap va tinh-toan,
le-hoi-go-dong-da-2029,Lễ hội Gò Đống Đa,Gò Đống Đa Festival,2029,2029-02-17,thứ Bảy,lunar,5/1,khong,bien-tap va tinh-toan,
le-hoi-go-dong-da-2030,Lễ hội Gò Đống Đa,Gò Đống Đa Festival,2030,2030-02-06,thứ Tư,lunar,5/1,khong,bien-tap va tinh-toan,
le-hoi-ky-yen-thoai-ngoc-hau-2026,Lễ hội Kỳ Yên đình Thoại Ngọc Hầu,Kỳ Yên Festival at Thoại Ngọc Hầu Communal House,2026,2026-04-26,Chủ Nhật,lunar,10/3,khong,bien-tap va tinh-toan,
le-hoi-ky-yen-thoai-ngoc-hau-2027,Lễ hội Kỳ Yên đình Thoại Ngọc Hầu,Kỳ Yên Festival at Thoại Ngọc Hầu Communal House,2027,2027-04-16,thứ Sáu,lunar,10/3,khong,bien-tap va tinh-toan,
le-hoi-ky-yen-thoai-ngoc-hau-2028,Lễ hội Kỳ Yên đình Thoại Ngọc Hầu,Kỳ Yên Festival at Thoại Ngọc Hầu Communal House,2028,2028-04-04,thứ Ba,lunar,10/3,khong,bien-tap va tinh-toan,
le-hoi-ky-yen-thoai-ngoc-hau-2029,Lễ hội Kỳ Yên đình Thoại Ngọc Hầu,Kỳ Yên Festival at Thoại Ngọc Hầu Communal House,2029,2029-04-23,thứ Hai,lunar,10/3,khong,bien-tap va tinh-toan,
le-hoi-ky-yen-thoai-ngoc-hau-2030,Lễ hội Kỳ Yên đình Thoại Ngọc Hầu,Kỳ Yên Festival at Thoại Ngọc Hầu Communal House,2030,2030-04-12,thứ Sáu,lunar,10/3,khong,bien-tap va tinh-toan,
le-hoi-lam-chay-2026,Lễ hội Làm Chay,Làm Chay Festival,2026,2026-03-04,thứ Tư,lunar,16/1,khong,bien-tap va tinh-toan,
le-hoi-lam-chay-2027,Lễ hội Làm Chay,Làm Chay Festival,2027,2027-02-21,Chủ Nhật,lunar,16/1,khong,bien-tap va tinh-toan,
le-hoi-lam-chay-2028,Lễ hội Làm Chay,Làm Chay Festival,2028,2028-02-10,thứ Năm,lunar,16/1,khong,bien-tap va tinh-toan,
le-hoi-lam-chay-2029,Lễ hội Làm Chay,Làm Chay Festival,2029,2029-02-28,thứ Tư,lunar,16/1,khong,bien-tap va tinh-toan,
le-hoi-lam-chay-2030,Lễ hội Làm Chay,Làm Chay Festival,2030,2030-02-17,Chủ Nhật,lunar,16/1,khong,bien-tap va tinh-toan,
le-hoi-lam-kinh-2026,Lễ hội Lam Kinh,Lam Kinh Festival,2026,2026-10-02,thứ Sáu,lunar,22/8,khong,bien-tap va tinh-toan,
le-hoi-lam-kinh-2027,Lễ hội Lam Kinh,Lam Kinh Festival,2027,2027-09-22,thứ Tư,lunar,22/8,khong,bien-tap va tinh-toan,
le-hoi-lam-kinh-2028,Lễ hội Lam Kinh,Lam Kinh Festival,2028,2028-10-10,thứ Ba,lunar,22/8,khong,bien-tap va tinh-toan,
le-hoi-lam-kinh-2029,Lễ hội Lam Kinh,Lam Kinh Festival,2029,2029-09-29,thứ Bảy,lunar,22/8,khong,bien-tap va tinh-toan,
le-hoi-lam-kinh-2030,Lễ hội Lam Kinh,Lam Kinh Festival,2030,2030-09-19,thứ Năm,lunar,22/8,khong,bien-tap va tinh-toan,
le-hoi-long-tong-ba-be-2026,Lễ hội Lồng Tồng Ba Bể,Lồng Tồng Festival of Ba Bể,2026,2026-02-26,thứ Năm,lunar,10/1,khong,bien-tap va tinh-toan,
le-hoi-long-tong-ba-be-2027,Lễ hội Lồng Tồng Ba Bể,Lồng Tồng Festival of Ba Bể,2027,2027-02-15,thứ Hai,lunar,10/1,khong,bien-tap va tinh-toan,
le-hoi-long-tong-ba-be-2028,Lễ hội Lồng Tồng Ba Bể,Lồng Tồng Festival of Ba Bể,2028,2028-02-04,thứ Sáu,lunar,10/1,khong,bien-tap va tinh-toan,
le-hoi-long-tong-ba-be-2029,Lễ hội Lồng Tồng Ba Bể,Lồng Tồng Festival of Ba Bể,2029,2029-02-22,thứ Năm,lunar,10/1,khong,bien-tap va tinh-toan,
le-hoi-long-tong-ba-be-2030,Lễ hội Lồng Tồng Ba Bể,Lồng Tồng Festival of Ba Bể,2030,2030-02-11,thứ Hai,lunar,10/1,khong,bien-tap va tinh-toan,
le-hoi-nghinh-ong-can-gio-2026,Lễ hội Nghinh Ông Cần Giờ,"Nghinh Ông (Whale-God) Festival, Cần Giờ",2026,2026-09-26,thứ Bảy,lunar,16/8,khong,bien-tap va tinh-toan,
le-hoi-nghinh-ong-can-gio-2027,Lễ hội Nghinh Ông Cần Giờ,"Nghinh Ông (Whale-God) Festival, Cần Giờ",2027,2027-09-16,thứ Năm,lunar,16/8,khong,bien-tap va tinh-toan,
le-hoi-nghinh-ong-can-gio-2028,Lễ hội Nghinh Ông Cần Giờ,"Nghinh Ông (Whale-God) Festival, Cần Giờ",2028,2028-10-04,thứ Tư,lunar,16/8,khong,bien-tap va tinh-toan,
le-hoi-nghinh-ong-can-gio-2029,Lễ hội Nghinh Ông Cần Giờ,"Nghinh Ông (Whale-God) Festival, Cần Giờ",2029,2029-09-23,Chủ Nhật,lunar,16/8,khong,bien-tap va tinh-toan,
le-hoi-nghinh-ong-can-gio-2030,Lễ hội Nghinh Ông Cần Giờ,"Nghinh Ông (Whale-God) Festival, Cần Giờ",2030,2030-09-13,thứ Sáu,lunar,16/8,khong,bien-tap va tinh-toan,
le-hoi-nghinh-ong-lai-son-2026,Lễ hội Nghinh Ông Lại Sơn,Lai Son (Hon Son) Whale Worship Festival,2026,2026-11-23,thứ Hai,lunar,15/10,khong,bien-tap va tinh-toan,
le-hoi-nghinh-ong-lai-son-2027,Lễ hội Nghinh Ông Lại Sơn,Lai Son (Hon Son) Whale Worship Festival,2027,2027-11-12,thứ Sáu,lunar,15/10,khong,bien-tap va tinh-toan,
le-hoi-nghinh-ong-lai-son-2028,Lễ hội Nghinh Ông Lại Sơn,Lai Son (Hon Son) Whale Worship Festival,2028,2028-11-30,thứ Năm,lunar,15/10,khong,bien-tap va tinh-toan,
le-hoi-nghinh-ong-lai-son-2029,Lễ hội Nghinh Ông Lại Sơn,Lai Son (Hon Son) Whale Worship Festival,2029,2029-11-20,thứ Ba,lunar,15/10,khong,bien-tap va tinh-toan,
le-hoi-nghinh-ong-lai-son-2030,Lễ hội Nghinh Ông Lại Sơn,Lai Son (Hon Son) Whale Worship Festival,2030,2030-11-10,Chủ Nhật,lunar,15/10,khong,bien-tap va tinh-toan,
le-hoi-nghinh-ong-song-doc-2026,Lễ hội Nghinh Ông Sông Đốc,Sông Đốc Whale Worship Festival,2026,2026-04-02,thứ Năm,lunar,15/2,khong,bien-tap va tinh-toan,
le-hoi-nghinh-ong-song-doc-2027,Lễ hội Nghinh Ông Sông Đốc,Sông Đốc Whale Worship Festival,2027,2027-03-22,thứ Hai,lunar,15/2,khong,bien-tap va tinh-toan,
le-hoi-nghinh-ong-song-doc-2028,Lễ hội Nghinh Ông Sông Đốc,Sông Đốc Whale Worship Festival,2028,2028-03-10,thứ Sáu,lunar,15/2,khong,bien-tap va tinh-toan,
le-hoi-nghinh-ong-song-doc-2029,Lễ hội Nghinh Ông Sông Đốc,Sông Đốc Whale Worship Festival,2029,2029-03-29,thứ Năm,lunar,15/2,khong,bien-tap va tinh-toan,
le-hoi-nghinh-ong-song-doc-2030,Lễ hội Nghinh Ông Sông Đốc,Sông Đốc Whale Worship Festival,2030,2030-03-18,thứ Hai,lunar,15/2,khong,bien-tap va tinh-toan,
le-hoi-nghinh-ong-thang-tam-2026,Lễ hội Nghinh Ông Thắng Tam,Thang Tam Whale Worship Festival (Nghinh Ong),2026,2026-09-26,thứ Bảy,lunar,16/8,khong,bien-tap va tinh-toan,
le-hoi-nghinh-ong-thang-tam-2027,Lễ hội Nghinh Ông Thắng Tam,Thang Tam Whale Worship Festival (Nghinh Ong),2027,2027-09-16,thứ Năm,lunar,16/8,khong,bien-tap va tinh-toan,
le-hoi-nghinh-ong-thang-tam-2028,Lễ hội Nghinh Ông Thắng Tam,Thang Tam Whale Worship Festival (Nghinh Ong),2028,2028-10-04,thứ Tư,lunar,16/8,khong,bien-tap va tinh-toan,
le-hoi-nghinh-ong-thang-tam-2029,Lễ hội Nghinh Ông Thắng Tam,Thang Tam Whale Worship Festival (Nghinh Ong),2029,2029-09-23,Chủ Nhật,lunar,16/8,khong,bien-tap va tinh-toan,
le-hoi-nghinh-ong-thang-tam-2030,Lễ hội Nghinh Ông Thắng Tam,Thang Tam Whale Worship Festival (Nghinh Ong),2030,2030-09-13,thứ Sáu,lunar,16/8,khong,bien-tap va tinh-toan,
le-hoi-nhay-lua-cua-nguoi-pa-then-2026,Lễ hội nhảy lửa của người Pà Thẻn,Pa Then Fire Dance Festival,2026,2026-11-24,thứ Ba,lunar,16/10,khong,bien-tap va tinh-toan,
le-hoi-nhay-lua-cua-nguoi-pa-then-2027,Lễ hội nhảy lửa của người Pà Thẻn,Pa Then Fire Dance Festival,2027,2027-11-13,thứ Bảy,lunar,16/10,khong,bien-tap va tinh-toan,
le-hoi-nhay-lua-cua-nguoi-pa-then-2028,Lễ hội nhảy lửa của người Pà Thẻn,Pa Then Fire Dance Festival,2028,2028-12-01,thứ Sáu,lunar,16/10,khong,bien-tap va tinh-toan,
le-hoi-nhay-lua-cua-nguoi-pa-then-2029,Lễ hội nhảy lửa của người Pà Thẻn,Pa Then Fire Dance Festival,2029,2029-11-21,thứ Tư,lunar,16/10,khong,bien-tap va tinh-toan,
le-hoi-nhay-lua-cua-nguoi-pa-then-2030,Lễ hội nhảy lửa của người Pà Thẻn,Pa Then Fire Dance Festival,2030,2030-11-11,thứ Hai,lunar,16/10,khong,bien-tap va tinh-toan,
le-hoi-nu-tuong-le-chan-2026,Lễ hội Nữ tướng Lê Chân,Female General Lê Chân Festival,2026,2026-03-26,thứ Năm,lunar,8/2,khong,bien-tap va tinh-toan,
le-hoi-nu-tuong-le-chan-2027,Lễ hội Nữ tướng Lê Chân,Female General Lê Chân Festival,2027,2027-03-15,thứ Hai,lunar,8/2,khong,bien-tap va tinh-toan,
le-hoi-nu-tuong-le-chan-2028,Lễ hội Nữ tướng Lê Chân,Female General Lê Chân Festival,2028,2028-03-03,thứ Sáu,lunar,8/2,khong,bien-tap va tinh-toan,
le-hoi-nu-tuong-le-chan-2029,Lễ hội Nữ tướng Lê Chân,Female General Lê Chân Festival,2029,2029-03-22,thứ Năm,lunar,8/2,khong,bien-tap va tinh-toan,
le-hoi-nu-tuong-le-chan-2030,Lễ hội Nữ tướng Lê Chân,Female General Lê Chân Festival,2030,2030-03-11,thứ Hai,lunar,8/2,khong,bien-tap va tinh-toan,
le-hoi-ok-om-bok-2026,Lễ hội Ok Om Bok,Ok Om Bok Festival (Khmer Moon Worship),2026,2026-11-23,thứ Hai,theo-nam,15/10,khong,bien-tap va tinh-toan,
le-hoi-ok-om-bok-2027,Lễ hội Ok Om Bok,Ok Om Bok Festival (Khmer Moon Worship),2027,2027-11-12,thứ Sáu,theo-nam,15/10,khong,bien-tap va tinh-toan,
le-hoi-ok-om-bok-2028,Lễ hội Ok Om Bok,Ok Om Bok Festival (Khmer Moon Worship),2028,2028-11-30,thứ Năm,theo-nam,15/10,khong,bien-tap va tinh-toan,
le-hoi-ok-om-bok-2029,Lễ hội Ok Om Bok,Ok Om Bok Festival (Khmer Moon Worship),2029,2029-11-20,thứ Ba,theo-nam,15/10,khong,bien-tap va tinh-toan,
le-hoi-ok-om-bok-2030,Lễ hội Ok Om Bok,Ok Om Bok Festival (Khmer Moon Worship),2030,2030-11-10,Chủ Nhật,theo-nam,15/10,khong,bien-tap va tinh-toan,
le-hoi-phet-hien-quan-2026,Lễ hội Phết Hiền Quan,Hiền Quan Phết Festival,2026,2026-03-01,Chủ Nhật,lunar,13/1,khong,bien-tap va tinh-toan,
le-hoi-phet-hien-quan-2027,Lễ hội Phết Hiền Quan,Hiền Quan Phết Festival,2027,2027-02-18,thứ Năm,lunar,13/1,khong,bien-tap va tinh-toan,
le-hoi-phet-hien-quan-2028,Lễ hội Phết Hiền Quan,Hiền Quan Phết Festival,2028,2028-02-07,thứ Hai,lunar,13/1,khong,bien-tap va tinh-toan,
le-hoi-phet-hien-quan-2029,Lễ hội Phết Hiền Quan,Hiền Quan Phết Festival,2029,2029-02-25,Chủ Nhật,lunar,13/1,khong,bien-tap va tinh-toan,
le-hoi-phet-hien-quan-2030,Lễ hội Phết Hiền Quan,Hiền Quan Phết Festival,2030,2030-02-14,thứ Năm,lunar,13/1,khong,bien-tap va tinh-toan,
le-hoi-phu-day-2026,Lễ hội Phủ Dầy,Phủ Dầy Festival,2026,2026-04-19,Chủ Nhật,lunar,3/3,khong,bien-tap va tinh-toan,
le-hoi-phu-day-2027,Lễ hội Phủ Dầy,Phủ Dầy Festival,2027,2027-04-09,thứ Sáu,lunar,3/3,khong,bien-tap va tinh-toan,
le-hoi-phu-day-2028,Lễ hội Phủ Dầy,Phủ Dầy Festival,2028,2028-03-28,thứ Ba,lunar,3/3,khong,bien-tap va tinh-toan,
le-hoi-phu-day-2029,Lễ hội Phủ Dầy,Phủ Dầy Festival,2029,2029-04-16,thứ Hai,lunar,3/3,khong,bien-tap va tinh-toan,
le-hoi-phu-day-2030,Lễ hội Phủ Dầy,Phủ Dầy Festival,2030,2030-04-05,thứ Sáu,lunar,3/3,khong,bien-tap va tinh-toan,
le-hoi-quan-the-am-ngu-hanh-son-2026,Lễ hội Quán Thế Âm Ngũ Hành Sơn,Quán Thế Âm Festival at Ngũ Hành Sơn,2026,2026-04-06,thứ Hai,lunar,19/2,khong,bien-tap va tinh-toan,
le-hoi-quan-the-am-ngu-hanh-son-2027,Lễ hội Quán Thế Âm Ngũ Hành Sơn,Quán Thế Âm Festival at Ngũ Hành Sơn,2027,2027-03-26,thứ Sáu,lunar,19/2,khong,bien-tap va tinh-toan,
le-hoi-quan-the-am-ngu-hanh-son-2028,Lễ hội Quán Thế Âm Ngũ Hành Sơn,Quán Thế Âm Festival at Ngũ Hành Sơn,2028,2028-03-14,thứ Ba,lunar,19/2,khong,bien-tap va tinh-toan,
le-hoi-quan-the-am-ngu-hanh-son-2029,Lễ hội Quán Thế Âm Ngũ Hành Sơn,Quán Thế Âm Festival at Ngũ Hành Sơn,2029,2029-04-02,thứ Hai,lunar,19/2,khong,bien-tap va tinh-toan,
le-hoi-quan-the-am-ngu-hanh-son-2030,Lễ hội Quán Thế Âm Ngũ Hành Sơn,Quán Thế Âm Festival at Ngũ Hành Sơn,2030,2030-03-22,thứ Sáu,lunar,19/2,khong,bien-tap va tinh-toan,
le-hoi-ruoc-co-ba-cho-duoc-2026,Lễ hội Rước Cộ Bà Chợ Được,Rước Cộ Bà Chợ Được Festival,2026,2026-02-27,thứ Sáu,lunar,11/1,khong,bien-tap va tinh-toan,
le-hoi-ruoc-co-ba-cho-duoc-2027,Lễ hội Rước Cộ Bà Chợ Được,Rước Cộ Bà Chợ Được Festival,2027,2027-02-16,thứ Ba,lunar,11/1,khong,bien-tap va tinh-toan,
le-hoi-ruoc-co-ba-cho-duoc-2028,Lễ hội Rước Cộ Bà Chợ Được,Rước Cộ Bà Chợ Được Festival,2028,2028-02-05,thứ Bảy,lunar,11/1,khong,bien-tap va tinh-toan,
le-hoi-ruoc-co-ba-cho-duoc-2029,Lễ hội Rước Cộ Bà Chợ Được,Rước Cộ Bà Chợ Được Festival,2029,2029-02-23,thứ Sáu,lunar,11/1,khong,bien-tap va tinh-toan,
le-hoi-ruoc-co-ba-cho-duoc-2030,Lễ hội Rước Cộ Bà Chợ Được,Rước Cộ Bà Chợ Được Festival,2030,2030-02-12,thứ Ba,lunar,11/1,khong,bien-tap va tinh-toan,
le-hoi-tay-thien-2026,Lễ hội Tây Thiên,Tây Thiên Festival,2026,2026-04-02,thứ Năm,lunar,15/2,khong,bien-tap va tinh-toan,
le-hoi-tay-thien-2027,Lễ hội Tây Thiên,Tây Thiên Festival,2027,2027-03-22,thứ Hai,lunar,15/2,khong,bien-tap va tinh-toan,
le-hoi-tay-thien-2028,Lễ hội Tây Thiên,Tây Thiên Festival,2028,2028-03-10,thứ Sáu,lunar,15/2,khong,bien-tap va tinh-toan,
le-hoi-tay-thien-2029,Lễ hội Tây Thiên,Tây Thiên Festival,2029,2029-03-29,thứ Năm,lunar,15/2,khong,bien-tap va tinh-toan,
le-hoi-tay-thien-2030,Lễ hội Tây Thiên,Tây Thiên Festival,2030,2030-03-18,thứ Hai,lunar,15/2,khong,bien-tap va tinh-toan,
le-hoi-thap-ba-ponagar-2026,Lễ hội Tháp Bà Ponagar,Tháp Bà Ponagar Festival,2026,2026-05-09,thứ Bảy,lunar,23/3,khong,bien-tap va tinh-toan,
le-hoi-thap-ba-ponagar-2027,Lễ hội Tháp Bà Ponagar,Tháp Bà Ponagar Festival,2027,2027-04-29,thứ Năm,lunar,23/3,khong,bien-tap va tinh-toan,
le-hoi-thap-ba-ponagar-2028,Lễ hội Tháp Bà Ponagar,Tháp Bà Ponagar Festival,2028,2028-04-17,thứ Hai,lunar,23/3,khong,bien-tap va tinh-toan,
le-hoi-thap-ba-ponagar-2029,Lễ hội Tháp Bà Ponagar,Tháp Bà Ponagar Festival,2029,2029-05-06,Chủ Nhật,lunar,23/3,khong,bien-tap va tinh-toan,
le-hoi-thap-ba-ponagar-2030,Lễ hội Tháp Bà Ponagar,Tháp Bà Ponagar Festival,2030,2030-04-25,thứ Năm,lunar,23/3,khong,bien-tap va tinh-toan,
le-hoi-tich-dien-doi-son-2026,Lễ hội Tịch điền Đọi Sơn,Đọi Sơn Royal Ploughing Festival,2026,2026-02-23,thứ Hai,lunar,7/1,khong,bien-tap va tinh-toan,
le-hoi-tich-dien-doi-son-2027,Lễ hội Tịch điền Đọi Sơn,Đọi Sơn Royal Ploughing Festival,2027,2027-02-12,thứ Sáu,lunar,7/1,khong,bien-tap va tinh-toan,
le-hoi-tich-dien-doi-son-2028,Lễ hội Tịch điền Đọi Sơn,Đọi Sơn Royal Ploughing Festival,2028,2028-02-01,thứ Ba,lunar,7/1,khong,bien-tap va tinh-toan,
le-hoi-tich-dien-doi-son-2029,Lễ hội Tịch điền Đọi Sơn,Đọi Sơn Royal Ploughing Festival,2029,2029-02-19,thứ Hai,lunar,7/1,khong,bien-tap va tinh-toan,
le-hoi-tich-dien-doi-son-2030,Lễ hội Tịch điền Đọi Sơn,Đọi Sơn Royal Ploughing Festival,2030,2030-02-08,thứ Sáu,lunar,7/1,khong,bien-tap va tinh-toan,
le-hoi-tien-cong-2026,Lễ hội Tiên Công,Tiên Công Festival,2026,2026-02-23,thứ Hai,lunar,7/1,khong,bien-tap va tinh-toan,
le-hoi-tien-cong-2027,Lễ hội Tiên Công,Tiên Công Festival,2027,2027-02-12,thứ Sáu,lunar,7/1,khong,bien-tap va tinh-toan,
le-hoi-tien-cong-2028,Lễ hội Tiên Công,Tiên Công Festival,2028,2028-02-01,thứ Ba,lunar,7/1,khong,bien-tap va tinh-toan,
le-hoi-tien-cong-2029,Lễ hội Tiên Công,Tiên Công Festival,2029,2029-02-19,thứ Hai,lunar,7/1,khong,bien-tap va tinh-toan,
le-hoi-tien-cong-2030,Lễ hội Tiên Công,Tiên Công Festival,2030,2030-02-08,thứ Sáu,lunar,7/1,khong,bien-tap va tinh-toan,
le-hoi-truong-yen-2026,Lễ hội Trường Yên (Hoa Lư),Trường Yên Festival (Hoa Lư),2026,2026-04-26,Chủ Nhật,lunar,10/3,khong,bien-tap va tinh-toan,
le-hoi-truong-yen-2027,Lễ hội Trường Yên (Hoa Lư),Trường Yên Festival (Hoa Lư),2027,2027-04-16,thứ Sáu,lunar,10/3,khong,bien-tap va tinh-toan,
le-hoi-truong-yen-2028,Lễ hội Trường Yên (Hoa Lư),Trường Yên Festival (Hoa Lư),2028,2028-04-04,thứ Ba,lunar,10/3,khong,bien-tap va tinh-toan,
le-hoi-truong-yen-2029,Lễ hội Trường Yên (Hoa Lư),Trường Yên Festival (Hoa Lư),2029,2029-04-23,thứ Hai,lunar,10/3,khong,bien-tap va tinh-toan,
le-hoi-truong-yen-2030,Lễ hội Trường Yên (Hoa Lư),Trường Yên Festival (Hoa Lư),2030,2030-04-12,thứ Sáu,lunar,10/3,khong,bien-tap va tinh-toan,
le-hoi-truyen-thong-den-tran-thuong-2026,Lễ hội truyền thống đền Trần Thương,Tran Thuong Temple Festival,2026,2026-09-25,thứ Sáu,lunar,15/8,khong,bien-tap va tinh-toan,
le-hoi-truyen-thong-den-tran-thuong-2027,Lễ hội truyền thống đền Trần Thương,Tran Thuong Temple Festival,2027,2027-09-15,thứ Tư,lunar,15/8,khong,bien-tap va tinh-toan,
le-hoi-truyen-thong-den-tran-thuong-2028,Lễ hội truyền thống đền Trần Thương,Tran Thuong Temple Festival,2028,2028-10-03,thứ Ba,lunar,15/8,khong,bien-tap va tinh-toan,
le-hoi-truyen-thong-den-tran-thuong-2029,Lễ hội truyền thống đền Trần Thương,Tran Thuong Temple Festival,2029,2029-09-22,thứ Bảy,lunar,15/8,khong,bien-tap va tinh-toan,
le-hoi-truyen-thong-den-tran-thuong-2030,Lễ hội truyền thống đền Trần Thương,Tran Thuong Temple Festival,2030,2030-09-12,thứ Năm,lunar,15/8,khong,bien-tap va tinh-toan,
le-hoi-truyen-thong-van-don-2026,Lễ hội truyền thống Vân Đồn,Vân Đồn Traditional Festival,2026,2026-07-31,thứ Sáu,lunar,18/6,khong,bien-tap va tinh-toan,
le-hoi-truyen-thong-van-don-2027,Lễ hội truyền thống Vân Đồn,Vân Đồn Traditional Festival,2027,2027-07-21,thứ Tư,lunar,18/6,khong,bien-tap va tinh-toan,
le-hoi-truyen-thong-van-don-2028,Lễ hội truyền thống Vân Đồn,Vân Đồn Traditional Festival,2028,2028-08-08,thứ Ba,lunar,18/6,khong,bien-tap va tinh-toan,
le-hoi-truyen-thong-van-don-2029,Lễ hội truyền thống Vân Đồn,Vân Đồn Traditional Festival,2029,2029-07-28,thứ Bảy,lunar,18/6,khong,bien-tap va tinh-toan,
le-hoi-truyen-thong-van-don-2030,Lễ hội truyền thống Vân Đồn,Vân Đồn Traditional Festival,2030,2030-07-18,thứ Năm,lunar,18/6,khong,bien-tap va tinh-toan,
le-hoi-via-ba-chua-xu-nui-sam-2026,Lễ hội Vía Bà Chúa Xứ Núi Sam,"Bà Chúa Xứ Festival, Sam Mountain",2026,2026-06-08,thứ Hai,lunar,23/4,khong,bien-tap va tinh-toan,
le-hoi-via-ba-chua-xu-nui-sam-2027,Lễ hội Vía Bà Chúa Xứ Núi Sam,"Bà Chúa Xứ Festival, Sam Mountain",2027,2027-05-28,thứ Sáu,lunar,23/4,khong,bien-tap va tinh-toan,
le-hoi-via-ba-chua-xu-nui-sam-2028,Lễ hội Vía Bà Chúa Xứ Núi Sam,"Bà Chúa Xứ Festival, Sam Mountain",2028,2028-05-17,thứ Tư,lunar,23/4,khong,bien-tap va tinh-toan,
le-hoi-via-ba-chua-xu-nui-sam-2029,Lễ hội Vía Bà Chúa Xứ Núi Sam,"Bà Chúa Xứ Festival, Sam Mountain",2029,2029-06-04,thứ Hai,lunar,23/4,khong,bien-tap va tinh-toan,
le-hoi-via-ba-chua-xu-nui-sam-2030,Lễ hội Vía Bà Chúa Xứ Núi Sam,"Bà Chúa Xứ Festival, Sam Mountain",2030,2030-05-24,thứ Sáu,lunar,23/4,khong,bien-tap va tinh-toan,
le-hoi-yen-tu-2026,Lễ hội Yên Tử,Yên Tử Spring Festival,2026,2026-02-26,thứ Năm,lunar,10/1,khong,bien-tap va tinh-toan,
le-hoi-yen-tu-2027,Lễ hội Yên Tử,Yên Tử Spring Festival,2027,2027-02-15,thứ Hai,lunar,10/1,khong,bien-tap va tinh-toan,
le-hoi-yen-tu-2028,Lễ hội Yên Tử,Yên Tử Spring Festival,2028,2028-02-04,thứ Sáu,lunar,10/1,khong,bien-tap va tinh-toan,
le-hoi-yen-tu-2029,Lễ hội Yên Tử,Yên Tử Spring Festival,2029,2029-02-22,thứ Năm,lunar,10/1,khong,bien-tap va tinh-toan,
le-hoi-yen-tu-2030,Lễ hội Yên Tử,Yên Tử Spring Festival,2030,2030-02-11,thứ Hai,lunar,10/1,khong,bien-tap va tinh-toan,
le-khai-an-den-tran-2026,Lễ Khai ấn Đền Trần,Trần Temple Seal-Opening Ceremony,2026,2026-03-03,thứ Ba,lunar,15/1,khong,bien-tap va tinh-toan,
le-khai-an-den-tran-2027,Lễ Khai ấn Đền Trần,Trần Temple Seal-Opening Ceremony,2027,2027-02-20,thứ Bảy,lunar,15/1,khong,bien-tap va tinh-toan,
le-khai-an-den-tran-2028,Lễ Khai ấn Đền Trần,Trần Temple Seal-Opening Ceremony,2028,2028-02-09,thứ Tư,lunar,15/1,khong,bien-tap va tinh-toan,
le-khai-an-den-tran-2029,Lễ Khai ấn Đền Trần,Trần Temple Seal-Opening Ceremony,2029,2029-02-27,thứ Ba,lunar,15/1,khong,bien-tap va tinh-toan,
le-khai-an-den-tran-2030,Lễ Khai ấn Đền Trần,Trần Temple Seal-Opening Ceremony,2030,2030-02-16,thứ Bảy,lunar,15/1,khong,bien-tap va tinh-toan,
le-ky-yen-ha-dien-dinh-binh-thuy-2026,Lễ Kỳ yên Hạ điền đình Bình Thủy,Kỳ Yên Hạ Điền Festival at Bình Thủy Communal House,2026,2027-01-21,thứ Năm,lunar,14/12,khong,bien-tap va tinh-toan,
le-ky-yen-ha-dien-dinh-binh-thuy-2027,Lễ Kỳ yên Hạ điền đình Bình Thủy,Kỳ Yên Hạ Điền Festival at Bình Thủy Communal House,2027,2028-01-10,thứ Hai,lunar,14/12,khong,bien-tap va tinh-toan,
le-ky-yen-ha-dien-dinh-binh-thuy-2028,Lễ Kỳ yên Hạ điền đình Bình Thủy,Kỳ Yên Hạ Điền Festival at Bình Thủy Communal House,2028,2029-01-28,Chủ Nhật,lunar,14/12,khong,bien-tap va tinh-toan,
le-ky-yen-ha-dien-dinh-binh-thuy-2029,Lễ Kỳ yên Hạ điền đình Bình Thủy,Kỳ Yên Hạ Điền Festival at Bình Thủy Communal House,2029,2030-01-17,thứ Năm,lunar,14/12,khong,bien-tap va tinh-toan,
le-ky-yen-ha-dien-dinh-binh-thuy-2030,Lễ Kỳ yên Hạ điền đình Bình Thủy,Kỳ Yên Hạ Điền Festival at Bình Thủy Communal House,2030,2031-01-07,thứ Ba,lunar,14/12,khong,bien-tap va tinh-toan,
le-ky-yen-thuong-dien-dinh-binh-thuy-2026,Lễ Kỳ yên Thượng điền đình Bình Thủy,Kỳ Yên Thượng Điền Festival at Bình Thủy Communal House,2026,2026-05-31,Chủ Nhật,lunar,15/4,khong,bien-tap va tinh-toan,
le-ky-yen-thuong-dien-dinh-binh-thuy-2027,Lễ Kỳ yên Thượng điền đình Bình Thủy,Kỳ Yên Thượng Điền Festival at Bình Thủy Communal House,2027,2027-05-20,thứ Năm,lunar,15/4,khong,bien-tap va tinh-toan,
le-ky-yen-thuong-dien-dinh-binh-thuy-2028,Lễ Kỳ yên Thượng điền đình Bình Thủy,Kỳ Yên Thượng Điền Festival at Bình Thủy Communal House,2028,2028-05-09,thứ Ba,lunar,15/4,khong,bien-tap va tinh-toan,
le-ky-yen-thuong-dien-dinh-binh-thuy-2029,Lễ Kỳ yên Thượng điền đình Bình Thủy,Kỳ Yên Thượng Điền Festival at Bình Thủy Communal House,2029,2029-05-27,Chủ Nhật,lunar,15/4,khong,bien-tap va tinh-toan,
le-ky-yen-thuong-dien-dinh-binh-thuy-2030,Lễ Kỳ yên Thượng điền đình Bình Thủy,Kỳ Yên Thượng Điền Festival at Bình Thủy Communal House,2030,2030-05-16,thứ Năm,lunar,15/4,khong,bien-tap va tinh-toan,
le-phat-dan-2026,Lễ Phật Đản,"Phật Đản (Vesak, Buddha's Birthday)",2026,2026-05-31,Chủ Nhật,lunar,15/4,khong,bien-tap va tinh-toan,
le-phat-dan-2027,Lễ Phật Đản,"Phật Đản (Vesak, Buddha's Birthday)",2027,2027-05-20,thứ Năm,lunar,15/4,khong,bien-tap va tinh-toan,
le-phat-dan-2028,Lễ Phật Đản,"Phật Đản (Vesak, Buddha's Birthday)",2028,2028-05-09,thứ Ba,lunar,15/4,khong,bien-tap va tinh-toan,
le-phat-dan-2029,Lễ Phật Đản,"Phật Đản (Vesak, Buddha's Birthday)",2029,2029-05-27,Chủ Nhật,lunar,15/4,khong,bien-tap va tinh-toan,
le-phat-dan-2030,Lễ Phật Đản,"Phật Đản (Vesak, Buddha's Birthday)",2030,2030-05-16,thứ Năm,lunar,15/4,khong,bien-tap va tinh-toan,
le-that-tich-2026,Lễ Thất tịch,Qixi (Thất Tịch),2026,2026-08-19,thứ Tư,lunar,7/7,khong,bien-tap va tinh-toan,
le-that-tich-2027,Lễ Thất tịch,Qixi (Thất Tịch),2027,2027-08-08,Chủ Nhật,lunar,7/7,khong,bien-tap va tinh-toan,
le-that-tich-2028,Lễ Thất tịch,Qixi (Thất Tịch),2028,2028-08-26,thứ Bảy,lunar,7/7,khong,bien-tap va tinh-toan,
le-that-tich-2029,Lễ Thất tịch,Qixi (Thất Tịch),2029,2029-08-16,thứ Năm,lunar,7/7,khong,bien-tap va tinh-toan,
le-that-tich-2030,Lễ Thất tịch,Qixi (Thất Tịch),2030,2030-08-05,thứ Hai,lunar,7/7,khong,bien-tap va tinh-toan,
le-tuong-niem-phat-hoang-tran-nhan-tong-nhap-niet-ban-2026,Lễ tưởng niệm Phật hoàng Trần Nhân Tông nhập Niết bàn,Commemoration of Buddha-King Trần Nhân Tông's Nirvana,2026,2026-12-09,thứ Tư,lunar,1/11,khong,bien-tap va tinh-toan,
le-tuong-niem-phat-hoang-tran-nhan-tong-nhap-niet-ban-2027,Lễ tưởng niệm Phật hoàng Trần Nhân Tông nhập Niết bàn,Commemoration of Buddha-King Trần Nhân Tông's Nirvana,2027,2027-11-28,Chủ Nhật,lunar,1/11,khong,bien-tap va tinh-toan,
le-tuong-niem-phat-hoang-tran-nhan-tong-nhap-niet-ban-2028,Lễ tưởng niệm Phật hoàng Trần Nhân Tông nhập Niết bàn,Commemoration of Buddha-King Trần Nhân Tông's Nirvana,2028,2028-12-16,thứ Bảy,lunar,1/11,khong,bien-tap va tinh-toan,
le-tuong-niem-phat-hoang-tran-nhan-tong-nhap-niet-ban-2029,Lễ tưởng niệm Phật hoàng Trần Nhân Tông nhập Niết bàn,Commemoration of Buddha-King Trần Nhân Tông's Nirvana,2029,2029-12-05,thứ Tư,lunar,1/11,khong,bien-tap va tinh-toan,
le-tuong-niem-phat-hoang-tran-nhan-tong-nhap-niet-ban-2030,Lễ tưởng niệm Phật hoàng Trần Nhân Tông nhập Niết bàn,Commemoration of Buddha-King Trần Nhân Tông's Nirvana,2030,2030-11-25,thứ Hai,lunar,1/11,khong,bien-tap va tinh-toan,
le-via-ba-linh-son-thanh-mau-2026,Lễ vía Bà Linh Sơn Thánh Mẫu (núi Bà Đen),"Linh Sơn Holy Mother Festival, Bà Đen Mountain",2026,2026-06-19,thứ Sáu,lunar,5/5,khong,bien-tap va tinh-toan,
le-via-ba-linh-son-thanh-mau-2027,Lễ vía Bà Linh Sơn Thánh Mẫu (núi Bà Đen),"Linh Sơn Holy Mother Festival, Bà Đen Mountain",2027,2027-06-09,thứ Tư,lunar,5/5,khong,bien-tap va tinh-toan,
le-via-ba-linh-son-thanh-mau-2028,Lễ vía Bà Linh Sơn Thánh Mẫu (núi Bà Đen),"Linh Sơn Holy Mother Festival, Bà Đen Mountain",2028,2028-05-28,Chủ Nhật,lunar,5/5,khong,bien-tap va tinh-toan,
le-via-ba-linh-son-thanh-mau-2029,Lễ vía Bà Linh Sơn Thánh Mẫu (núi Bà Đen),"Linh Sơn Holy Mother Festival, Bà Đen Mountain",2029,2029-06-16,thứ Bảy,lunar,5/5,khong,bien-tap va tinh-toan,
le-via-ba-linh-son-thanh-mau-2030,Lễ vía Bà Linh Sơn Thánh Mẫu (núi Bà Đen),"Linh Sơn Holy Mother Festival, Bà Đen Mountain",2030,2030-06-05,thứ Tư,lunar,5/5,khong,bien-tap va tinh-toan,
le-via-duc-phat-a-di-da-2026,Lễ vía Đức Phật A Di Đà,Amitabha Buddha Day,2026,2026-12-25,thứ Sáu,lunar,17/11,khong,bien-tap va tinh-toan,
le-via-duc-phat-a-di-da-2027,Lễ vía Đức Phật A Di Đà,Amitabha Buddha Day,2027,2027-12-14,thứ Ba,lunar,17/11,khong,bien-tap va tinh-toan,
le-via-duc-phat-a-di-da-2028,Lễ vía Đức Phật A Di Đà,Amitabha Buddha Day,2028,2029-01-01,thứ Hai,lunar,17/11,khong,bien-tap va tinh-toan,
le-via-duc-phat-a-di-da-2029,Lễ vía Đức Phật A Di Đà,Amitabha Buddha Day,2029,2029-12-21,thứ Sáu,lunar,17/11,khong,bien-tap va tinh-toan,
le-via-duc-phat-a-di-da-2030,Lễ vía Đức Phật A Di Đà,Amitabha Buddha Day,2030,2030-12-11,thứ Tư,lunar,17/11,khong,bien-tap va tinh-toan,
le-vu-lan-2026,Lễ Vu Lan,Vu Lan Festival (Filial Piety Day),2026,2026-08-27,thứ Năm,lunar,15/7,khong,bien-tap va tinh-toan,
le-vu-lan-2027,Lễ Vu Lan,Vu Lan Festival (Filial Piety Day),2027,2027-08-16,thứ Hai,lunar,15/7,khong,bien-tap va tinh-toan,
le-vu-lan-2028,Lễ Vu Lan,Vu Lan Festival (Filial Piety Day),2028,2028-09-03,Chủ Nhật,lunar,15/7,khong,bien-tap va tinh-toan,
le-vu-lan-2029,Lễ Vu Lan,Vu Lan Festival (Filial Piety Day),2029,2029-08-24,thứ Sáu,lunar,15/7,khong,bien-tap va tinh-toan,
le-vu-lan-2030,Lễ Vu Lan,Vu Lan Festival (Filial Piety Day),2030,2030-08-13,thứ Ba,lunar,15/7,khong,bien-tap va tinh-toan,
ngay-bao-chi-cach-mang-viet-nam-2026,Ngày Báo chí Cách mạng Việt Nam,Vietnam Revolutionary Press Day,2026,2026-06-21,Chủ Nhật,solar,,khong,bien-tap va tinh-toan,
ngay-bao-chi-cach-mang-viet-nam-2027,Ngày Báo chí Cách mạng Việt Nam,Vietnam Revolutionary Press Day,2027,2027-06-21,thứ Hai,solar,,khong,bien-tap va tinh-toan,
ngay-bao-chi-cach-mang-viet-nam-2028,Ngày Báo chí Cách mạng Việt Nam,Vietnam Revolutionary Press Day,2028,2028-06-21,thứ Tư,solar,,khong,bien-tap va tinh-toan,
ngay-bao-chi-cach-mang-viet-nam-2029,Ngày Báo chí Cách mạng Việt Nam,Vietnam Revolutionary Press Day,2029,2029-06-21,thứ Năm,solar,,khong,bien-tap va tinh-toan,
ngay-bao-chi-cach-mang-viet-nam-2030,Ngày Báo chí Cách mạng Việt Nam,Vietnam Revolutionary Press Day,2030,2030-06-21,thứ Sáu,solar,,khong,bien-tap va tinh-toan,
ngay-cach-mang-thang-tam-2026,Ngày Cách mạng Tháng Tám,August Revolution Day,2026,2026-08-19,thứ Tư,solar,,khong,bien-tap va tinh-toan,
ngay-cach-mang-thang-tam-2027,Ngày Cách mạng Tháng Tám,August Revolution Day,2027,2027-08-19,thứ Năm,solar,,khong,bien-tap va tinh-toan,
ngay-cach-mang-thang-tam-2028,Ngày Cách mạng Tháng Tám,August Revolution Day,2028,2028-08-19,thứ Bảy,solar,,khong,bien-tap va tinh-toan,
ngay-cach-mang-thang-tam-2029,Ngày Cách mạng Tháng Tám,August Revolution Day,2029,2029-08-19,Chủ Nhật,solar,,khong,bien-tap va tinh-toan,
ngay-cach-mang-thang-tam-2030,Ngày Cách mạng Tháng Tám,August Revolution Day,2030,2030-08-19,thứ Hai,solar,,khong,bien-tap va tinh-toan,
ngay-chien-thang-dien-bien-phu-2026,Ngày Chiến thắng Điện Biên Phủ,Điện Biên Phủ Victory Day,2026,2026-05-07,thứ Năm,solar,,khong,bien-tap va tinh-toan,
ngay-chien-thang-dien-bien-phu-2027,Ngày Chiến thắng Điện Biên Phủ,Điện Biên Phủ Victory Day,2027,2027-05-07,thứ Sáu,solar,,khong,bien-tap va tinh-toan,
ngay-chien-thang-dien-bien-phu-2028,Ngày Chiến thắng Điện Biên Phủ,Điện Biên Phủ Victory Day,2028,2028-05-07,Chủ Nhật,solar,,khong,bien-tap va tinh-toan,
ngay-chien-thang-dien-bien-phu-2029,Ngày Chiến thắng Điện Biên Phủ,Điện Biên Phủ Victory Day,2029,2029-05-07,thứ Hai,solar,,khong,bien-tap va tinh-toan,
ngay-chien-thang-dien-bien-phu-2030,Ngày Chiến thắng Điện Biên Phủ,Điện Biên Phủ Victory Day,2030,2030-05-07,thứ Ba,solar,,khong,bien-tap va tinh-toan,
ngay-dan-so-viet-nam-2026,Ngày Dân số Việt Nam,Vietnam Population Day,2026,2026-12-26,thứ Bảy,solar,,khong,bien-tap va tinh-toan,
ngay-dan-so-viet-nam-2027,Ngày Dân số Việt Nam,Vietnam Population Day,2027,2027-12-26,Chủ Nhật,solar,,khong,bien-tap va tinh-toan,
ngay-dan-so-viet-nam-2028,Ngày Dân số Việt Nam,Vietnam Population Day,2028,2028-12-26,thứ Ba,solar,,khong,bien-tap va tinh-toan,
ngay-dan-so-viet-nam-2029,Ngày Dân số Việt Nam,Vietnam Population Day,2029,2029-12-26,thứ Tư,solar,,khong,bien-tap va tinh-toan,
ngay-dan-so-viet-nam-2030,Ngày Dân số Việt Nam,Vietnam Population Day,2030,2030-12-26,thứ Năm,solar,,khong,bien-tap va tinh-toan,
ngay-di-san-van-hoa-viet-nam-2026,Ngày Di sản văn hóa Việt Nam,Vietnam Cultural Heritage Day,2026,2026-11-23,thứ Hai,solar,,khong,bien-tap va tinh-toan,
ngay-di-san-van-hoa-viet-nam-2027,Ngày Di sản văn hóa Việt Nam,Vietnam Cultural Heritage Day,2027,2027-11-23,thứ Ba,solar,,khong,bien-tap va tinh-toan,
ngay-di-san-van-hoa-viet-nam-2028,Ngày Di sản văn hóa Việt Nam,Vietnam Cultural Heritage Day,2028,2028-11-23,thứ Năm,solar,,khong,bien-tap va tinh-toan,
ngay-di-san-van-hoa-viet-nam-2029,Ngày Di sản văn hóa Việt Nam,Vietnam Cultural Heritage Day,2029,2029-11-23,thứ Sáu,solar,,khong,bien-tap va tinh-toan,
ngay-di-san-van-hoa-viet-nam-2030,Ngày Di sản văn hóa Việt Nam,Vietnam Cultural Heritage Day,2030,2030-11-23,thứ Bảy,solar,,khong,bien-tap va tinh-toan,
ngay-doanh-nhan-viet-nam-2026,Ngày Doanh nhân Việt Nam,Vietnamese Entrepreneurs' Day,2026,2026-10-13,thứ Ba,solar,,khong,bien-tap va tinh-toan,
ngay-doanh-nhan-viet-nam-2027,Ngày Doanh nhân Việt Nam,Vietnamese Entrepreneurs' Day,2027,2027-10-13,thứ Tư,solar,,khong,bien-tap va tinh-toan,
ngay-doanh-nhan-viet-nam-2028,Ngày Doanh nhân Việt Nam,Vietnamese Entrepreneurs' Day,2028,2028-10-13,thứ Sáu,solar,,khong,bien-tap va tinh-toan,
ngay-doanh-nhan-viet-nam-2029,Ngày Doanh nhân Việt Nam,Vietnamese Entrepreneurs' Day,2029,2029-10-13,thứ Bảy,solar,,khong,bien-tap va tinh-toan,
ngay-doanh-nhan-viet-nam-2030,Ngày Doanh nhân Việt Nam,Vietnamese Entrepreneurs' Day,2030,2030-10-13,Chủ Nhật,solar,,khong,bien-tap va tinh-toan,
ngay-gia-dinh-viet-nam-2026,Ngày Gia đình Việt Nam,Vietnamese Family Day,2026,2026-06-28,Chủ Nhật,solar,,khong,bien-tap va tinh-toan,
ngay-gia-dinh-viet-nam-2027,Ngày Gia đình Việt Nam,Vietnamese Family Day,2027,2027-06-28,thứ Hai,solar,,khong,bien-tap va tinh-toan,
ngay-gia-dinh-viet-nam-2028,Ngày Gia đình Việt Nam,Vietnamese Family Day,2028,2028-06-28,thứ Tư,solar,,khong,bien-tap va tinh-toan,
ngay-gia-dinh-viet-nam-2029,Ngày Gia đình Việt Nam,Vietnamese Family Day,2029,2029-06-28,thứ Năm,solar,,khong,bien-tap va tinh-toan,
ngay-gia-dinh-viet-nam-2030,Ngày Gia đình Việt Nam,Vietnamese Family Day,2030,2030-06-28,thứ Sáu,solar,,khong,bien-tap va tinh-toan,
ngay-giai-phong-mien-nam-2026,"Ngày Giải phóng miền Nam, thống nhất đất nước",Reunification Day,2026,2026-04-30,thứ Năm,solar,,co,bien-tap va tinh-toan,
ngay-giai-phong-mien-nam-2027,"Ngày Giải phóng miền Nam, thống nhất đất nước",Reunification Day,2027,2027-04-30,thứ Sáu,solar,,co,bien-tap va tinh-toan,
ngay-giai-phong-mien-nam-2028,"Ngày Giải phóng miền Nam, thống nhất đất nước",Reunification Day,2028,2028-04-30,Chủ Nhật,solar,,co,bien-tap va tinh-toan,
ngay-giai-phong-mien-nam-2029,"Ngày Giải phóng miền Nam, thống nhất đất nước",Reunification Day,2029,2029-04-30,thứ Hai,solar,,co,bien-tap va tinh-toan,
ngay-giai-phong-mien-nam-2030,"Ngày Giải phóng miền Nam, thống nhất đất nước",Reunification Day,2030,2030-04-30,thứ Ba,solar,,co,bien-tap va tinh-toan,
ngay-giai-phong-thu-do-2026,Ngày Giải phóng Thủ đô,Capital Liberation Day,2026,2026-10-10,thứ Bảy,solar,,khong,bien-tap va tinh-toan,
ngay-giai-phong-thu-do-2027,Ngày Giải phóng Thủ đô,Capital Liberation Day,2027,2027-10-10,Chủ Nhật,solar,,khong,bien-tap va tinh-toan,
ngay-giai-phong-thu-do-2028,Ngày Giải phóng Thủ đô,Capital Liberation Day,2028,2028-10-10,thứ Ba,solar,,khong,bien-tap va tinh-toan,
ngay-giai-phong-thu-do-2029,Ngày Giải phóng Thủ đô,Capital Liberation Day,2029,2029-10-10,thứ Tư,solar,,khong,bien-tap va tinh-toan,
ngay-giai-phong-thu-do-2030,Ngày Giải phóng Thủ đô,Capital Liberation Day,2030,2030-10-10,thứ Năm,solar,,khong,bien-tap va tinh-toan,
ngay-hoi-dai-doan-ket-toan-dan-toc-2026,Ngày hội Đại đoàn kết toàn dân tộc,National Great Unity Day,2026,2026-11-18,thứ Tư,solar,,khong,bien-tap va tinh-toan,
ngay-hoi-dai-doan-ket-toan-dan-toc-2027,Ngày hội Đại đoàn kết toàn dân tộc,National Great Unity Day,2027,2027-11-18,thứ Năm,solar,,khong,bien-tap va tinh-toan,
ngay-hoi-dai-doan-ket-toan-dan-toc-2028,Ngày hội Đại đoàn kết toàn dân tộc,National Great Unity Day,2028,2028-11-18,thứ Bảy,solar,,khong,bien-tap va tinh-toan,
ngay-hoi-dai-doan-ket-toan-dan-toc-2029,Ngày hội Đại đoàn kết toàn dân tộc,National Great Unity Day,2029,2029-11-18,Chủ Nhật,solar,,khong,bien-tap va tinh-toan,
ngay-hoi-dai-doan-ket-toan-dan-toc-2030,Ngày hội Đại đoàn kết toàn dân tộc,National Great Unity Day,2030,2030-11-18,thứ Hai,solar,,khong,bien-tap va tinh-toan,
ngay-khuyen-hoc-viet-nam-2026,Ngày Khuyến học Việt Nam,Vietnam Learning Promotion Day,2026,2026-10-02,thứ Sáu,solar,,khong,bien-tap va tinh-toan,
ngay-khuyen-hoc-viet-nam-2027,Ngày Khuyến học Việt Nam,Vietnam Learning Promotion Day,2027,2027-10-02,thứ Bảy,solar,,khong,bien-tap va tinh-toan,
ngay-khuyen-hoc-viet-nam-2028,Ngày Khuyến học Việt Nam,Vietnam Learning Promotion Day,2028,2028-10-02,thứ Hai,solar,,khong,bien-tap va tinh-toan,
ngay-khuyen-hoc-viet-nam-2029,Ngày Khuyến học Việt Nam,Vietnam Learning Promotion Day,2029,2029-10-02,thứ Ba,solar,,khong,bien-tap va tinh-toan,
ngay-khuyen-hoc-viet-nam-2030,Ngày Khuyến học Việt Nam,Vietnam Learning Promotion Day,2030,2030-10-02,thứ Tư,solar,,khong,bien-tap va tinh-toan,
ngay-moi-truong-the-gioi-2026,Ngày Môi trường Thế giới,World Environment Day,2026,2026-06-05,thứ Sáu,solar,,khong,bien-tap va tinh-toan,
ngay-moi-truong-the-gioi-2027,Ngày Môi trường Thế giới,World Environment Day,2027,2027-06-05,thứ Bảy,solar,,khong,bien-tap va tinh-toan,
ngay-moi-truong-the-gioi-2028,Ngày Môi trường Thế giới,World Environment Day,2028,2028-06-05,thứ Hai,solar,,khong,bien-tap va tinh-toan,
ngay-moi-truong-the-gioi-2029,Ngày Môi trường Thế giới,World Environment Day,2029,2029-06-05,thứ Ba,solar,,khong,bien-tap va tinh-toan,
ngay-moi-truong-the-gioi-2030,Ngày Môi trường Thế giới,World Environment Day,2030,2030-06-05,thứ Tư,solar,,khong,bien-tap va tinh-toan,
ngay-nam-ky-khoi-nghia-2026,Ngày Nam Kỳ khởi nghĩa,Southern Uprising Day,2026,2026-11-23,thứ Hai,solar,,khong,bien-tap va tinh-toan,
ngay-nam-ky-khoi-nghia-2027,Ngày Nam Kỳ khởi nghĩa,Southern Uprising Day,2027,2027-11-23,thứ Ba,solar,,khong,bien-tap va tinh-toan,
ngay-nam-ky-khoi-nghia-2028,Ngày Nam Kỳ khởi nghĩa,Southern Uprising Day,2028,2028-11-23,thứ Năm,solar,,khong,bien-tap va tinh-toan,
ngay-nam-ky-khoi-nghia-2029,Ngày Nam Kỳ khởi nghĩa,Southern Uprising Day,2029,2029-11-23,thứ Sáu,solar,,khong,bien-tap va tinh-toan,
ngay-nam-ky-khoi-nghia-2030,Ngày Nam Kỳ khởi nghĩa,Southern Uprising Day,2030,2030-11-23,thứ Bảy,solar,,khong,bien-tap va tinh-toan,
ngay-nguoi-khuyet-tat-viet-nam-2026,Ngày Người khuyết tật Việt Nam,Vietnam Day for Persons with Disabilities,2026,2026-04-18,thứ Bảy,solar,,khong,bien-tap va tinh-toan,
ngay-nguoi-khuyet-tat-viet-nam-2027,Ngày Người khuyết tật Việt Nam,Vietnam Day for Persons with Disabilities,2027,2027-04-18,Chủ Nhật,solar,,khong,bien-tap va tinh-toan,
ngay-nguoi-khuyet-tat-viet-nam-2028,Ngày Người khuyết tật Việt Nam,Vietnam Day for Persons with Disabilities,2028,2028-04-18,thứ Ba,solar,,khong,bien-tap va tinh-toan,
ngay-nguoi-khuyet-tat-viet-nam-2029,Ngày Người khuyết tật Việt Nam,Vietnam Day for Persons with Disabilities,2029,2029-04-18,thứ Tư,solar,,khong,bien-tap va tinh-toan,
ngay-nguoi-khuyet-tat-viet-nam-2030,Ngày Người khuyết tật Việt Nam,Vietnam Day for Persons with Disabilities,2030,2030-04-18,thứ Năm,solar,,khong,bien-tap va tinh-toan,
ngay-nha-giao-viet-nam-2026,Ngày Nhà giáo Việt Nam,Vietnamese Teachers' Day,2026,2026-11-20,thứ Sáu,solar,,khong,bien-tap va tinh-toan,
ngay-nha-giao-viet-nam-2027,Ngày Nhà giáo Việt Nam,Vietnamese Teachers' Day,2027,2027-11-20,thứ Bảy,solar,,khong,bien-tap va tinh-toan,
ngay-nha-giao-viet-nam-2028,Ngày Nhà giáo Việt Nam,Vietnamese Teachers' Day,2028,2028-11-20,thứ Hai,solar,,khong,bien-tap va tinh-toan,
ngay-nha-giao-viet-nam-2029,Ngày Nhà giáo Việt Nam,Vietnamese Teachers' Day,2029,2029-11-20,thứ Ba,solar,,khong,bien-tap va tinh-toan,
ngay-nha-giao-viet-nam-2030,Ngày Nhà giáo Việt Nam,Vietnamese Teachers' Day,2030,2030-11-20,thứ Tư,solar,,khong,bien-tap va tinh-toan,
ngay-phap-luat-viet-nam-2026,Ngày Pháp luật Việt Nam,Vietnam Law Day,2026,2026-11-09,thứ Hai,solar,,khong,bien-tap va tinh-toan,
ngay-phap-luat-viet-nam-2027,Ngày Pháp luật Việt Nam,Vietnam Law Day,2027,2027-11-09,thứ Ba,solar,,khong,bien-tap va tinh-toan,
ngay-phap-luat-viet-nam-2028,Ngày Pháp luật Việt Nam,Vietnam Law Day,2028,2028-11-09,thứ Năm,solar,,khong,bien-tap va tinh-toan,
ngay-phap-luat-viet-nam-2029,Ngày Pháp luật Việt Nam,Vietnam Law Day,2029,2029-11-09,thứ Sáu,solar,,khong,bien-tap va tinh-toan,
ngay-phap-luat-viet-nam-2030,Ngày Pháp luật Việt Nam,Vietnam Law Day,2030,2030-11-09,thứ Bảy,solar,,khong,bien-tap va tinh-toan,
ngay-phu-nu-viet-nam-2026,Ngày Phụ nữ Việt Nam,Vietnamese Women's Day,2026,2026-10-20,thứ Ba,solar,,khong,bien-tap va tinh-toan,
ngay-phu-nu-viet-nam-2027,Ngày Phụ nữ Việt Nam,Vietnamese Women's Day,2027,2027-10-20,thứ Tư,solar,,khong,bien-tap va tinh-toan,
ngay-phu-nu-viet-nam-2028,Ngày Phụ nữ Việt Nam,Vietnamese Women's Day,2028,2028-10-20,thứ Sáu,solar,,khong,bien-tap va tinh-toan,
ngay-phu-nu-viet-nam-2029,Ngày Phụ nữ Việt Nam,Vietnamese Women's Day,2029,2029-10-20,thứ Bảy,solar,,khong,bien-tap va tinh-toan,
ngay-phu-nu-viet-nam-2030,Ngày Phụ nữ Việt Nam,Vietnamese Women's Day,2030,2030-10-20,Chủ Nhật,solar,,khong,bien-tap va tinh-toan,
ngay-quoc-te-nguoi-cao-tuoi-2026,Ngày Quốc tế Người cao tuổi,International Day of Older Persons,2026,2026-10-01,thứ Năm,solar,,khong,bien-tap va tinh-toan,
ngay-quoc-te-nguoi-cao-tuoi-2027,Ngày Quốc tế Người cao tuổi,International Day of Older Persons,2027,2027-10-01,thứ Sáu,solar,,khong,bien-tap va tinh-toan,
ngay-quoc-te-nguoi-cao-tuoi-2028,Ngày Quốc tế Người cao tuổi,International Day of Older Persons,2028,2028-10-01,Chủ Nhật,solar,,khong,bien-tap va tinh-toan,
ngay-quoc-te-nguoi-cao-tuoi-2029,Ngày Quốc tế Người cao tuổi,International Day of Older Persons,2029,2029-10-01,thứ Hai,solar,,khong,bien-tap va tinh-toan,
ngay-quoc-te-nguoi-cao-tuoi-2030,Ngày Quốc tế Người cao tuổi,International Day of Older Persons,2030,2030-10-01,thứ Ba,solar,,khong,bien-tap va tinh-toan,
ngay-quoc-te-phu-nu-2026,Ngày Quốc tế Phụ nữ,International Women's Day,2026,2026-03-08,Chủ Nhật,solar,,khong,bien-tap va tinh-toan,
ngay-quoc-te-phu-nu-2027,Ngày Quốc tế Phụ nữ,International Women's Day,2027,2027-03-08,thứ Hai,solar,,khong,bien-tap va tinh-toan,
ngay-quoc-te-phu-nu-2028,Ngày Quốc tế Phụ nữ,International Women's Day,2028,2028-03-08,thứ Tư,solar,,khong,bien-tap va tinh-toan,
ngay-quoc-te-phu-nu-2029,Ngày Quốc tế Phụ nữ,International Women's Day,2029,2029-03-08,thứ Năm,solar,,khong,bien-tap va tinh-toan,
ngay-quoc-te-phu-nu-2030,Ngày Quốc tế Phụ nữ,International Women's Day,2030,2030-03-08,thứ Sáu,solar,,khong,bien-tap va tinh-toan,
ngay-quoc-te-thieu-nhi-2026,Ngày Quốc tế Thiếu nhi,International Children's Day,2026,2026-06-01,thứ Hai,solar,,khong,bien-tap va tinh-toan,
ngay-quoc-te-thieu-nhi-2027,Ngày Quốc tế Thiếu nhi,International Children's Day,2027,2027-06-01,thứ Ba,solar,,khong,bien-tap va tinh-toan,
ngay-quoc-te-thieu-nhi-2028,Ngày Quốc tế Thiếu nhi,International Children's Day,2028,2028-06-01,thứ Năm,solar,,khong,bien-tap va tinh-toan,
ngay-quoc-te-thieu-nhi-2029,Ngày Quốc tế Thiếu nhi,International Children's Day,2029,2029-06-01,thứ Sáu,solar,,khong,bien-tap va tinh-toan,
ngay-quoc-te-thieu-nhi-2030,Ngày Quốc tế Thiếu nhi,International Children's Day,2030,2030-06-01,thứ Bảy,solar,,khong,bien-tap va tinh-toan,
ngay-sach-va-van-hoa-doc-viet-nam-2026,Ngày Sách và Văn hóa đọc Việt Nam,Vietnam Book and Reading Culture Day,2026,2026-04-21,thứ Ba,solar,,khong,bien-tap va tinh-toan,
ngay-sach-va-van-hoa-doc-viet-nam-2027,Ngày Sách và Văn hóa đọc Việt Nam,Vietnam Book and Reading Culture Day,2027,2027-04-21,thứ Tư,solar,,khong,bien-tap va tinh-toan,
ngay-sach-va-van-hoa-doc-viet-nam-2028,Ngày Sách và Văn hóa đọc Việt Nam,Vietnam Book and Reading Culture Day,2028,2028-04-21,thứ Sáu,solar,,khong,bien-tap va tinh-toan,
ngay-sach-va-van-hoa-doc-viet-nam-2029,Ngày Sách và Văn hóa đọc Việt Nam,Vietnam Book and Reading Culture Day,2029,2029-04-21,thứ Bảy,solar,,khong,bien-tap va tinh-toan,
ngay-sach-va-van-hoa-doc-viet-nam-2030,Ngày Sách và Văn hóa đọc Việt Nam,Vietnam Book and Reading Culture Day,2030,2030-04-21,Chủ Nhật,solar,,khong,bien-tap va tinh-toan,
ngay-san-khau-viet-nam-va-le-gio-to-san-khau-2026,Ngày Sân khấu Việt Nam và lễ Giỗ Tổ sân khấu,Vietnamese Theatre Day and Theatre Ancestors' Commemoration,2026,2026-09-22,thứ Ba,lunar,12/8,khong,bien-tap va tinh-toan,
ngay-san-khau-viet-nam-va-le-gio-to-san-khau-2027,Ngày Sân khấu Việt Nam và lễ Giỗ Tổ sân khấu,Vietnamese Theatre Day and Theatre Ancestors' Commemoration,2027,2027-09-12,Chủ Nhật,lunar,12/8,khong,bien-tap va tinh-toan,
ngay-san-khau-viet-nam-va-le-gio-to-san-khau-2028,Ngày Sân khấu Việt Nam và lễ Giỗ Tổ sân khấu,Vietnamese Theatre Day and Theatre Ancestors' Commemoration,2028,2028-09-30,thứ Bảy,lunar,12/8,khong,bien-tap va tinh-toan,
ngay-san-khau-viet-nam-va-le-gio-to-san-khau-2029,Ngày Sân khấu Việt Nam và lễ Giỗ Tổ sân khấu,Vietnamese Theatre Day and Theatre Ancestors' Commemoration,2029,2029-09-19,thứ Tư,lunar,12/8,khong,bien-tap va tinh-toan,
ngay-san-khau-viet-nam-va-le-gio-to-san-khau-2030,Ngày Sân khấu Việt Nam và lễ Giỗ Tổ sân khấu,Vietnamese Theatre Day and Theatre Ancestors' Commemoration,2030,2030-09-09,thứ Hai,lunar,12/8,khong,bien-tap va tinh-toan,
ngay-sinh-chu-tich-ho-chi-minh-2026,Ngày sinh Chủ tịch Hồ Chí Minh,Ho Chi Minh's Birthday,2026,2026-05-19,thứ Ba,solar,,khong,bien-tap va tinh-toan,
ngay-sinh-chu-tich-ho-chi-minh-2027,Ngày sinh Chủ tịch Hồ Chí Minh,Ho Chi Minh's Birthday,2027,2027-05-19,thứ Tư,solar,,khong,bien-tap va tinh-toan,
ngay-sinh-chu-tich-ho-chi-minh-2028,Ngày sinh Chủ tịch Hồ Chí Minh,Ho Chi Minh's Birthday,2028,2028-05-19,thứ Sáu,solar,,khong,bien-tap va tinh-toan,
ngay-sinh-chu-tich-ho-chi-minh-2029,Ngày sinh Chủ tịch Hồ Chí Minh,Ho Chi Minh's Birthday,2029,2029-05-19,thứ Bảy,solar,,khong,bien-tap va tinh-toan,
ngay-sinh-chu-tich-ho-chi-minh-2030,Ngày sinh Chủ tịch Hồ Chí Minh,Ho Chi Minh's Birthday,2030,2030-05-19,Chủ Nhật,solar,,khong,bien-tap va tinh-toan,
ngay-thanh-lap-dang-cong-san-viet-nam-2026,Ngày thành lập Đảng Cộng sản Việt Nam,Founding Anniversary of the Communist Party of Vietnam,2026,2026-02-03,thứ Ba,solar,,khong,bien-tap va tinh-toan,
ngay-thanh-lap-dang-cong-san-viet-nam-2027,Ngày thành lập Đảng Cộng sản Việt Nam,Founding Anniversary of the Communist Party of Vietnam,2027,2027-02-03,thứ Tư,solar,,khong,bien-tap va tinh-toan,
ngay-thanh-lap-dang-cong-san-viet-nam-2028,Ngày thành lập Đảng Cộng sản Việt Nam,Founding Anniversary of the Communist Party of Vietnam,2028,2028-02-03,thứ Năm,solar,,khong,bien-tap va tinh-toan,
ngay-thanh-lap-dang-cong-san-viet-nam-2029,Ngày thành lập Đảng Cộng sản Việt Nam,Founding Anniversary of the Communist Party of Vietnam,2029,2029-02-03,thứ Bảy,solar,,khong,bien-tap va tinh-toan,
ngay-thanh-lap-dang-cong-san-viet-nam-2030,Ngày thành lập Đảng Cộng sản Việt Nam,Founding Anniversary of the Communist Party of Vietnam,2030,2030-02-03,Chủ Nhật,solar,,khong,bien-tap va tinh-toan,
ngay-thanh-lap-doan-tncs-ho-chi-minh-2026,Ngày thành lập Đoàn TNCS Hồ Chí Minh,Ho Chi Minh Communist Youth Union Founding Day,2026,2026-03-26,thứ Năm,solar,,khong,bien-tap va tinh-toan,
ngay-thanh-lap-doan-tncs-ho-chi-minh-2027,Ngày thành lập Đoàn TNCS Hồ Chí Minh,Ho Chi Minh Communist Youth Union Founding Day,2027,2027-03-26,thứ Sáu,solar,,khong,bien-tap va tinh-toan,
ngay-thanh-lap-doan-tncs-ho-chi-minh-2028,Ngày thành lập Đoàn TNCS Hồ Chí Minh,Ho Chi Minh Communist Youth Union Founding Day,2028,2028-03-26,Chủ Nhật,solar,,khong,bien-tap va tinh-toan,
ngay-thanh-lap-doan-tncs-ho-chi-minh-2029,Ngày thành lập Đoàn TNCS Hồ Chí Minh,Ho Chi Minh Communist Youth Union Founding Day,2029,2029-03-26,thứ Hai,solar,,khong,bien-tap va tinh-toan,
ngay-thanh-lap-doan-tncs-ho-chi-minh-2030,Ngày thành lập Đoàn TNCS Hồ Chí Minh,Ho Chi Minh Communist Youth Union Founding Day,2030,2030-03-26,thứ Ba,solar,,khong,bien-tap va tinh-toan,
ngay-thanh-lap-quan-doi-nhan-dan-viet-nam-2026,Ngày thành lập Quân đội Nhân dân Việt Nam,Vietnam People's Army Founding Day,2026,2026-12-22,thứ Ba,solar,,khong,bien-tap va tinh-toan,
ngay-thanh-lap-quan-doi-nhan-dan-viet-nam-2027,Ngày thành lập Quân đội Nhân dân Việt Nam,Vietnam People's Army Founding Day,2027,2027-12-22,thứ Tư,solar,,khong,bien-tap va tinh-toan,
ngay-thanh-lap-quan-doi-nhan-dan-viet-nam-2028,Ngày thành lập Quân đội Nhân dân Việt Nam,Vietnam People's Army Founding Day,2028,2028-12-22,thứ Sáu,solar,,khong,bien-tap va tinh-toan,
ngay-thanh-lap-quan-doi-nhan-dan-viet-nam-2029,Ngày thành lập Quân đội Nhân dân Việt Nam,Vietnam People's Army Founding Day,2029,2029-12-22,thứ Bảy,solar,,khong,bien-tap va tinh-toan,
ngay-thanh-lap-quan-doi-nhan-dan-viet-nam-2030,Ngày thành lập Quân đội Nhân dân Việt Nam,Vietnam People's Army Founding Day,2030,2030-12-22,Chủ Nhật,solar,,khong,bien-tap va tinh-toan,
ngay-thay-thuoc-viet-nam-2026,Ngày Thầy thuốc Việt Nam,Vietnamese Physicians' Day,2026,2026-02-27,thứ Sáu,solar,,khong,bien-tap va tinh-toan,
ngay-thay-thuoc-viet-nam-2027,Ngày Thầy thuốc Việt Nam,Vietnamese Physicians' Day,2027,2027-02-27,thứ Bảy,solar,,khong,bien-tap va tinh-toan,
ngay-thay-thuoc-viet-nam-2028,Ngày Thầy thuốc Việt Nam,Vietnamese Physicians' Day,2028,2028-02-27,Chủ Nhật,solar,,khong,bien-tap va tinh-toan,
ngay-thay-thuoc-viet-nam-2029,Ngày Thầy thuốc Việt Nam,Vietnamese Physicians' Day,2029,2029-02-27,thứ Ba,solar,,khong,bien-tap va tinh-toan,
ngay-thay-thuoc-viet-nam-2030,Ngày Thầy thuốc Việt Nam,Vietnamese Physicians' Day,2030,2030-02-27,thứ Tư,solar,,khong,bien-tap va tinh-toan,
ngay-thuong-binh-liet-si-2026,Ngày Thương binh Liệt sĩ,War Invalids and Martyrs' Day,2026,2026-07-27,thứ Hai,solar,,khong,bien-tap va tinh-toan,
ngay-thuong-binh-liet-si-2027,Ngày Thương binh Liệt sĩ,War Invalids and Martyrs' Day,2027,2027-07-27,thứ Ba,solar,,khong,bien-tap va tinh-toan,
ngay-thuong-binh-liet-si-2028,Ngày Thương binh Liệt sĩ,War Invalids and Martyrs' Day,2028,2028-07-27,thứ Năm,solar,,khong,bien-tap va tinh-toan,
ngay-thuong-binh-liet-si-2029,Ngày Thương binh Liệt sĩ,War Invalids and Martyrs' Day,2029,2029-07-27,thứ Sáu,solar,,khong,bien-tap va tinh-toan,
ngay-thuong-binh-liet-si-2030,Ngày Thương binh Liệt sĩ,War Invalids and Martyrs' Day,2030,2030-07-27,thứ Bảy,solar,,khong,bien-tap va tinh-toan,
ngay-toan-quoc-khang-chien-2026,Ngày Toàn quốc kháng chiến,National Resistance Day,2026,2026-12-19,thứ Bảy,solar,,khong,bien-tap va tinh-toan,
ngay-toan-quoc-khang-chien-2027,Ngày Toàn quốc kháng chiến,National Resistance Day,2027,2027-12-19,Chủ Nhật,solar,,khong,bien-tap va tinh-toan,
ngay-toan-quoc-khang-chien-2028,Ngày Toàn quốc kháng chiến,National Resistance Day,2028,2028-12-19,thứ Ba,solar,,khong,bien-tap va tinh-toan,
ngay-toan-quoc-khang-chien-2029,Ngày Toàn quốc kháng chiến,National Resistance Day,2029,2029-12-19,thứ Tư,solar,,khong,bien-tap va tinh-toan,
ngay-toan-quoc-khang-chien-2030,Ngày Toàn quốc kháng chiến,National Resistance Day,2030,2030-12-19,thứ Năm,solar,,khong,bien-tap va tinh-toan,
ngay-van-hoa-viet-nam-2026,Ngày Văn hóa Việt Nam,Vietnam Culture Day,2026,2026-11-24,thứ Ba,solar,,co,bien-tap va tinh-toan,
ngay-van-hoa-viet-nam-2027,Ngày Văn hóa Việt Nam,Vietnam Culture Day,2027,2027-11-24,thứ Tư,solar,,co,bien-tap va tinh-toan,
ngay-van-hoa-viet-nam-2028,Ngày Văn hóa Việt Nam,Vietnam Culture Day,2028,2028-11-24,thứ Sáu,solar,,co,bien-tap va tinh-toan,
ngay-van-hoa-viet-nam-2029,Ngày Văn hóa Việt Nam,Vietnam Culture Day,2029,2029-11-24,thứ Bảy,solar,,co,bien-tap va tinh-toan,
ngay-van-hoa-viet-nam-2030,Ngày Văn hóa Việt Nam,Vietnam Culture Day,2030,2030-11-24,Chủ Nhật,solar,,co,bien-tap va tinh-toan,
quoc-khanh-2026,Quốc khánh,National Day,2026,2026-09-02,thứ Tư,solar,,co,bien-tap va tinh-toan,
quoc-khanh-2027,Quốc khánh,National Day,2027,2027-09-02,thứ Năm,solar,,co,bien-tap va tinh-toan,
quoc-khanh-2028,Quốc khánh,National Day,2028,2028-09-02,thứ Bảy,solar,,co,bien-tap va tinh-toan,
quoc-khanh-2029,Quốc khánh,National Day,2029,2029-09-02,Chủ Nhật,solar,,co,bien-tap va tinh-toan,
quoc-khanh-2030,Quốc khánh,National Day,2030,2030-09-02,thứ Hai,solar,,co,bien-tap va tinh-toan,
quoc-te-lao-dong-2026,Ngày Quốc tế Lao động,International Labor Day,2026,2026-05-01,thứ Sáu,solar,,co,bien-tap va tinh-toan,
quoc-te-lao-dong-2027,Ngày Quốc tế Lao động,International Labor Day,2027,2027-05-01,thứ Bảy,solar,,co,bien-tap va tinh-toan,
quoc-te-lao-dong-2028,Ngày Quốc tế Lao động,International Labor Day,2028,2028-05-01,thứ Hai,solar,,co,bien-tap va tinh-toan,
quoc-te-lao-dong-2029,Ngày Quốc tế Lao động,International Labor Day,2029,2029-05-01,thứ Ba,solar,,co,bien-tap va tinh-toan,
quoc-te-lao-dong-2030,Ngày Quốc tế Lao động,International Labor Day,2030,2030-05-01,thứ Tư,solar,,co,bien-tap va tinh-toan,
ram-thang-gieng-2026,Rằm tháng Giêng (Tết Nguyên Tiêu),First Full Moon Festival (Tết Nguyên Tiêu),2026,2026-03-03,thứ Ba,lunar,15/1,khong,bien-tap va tinh-toan,
ram-thang-gieng-2027,Rằm tháng Giêng (Tết Nguyên Tiêu),First Full Moon Festival (Tết Nguyên Tiêu),2027,2027-02-20,thứ Bảy,lunar,15/1,khong,bien-tap va tinh-toan,
ram-thang-gieng-2028,Rằm tháng Giêng (Tết Nguyên Tiêu),First Full Moon Festival (Tết Nguyên Tiêu),2028,2028-02-09,thứ Tư,lunar,15/1,khong,bien-tap va tinh-toan,
ram-thang-gieng-2029,Rằm tháng Giêng (Tết Nguyên Tiêu),First Full Moon Festival (Tết Nguyên Tiêu),2029,2029-02-27,thứ Ba,lunar,15/1,khong,bien-tap va tinh-toan,
ram-thang-gieng-2030,Rằm tháng Giêng (Tết Nguyên Tiêu),First Full Moon Festival (Tết Nguyên Tiêu),2030,2030-02-16,thứ Bảy,lunar,15/1,khong,bien-tap va tinh-toan,
tet-chol-chnam-thmay-2026,Tết Chôl Chnăm Thmây,Chôl Chnăm Thmây (Khmer New Year),2026,2026-04-14,thứ Ba,solar,,khong,bien-tap va tinh-toan,
tet-chol-chnam-thmay-2027,Tết Chôl Chnăm Thmây,Chôl Chnăm Thmây (Khmer New Year),2027,2027-04-14,thứ Tư,solar,,khong,bien-tap va tinh-toan,
tet-chol-chnam-thmay-2028,Tết Chôl Chnăm Thmây,Chôl Chnăm Thmây (Khmer New Year),2028,2028-04-14,thứ Sáu,solar,,khong,bien-tap va tinh-toan,
tet-chol-chnam-thmay-2029,Tết Chôl Chnăm Thmây,Chôl Chnăm Thmây (Khmer New Year),2029,2029-04-14,thứ Bảy,solar,,khong,bien-tap va tinh-toan,
tet-chol-chnam-thmay-2030,Tết Chôl Chnăm Thmây,Chôl Chnăm Thmây (Khmer New Year),2030,2030-04-14,Chủ Nhật,solar,,khong,bien-tap va tinh-toan,
tet-com-moi-cua-nguoi-muong-2026,Tết cơm mới của người Mường,Muong New Rice Festival,2026,2026-11-18,thứ Tư,lunar,10/10,khong,bien-tap va tinh-toan,
tet-com-moi-cua-nguoi-muong-2027,Tết cơm mới của người Mường,Muong New Rice Festival,2027,2027-11-07,Chủ Nhật,lunar,10/10,khong,bien-tap va tinh-toan,
tet-com-moi-cua-nguoi-muong-2028,Tết cơm mới của người Mường,Muong New Rice Festival,2028,2028-11-25,thứ Bảy,lunar,10/10,khong,bien-tap va tinh-toan,
tet-com-moi-cua-nguoi-muong-2029,Tết cơm mới của người Mường,Muong New Rice Festival,2029,2029-11-15,thứ Năm,lunar,10/10,khong,bien-tap va tinh-toan,
tet-com-moi-cua-nguoi-muong-2030,Tết cơm mới của người Mường,Muong New Rice Festival,2030,2030-11-05,thứ Ba,lunar,10/10,khong,bien-tap va tinh-toan,
tet-com-moi-cua-nguoi-tay-2026,Tết cơm mới của người Tày,Tay New Rice Festival (10th day of the 10th lunar month),2026,2026-11-18,thứ Tư,lunar,10/10,khong,bien-tap va tinh-toan,
tet-com-moi-cua-nguoi-tay-2027,Tết cơm mới của người Tày,Tay New Rice Festival (10th day of the 10th lunar month),2027,2027-11-07,Chủ Nhật,lunar,10/10,khong,bien-tap va tinh-toan,
tet-com-moi-cua-nguoi-tay-2028,Tết cơm mới của người Tày,Tay New Rice Festival (10th day of the 10th lunar month),2028,2028-11-25,thứ Bảy,lunar,10/10,khong,bien-tap va tinh-toan,
tet-com-moi-cua-nguoi-tay-2029,Tết cơm mới của người Tày,Tay New Rice Festival (10th day of the 10th lunar month),2029,2029-11-15,thứ Năm,lunar,10/10,khong,bien-tap va tinh-toan,
tet-com-moi-cua-nguoi-tay-2030,Tết cơm mới của người Tày,Tay New Rice Festival (10th day of the 10th lunar month),2030,2030-11-05,thứ Ba,lunar,10/10,khong,bien-tap va tinh-toan,
tet-doan-ngo-2026,Tết Đoan Ngọ,"Doan Ngo Festival (""Killing Summer Insects"" Day)",2026,2026-06-19,thứ Sáu,lunar,5/5,khong,bien-tap va tinh-toan,
tet-doan-ngo-2027,Tết Đoan Ngọ,"Doan Ngo Festival (""Killing Summer Insects"" Day)",2027,2027-06-09,thứ Tư,lunar,5/5,khong,bien-tap va tinh-toan,
tet-doan-ngo-2028,Tết Đoan Ngọ,"Doan Ngo Festival (""Killing Summer Insects"" Day)",2028,2028-05-28,Chủ Nhật,lunar,5/5,khong,bien-tap va tinh-toan,
tet-doan-ngo-2029,Tết Đoan Ngọ,"Doan Ngo Festival (""Killing Summer Insects"" Day)",2029,2029-06-16,thứ Bảy,lunar,5/5,khong,bien-tap va tinh-toan,
tet-doan-ngo-2030,Tết Đoan Ngọ,"Doan Ngo Festival (""Killing Summer Insects"" Day)",2030,2030-06-05,thứ Tư,lunar,5/5,khong,bien-tap va tinh-toan,
tet-duong-lich-2026,Tết Dương Lịch,New Year's Day,2026,2026-01-01,thứ Năm,solar,,co,bien-tap va tinh-toan,
tet-duong-lich-2027,Tết Dương Lịch,New Year's Day,2027,2027-01-01,thứ Sáu,solar,,co,bien-tap va tinh-toan,
tet-duong-lich-2028,Tết Dương Lịch,New Year's Day,2028,2028-01-01,thứ Bảy,solar,,co,bien-tap va tinh-toan,
tet-duong-lich-2029,Tết Dương Lịch,New Year's Day,2029,2029-01-01,thứ Hai,solar,,co,bien-tap va tinh-toan,
tet-duong-lich-2030,Tết Dương Lịch,New Year's Day,2030,2030-01-01,thứ Ba,solar,,co,bien-tap va tinh-toan,
tet-ha-nguyen-2026,Tết Hạ Nguyên,"Ha Nguyen Festival (Lower Primordial, 15th of 10th lunar month)",2026,2026-11-23,thứ Hai,lunar,15/10,khong,bien-tap va tinh-toan,
tet-ha-nguyen-2027,Tết Hạ Nguyên,"Ha Nguyen Festival (Lower Primordial, 15th of 10th lunar month)",2027,2027-11-12,thứ Sáu,lunar,15/10,khong,bien-tap va tinh-toan,
tet-ha-nguyen-2028,Tết Hạ Nguyên,"Ha Nguyen Festival (Lower Primordial, 15th of 10th lunar month)",2028,2028-11-30,thứ Năm,lunar,15/10,khong,bien-tap va tinh-toan,
tet-ha-nguyen-2029,Tết Hạ Nguyên,"Ha Nguyen Festival (Lower Primordial, 15th of 10th lunar month)",2029,2029-11-20,thứ Ba,lunar,15/10,khong,bien-tap va tinh-toan,
tet-ha-nguyen-2030,Tết Hạ Nguyên,"Ha Nguyen Festival (Lower Primordial, 15th of 10th lunar month)",2030,2030-11-10,Chủ Nhật,lunar,15/10,khong,bien-tap va tinh-toan,
tet-han-thuc-2026,Tết Hàn Thực,Cold Food Festival (Tết Hàn Thực),2026,2026-04-19,Chủ Nhật,lunar,3/3,khong,bien-tap va tinh-toan,
tet-han-thuc-2027,Tết Hàn Thực,Cold Food Festival (Tết Hàn Thực),2027,2027-04-09,thứ Sáu,lunar,3/3,khong,bien-tap va tinh-toan,
tet-han-thuc-2028,Tết Hàn Thực,Cold Food Festival (Tết Hàn Thực),2028,2028-03-28,thứ Ba,lunar,3/3,khong,bien-tap va tinh-toan,
tet-han-thuc-2029,Tết Hàn Thực,Cold Food Festival (Tết Hàn Thực),2029,2029-04-16,thứ Hai,lunar,3/3,khong,bien-tap va tinh-toan,
tet-han-thuc-2030,Tết Hàn Thực,Cold Food Festival (Tết Hàn Thực),2030,2030-04-05,thứ Sáu,lunar,3/3,khong,bien-tap va tinh-toan,
tet-nguyen-dan-2026,Tết Nguyên Đán,Lunar New Year (Tết),2026,2026-02-17,thứ Ba,lunar,1/1,co,bien-tap va tinh-toan,
tet-nguyen-dan-2027,Tết Nguyên Đán,Lunar New Year (Tết),2027,2027-02-06,thứ Bảy,lunar,1/1,co,bien-tap va tinh-toan,
tet-nguyen-dan-2028,Tết Nguyên Đán,Lunar New Year (Tết),2028,2028-01-26,thứ Tư,lunar,1/1,co,bien-tap va tinh-toan,
tet-nguyen-dan-2029,Tết Nguyên Đán,Lunar New Year (Tết),2029,2029-02-13,thứ Ba,lunar,1/1,co,bien-tap va tinh-toan,
tet-nguyen-dan-2030,Tết Nguyên Đán,Lunar New Year (Tết),2030,2030-02-02,thứ Bảy,lunar,1/1,co,bien-tap va tinh-toan,
tet-ong-cong-ong-tao-2026,Tết ông Công ông Táo,Kitchen God Send-off Day,2026,2027-01-30,thứ Bảy,lunar,23/12,khong,bien-tap va tinh-toan,
tet-ong-cong-ong-tao-2027,Tết ông Công ông Táo,Kitchen God Send-off Day,2027,2028-01-19,thứ Tư,lunar,23/12,khong,bien-tap va tinh-toan,
tet-ong-cong-ong-tao-2028,Tết ông Công ông Táo,Kitchen God Send-off Day,2028,2029-02-06,thứ Ba,lunar,23/12,khong,bien-tap va tinh-toan,
tet-ong-cong-ong-tao-2029,Tết ông Công ông Táo,Kitchen God Send-off Day,2029,2030-01-26,thứ Bảy,lunar,23/12,khong,bien-tap va tinh-toan,
tet-ong-cong-ong-tao-2030,Tết ông Công ông Táo,Kitchen God Send-off Day,2030,2031-01-16,thứ Năm,lunar,23/12,khong,bien-tap va tinh-toan,
tet-trung-cuu-2026,Tết Trùng Cửu (Trùng Dương),Double Ninth Festival (Tết Trùng Cửu),2026,2026-10-18,Chủ Nhật,lunar,9/9,khong,bien-tap va tinh-toan,
tet-trung-cuu-2027,Tết Trùng Cửu (Trùng Dương),Double Ninth Festival (Tết Trùng Cửu),2027,2027-10-08,thứ Sáu,lunar,9/9,khong,bien-tap va tinh-toan,
tet-trung-cuu-2028,Tết Trùng Cửu (Trùng Dương),Double Ninth Festival (Tết Trùng Cửu),2028,2028-10-26,thứ Năm,lunar,9/9,khong,bien-tap va tinh-toan,
tet-trung-cuu-2029,Tết Trùng Cửu (Trùng Dương),Double Ninth Festival (Tết Trùng Cửu),2029,2029-10-16,thứ Ba,lunar,9/9,khong,bien-tap va tinh-toan,
tet-trung-cuu-2030,Tết Trùng Cửu (Trùng Dương),Double Ninth Festival (Tết Trùng Cửu),2030,2030-10-05,thứ Bảy,lunar,9/9,khong,bien-tap va tinh-toan,
tet-trung-thap-2026,Tết Trùng Thập,Double Tenth Festival (New Rice Festival),2026,2026-11-18,thứ Tư,lunar,10/10,khong,bien-tap va tinh-toan,
tet-trung-thap-2027,Tết Trùng Thập,Double Tenth Festival (New Rice Festival),2027,2027-11-07,Chủ Nhật,lunar,10/10,khong,bien-tap va tinh-toan,
tet-trung-thap-2028,Tết Trùng Thập,Double Tenth Festival (New Rice Festival),2028,2028-11-25,thứ Bảy,lunar,10/10,khong,bien-tap va tinh-toan,
tet-trung-thap-2029,Tết Trùng Thập,Double Tenth Festival (New Rice Festival),2029,2029-11-15,thứ Năm,lunar,10/10,khong,bien-tap va tinh-toan,
tet-trung-thap-2030,Tết Trùng Thập,Double Tenth Festival (New Rice Festival),2030,2030-11-05,thứ Ba,lunar,10/10,khong,bien-tap va tinh-toan,
tet-trung-thu-2026,Tết Trung Thu,Mid-Autumn Festival,2026,2026-09-25,thứ Sáu,lunar,15/8,khong,bien-tap va tinh-toan,
tet-trung-thu-2027,Tết Trung Thu,Mid-Autumn Festival,2027,2027-09-15,thứ Tư,lunar,15/8,khong,bien-tap va tinh-toan,
tet-trung-thu-2028,Tết Trung Thu,Mid-Autumn Festival,2028,2028-10-03,thứ Ba,lunar,15/8,khong,bien-tap va tinh-toan,
tet-trung-thu-2029,Tết Trung Thu,Mid-Autumn Festival,2029,2029-09-22,thứ Bảy,lunar,15/8,khong,bien-tap va tinh-toan,
tet-trung-thu-2030,Tết Trung Thu,Mid-Autumn Festival,2030,2030-09-12,thứ Năm,lunar,15/8,khong,bien-tap va tinh-toan,
via-ba-thien-hau-cho-lon-2026,Vía Bà Thiên Hậu Chợ Lớn,"Thiên Hậu Birthday Festival, Chợ Lớn",2026,2026-05-09,thứ Bảy,lunar,23/3,khong,bien-tap va tinh-toan,
via-ba-thien-hau-cho-lon-2027,Vía Bà Thiên Hậu Chợ Lớn,"Thiên Hậu Birthday Festival, Chợ Lớn",2027,2027-04-29,thứ Năm,lunar,23/3,khong,bien-tap va tinh-toan,
via-ba-thien-hau-cho-lon-2028,Vía Bà Thiên Hậu Chợ Lớn,"Thiên Hậu Birthday Festival, Chợ Lớn",2028,2028-04-17,thứ Hai,lunar,23/3,khong,bien-tap va tinh-toan,
via-ba-thien-hau-cho-lon-2029,Vía Bà Thiên Hậu Chợ Lớn,"Thiên Hậu Birthday Festival, Chợ Lớn",2029,2029-05-06,Chủ Nhật,lunar,23/3,khong,bien-tap va tinh-toan,
via-ba-thien-hau-cho-lon-2030,Vía Bà Thiên Hậu Chợ Lớn,"Thiên Hậu Birthday Festival, Chợ Lớn",2030,2030-04-25,thứ Năm,lunar,23/3,khong,bien-tap va tinh-toan,
via-quan-thanh-de-quan-2026,Vía Quan Thánh Đế Quân,Quan Thánh Đế Quân Birthday,2026,2026-08-06,thứ Năm,lunar,24/6,khong,bien-tap va tinh-toan,
via-quan-thanh-de-quan-2027,Vía Quan Thánh Đế Quân,Quan Thánh Đế Quân Birthday,2027,2027-07-27,thứ Ba,lunar,24/6,khong,bien-tap va tinh-toan,
via-quan-thanh-de-quan-2028,Vía Quan Thánh Đế Quân,Quan Thánh Đế Quân Birthday,2028,2028-08-14,thứ Hai,lunar,24/6,khong,bien-tap va tinh-toan,
via-quan-thanh-de-quan-2029,Vía Quan Thánh Đế Quân,Quan Thánh Đế Quân Birthday,2029,2029-08-03,thứ Sáu,lunar,24/6,khong,bien-tap va tinh-toan,
via-quan-thanh-de-quan-2030,Vía Quan Thánh Đế Quân,Quan Thánh Đế Quân Birthday,2030,2030-07-24,thứ Tư,lunar,24/6,khong,bien-tap va tinh-toan,
via-quan-the-am-dan-sinh-2026,Vía Quán Thế Âm Bồ Tát đản sinh,Guanyin's Birthday,2026,2026-04-06,thứ Hai,lunar,19/2,khong,bien-tap va tinh-toan,
via-quan-the-am-dan-sinh-2027,Vía Quán Thế Âm Bồ Tát đản sinh,Guanyin's Birthday,2027,2027-03-26,thứ Sáu,lunar,19/2,khong,bien-tap va tinh-toan,
via-quan-the-am-dan-sinh-2028,Vía Quán Thế Âm Bồ Tát đản sinh,Guanyin's Birthday,2028,2028-03-14,thứ Ba,lunar,19/2,khong,bien-tap va tinh-toan,
via-quan-the-am-dan-sinh-2029,Vía Quán Thế Âm Bồ Tát đản sinh,Guanyin's Birthday,2029,2029-04-02,thứ Hai,lunar,19/2,khong,bien-tap va tinh-toan,
via-quan-the-am-dan-sinh-2030,Vía Quán Thế Âm Bồ Tát đản sinh,Guanyin's Birthday,2030,2030-03-22,thứ Sáu,lunar,19/2,khong,bien-tap va tinh-toan,
via-quan-the-am-thanh-dao-2026,Vía Quán Thế Âm Bồ Tát thành đạo,Guanyin's Enlightenment Day,2026,2026-08-01,thứ Bảy,lunar,19/6,khong,bien-tap va tinh-toan,
via-quan-the-am-thanh-dao-2027,Vía Quán Thế Âm Bồ Tát thành đạo,Guanyin's Enlightenment Day,2027,2027-07-22,thứ Năm,lunar,19/6,khong,bien-tap va tinh-toan,
via-quan-the-am-thanh-dao-2028,Vía Quán Thế Âm Bồ Tát thành đạo,Guanyin's Enlightenment Day,2028,2028-08-09,thứ Tư,lunar,19/6,khong,bien-tap va tinh-toan,
via-quan-the-am-thanh-dao-2029,Vía Quán Thế Âm Bồ Tát thành đạo,Guanyin's Enlightenment Day,2029,2029-07-29,Chủ Nhật,lunar,19/6,khong,bien-tap va tinh-toan,
via-quan-the-am-thanh-dao-2030,Vía Quán Thế Âm Bồ Tát thành đạo,Guanyin's Enlightenment Day,2030,2030-07-19,thứ Sáu,lunar,19/6,khong,bien-tap va tinh-toan,
via-quan-the-am-xuat-gia-2026,Vía Quán Thế Âm Bồ Tát xuất gia,Guanyin's Renunciation Day,2026,2026-10-28,thứ Tư,lunar,19/9,khong,bien-tap va tinh-toan,
via-quan-the-am-xuat-gia-2027,Vía Quán Thế Âm Bồ Tát xuất gia,Guanyin's Renunciation Day,2027,2027-10-18,thứ Hai,lunar,19/9,khong,bien-tap va tinh-toan,
via-quan-the-am-xuat-gia-2028,Vía Quán Thế Âm Bồ Tát xuất gia,Guanyin's Renunciation Day,2028,2028-11-05,Chủ Nhật,lunar,19/9,khong,bien-tap va tinh-toan,
via-quan-the-am-xuat-gia-2029,Vía Quán Thế Âm Bồ Tát xuất gia,Guanyin's Renunciation Day,2029,2029-10-26,thứ Sáu,lunar,19/9,khong,bien-tap va tinh-toan,
via-quan-the-am-xuat-gia-2030,Vía Quán Thế Âm Bồ Tát xuất gia,Guanyin's Renunciation Day,2030,2030-10-15,thứ Ba,lunar,19/9,khong,bien-tap va tinh-toan,
