id,ngay_duong,ngay_am,thang_am,thang_nhuan,can_chi_ngay,tam_nuong,nguyet_ky,sat_chu_am,sat_chu_duong,tho_tu,tho_tu_theo_chi,so_phep_pham,nguon,ghi_chu
2026-01-01,2026-01-01,13,11,khong,Ất Hợi,co,khong,khong,khong,khong,khong,1,tinh-toan,
2026-01-02,2026-01-02,14,11,khong,Bính Tý,khong,co,khong,khong,khong,khong,1,tinh-toan,
2026-01-03,2026-01-03,15,11,khong,Đinh Sửu,khong,khong,khong,khong,khong,khong,0,tinh-toan,
2026-01-04,2026-01-04,16,11,khong,Mậu Dần,khong,khong,co,khong,khong,khong,1,tinh-toan,
2026-01-05,2026-01-05,17,11,khong,Kỷ Mão,khong,khong,khong,khong,khong,co,0,tinh-toan,
2026-01-06,2026-01-06,18,11,khong,Canh Thìn,co,khong,khong,khong,khong,khong,1,tinh-toan,
2026-01-07,2026-01-07,19,11,khong,Tân Tỵ,khong,khong,khong,khong,khong,khong,0,tinh-toan,
2026-01-08,2026-01-08,20,11,khong,Nhâm Ngọ,khong,khong,khong,khong,khong,khong,0,tinh-toan,
2026-01-09,2026-01-09,21,11,khong,Quý Mùi,khong,khong,khong,co,khong,khong,1,tinh-toan,
2026-01-10,2026-01-10,22,11,khong,Giáp Thân,co,khong,khong,khong,khong,khong,1,tinh-toan,
2026-01-11,2026-01-11,23,11,khong,Ất Dậu,khong,co,khong,khong,khong,khong,1,tinh-toan,
2026-01-12,2026-01-12,24,11,khong,Bính Tuất,khong,khong,khong,khong,khong,khong,0,tinh-toan,
2026-01-13,2026-01-13,25,11,khong,Đinh Hợi,khong,khong,khong,khong,khong,khong,0,tinh-toan,
2026-01-14,2026-01-14,26,11,khong,Mậu Tý,khong,khong,khong,khong,khong,khong,0,tinh-toan,
2026-01-15,2026-01-15,27,11,khong,Kỷ Sửu,co,khong,khong,khong,khong,khong,1,tinh-toan,
2026-01-16,2026-01-16,28,11,khong,Canh Dần,khong,khong,co,khong,khong,khong,1,tinh-toan,
2026-01-17,2026-01-17,29,11,khong,Tân Mão,khong,khong,khong,khong,co,co,1,tinh-toan,
2026-01-18,2026-01-18,30,11,khong,Nhâm Thìn,khong,khong,khong,khong,khong,khong,0,tinh-toan,
2026-01-19,2026-01-19,1,12,khong,Quý Tỵ,khong,khong,khong,khong,khong,khong,0,tinh-toan,
2026-01-20,2026-01-20,2,12,khong,Giáp Ngọ,khong,khong,khong,khong,khong,khong,0,tinh-toan,
2026-01-21,2026-01-21,3,12,khong,Ất Mùi,co,khong,khong,khong,khong,khong,1,tinh-toan,
2026-01-22,2026-01-22,4,12,khong,Bính Thân,khong,khong,khong,khong,khong,khong,0,tinh-toan,
2026-01-23,2026-01-23,5,12,khong,Đinh Dậu,khong,co,khong,khong,khong,co,1,tinh-toan,
2026-01-24,2026-01-24,6,12,khong,Mậu Tuất,khong,khong,khong,khong,khong,khong,0,tinh-toan,
2026-01-25,2026-01-25,7,12,khong,Kỷ Hợi,co,khong,khong,khong,khong,khong,1,tinh-toan,
2026-01-26,2026-01-26,8,12,khong,Canh Tý,khong,khong,khong,khong,khong,khong,0,tinh-toan,
2026-01-27,2026-01-27,9,12,khong,Tân Sửu,khong,khong,khong,khong,khong,khong,0,tinh-toan,
2026-01-28,2026-01-28,10,12,khong,Nhâm Dần,khong,khong,khong,khong,khong,khong,0,tinh-toan,
2026-01-29,2026-01-29,11,12,khong,Quý Mão,khong,khong,khong,khong,khong,khong,0,tinh-toan,
2026-01-30,2026-01-30,12,12,khong,Giáp Thìn,khong,khong,co,co,khong,khong,1,tinh-toan,
2026-01-31,2026-01-31,13,12,khong,Ất Tỵ,co,khong,khong,khong,khong,khong,1,tinh-toan,
2026-02-01,2026-02-01,14,12,khong,Bính Ngọ,khong,co,khong,khong,khong,khong,1,tinh-toan,
2026-02-02,2026-02-02,15,12,khong,Đinh Mùi,khong,khong,khong,khong,khong,khong,0,tinh-toan,
2026-02-03,2026-02-03,16,12,khong,Mậu Thân,khong,khong,khong,khong,khong,khong,0,tinh-toan,
2026-02-04,2026-02-04,17,12,khong,Kỷ Dậu,khong,khong,khong,khong,khong,co,0,tinh-toan,
2026-02-05,2026-02-05,18,12,khong,Canh Tuất,co,khong,khong,khong,khong,khong,1,tinh-toan,
2026-02-06,2026-02-06,19,12,khong,Tân Hợi,khong,khong,khong,khong,khong,khong,0,tinh-toan,
2026-02-07,2026-02-07,20,12,khong,Nhâm Tý,khong,khong,khong,khong,khong,khong,0,tinh-toan,
2026-02-08,2026-02-08,21,12,khong,Quý Sửu,khong,khong,khong,khong,khong,khong,0,tinh-toan,
2026-02-09,2026-02-09,22,12,khong,Giáp Dần,co,khong,khong,khong,khong,khong,1,tinh-toan,
2026-02-10,2026-02-10,23,12,khong,Ất Mão,khong,co,khong,khong,khong,khong,1,tinh-toan,
2026-02-11,2026-02-11,24,12,khong,Bính Thìn,khong,khong,co,co,khong,khong,1,tinh-toan,
2026-02-12,2026-02-12,25,12,khong,Đinh Tỵ,khong,khong,khong,khong,khong,khong,0,tinh-toan,
2026-02-13,2026-02-13,26,12,khong,Mậu Ngọ,khong,khong,khong,khong,khong,khong,0,tinh-toan,
2026-02-14,2026-02-14,27,12,khong,Kỷ Mùi,co,khong,khong,khong,khong,khong,1,tinh-toan,
2026-02-15,2026-02-15,28,12,khong,Canh Thân,khong,khong,khong,khong,khong,khong,0,tinh-toan,
2026-02-16,2026-02-16,29,12,khong,Tân Dậu,khong,khong,khong,khong,co,co,1,tinh-toan,
2026-02-17,2026-02-17,1,1,khong,Nhâm Tuất,khong,khong,khong,khong,khong,co,0,tinh-toan,
2026-02-18,2026-02-18,2,1,khong,Quý Hợi,khong,khong,khong,khong,khong,khong,0,tinh-toan,
2026-02-19,2026-02-19,3,1,khong,Giáp Tý,co,khong,khong,co,khong,khong,2,tinh-toan,
2026-02-20,2026-02-20,4,1,khong,Ất Sửu,khong,khong,khong,khong,khong,khong,0,tinh-toan,
2026-02-21,2026-02-21,5,1,khong,Bính Dần,khong,co,khong,khong,khong,khong,1,tinh-toan,
2026-02-22,2026-02-22,6,1,khong,Đinh Mão,khong,khong,khong,khong,khong,khong,0,tinh-toan,
2026-02-23,2026-02-23,7,1,khong,Mậu Thìn,co,khong,khong,khong,khong,khong,1,tinh-toan,
2026-02-24,2026-02-24,8,1,khong,Kỷ Tỵ,khong,khong,co,khong,khong,khong,1,tinh-toan,
2026-02-25,2026-02-25,9,1,khong,Canh Ngọ,khong,khong,khong,khong,khong,khong,0,tinh-toan,
2026-02-26,2026-02-26,10,1,khong,Tân Mùi,khong,khong,khong,khong,khong,khong,0,tinh-toan,
2026-02-27,2026-02-27,11,1,khong,Nhâm Thân,khong,khong,khong,khong,khong,khong,0,tinh-toan,
2026-02-28,2026-02-28,12,1,khong,Quý Dậu,khong,khong,khong,khong,khong,khong,0,tinh-toan,
2026-03-01,2026-03-01,13,1,khong,Giáp Tuất,co,khong,khong,khong,khong,co,1,tinh-toan,
2026-03-02,2026-03-02,14,1,khong,Ất Hợi,khong,co,khong,khong,khong,khong,1,tinh-toan,
2026-03-03,2026-03-03,15,1,khong,Bính Tý,khong,khong,khong,co,khong,khong,1,tinh-toan,
2026-03-04,2026-03-04,16,1,khong,Đinh Sửu,khong,khong,khong,khong,khong,khong,0,tinh-toan,
2026-03-05,2026-03-05,17,1,khong,Mậu Dần,khong,khong,khong,khong,khong,khong,0,tinh-toan,
2026-03-06,2026-03-06,18,1,khong,Kỷ Mão,co,khong,khong,khong,khong,khong,1,tinh-toan,
2026-03-07,2026-03-07,19,1,khong,Canh Thìn,khong,khong,khong,khong,khong,khong,0,tinh-toan,
2026-03-08,2026-03-08,20,1,khong,Tân Tỵ,khong,khong,co,khong,khong,khong,1,tinh-toan,
2026-03-09,2026-03-09,21,1,khong,Nhâm Ngọ,khong,khong,khong,khong,khong,khong,0,tinh-toan,
2026-03-10,2026-03-10,22,1,khong,Quý Mùi,co,khong,khong,khong,khong,khong,1,tinh-toan,
2026-03-11,2026-03-11,23,1,khong,Giáp Thân,khong,co,khong,khong,khong,khong,1,tinh-toan,
2026-03-12,2026-03-12,24,1,khong,Ất Dậu,khong,khong,khong,khong,khong,khong,0,tinh-toan,
2026-03-13,2026-03-13,25,1,khong,Bính Tuất,khong,khong,khong,khong,co,co,1,tinh-toan,
2026-03-14,2026-03-14,26,1,khong,Đinh Hợi,khong,khong,khong,khong,khong,khong,0,tinh-toan,
2026-03-15,2026-03-15,27,1,khong,Mậu Tý,co,khong,khong,co,khong,khong,2,tinh-toan,
2026-03-16,2026-03-16,28,1,khong,Kỷ Sửu,khong,khong,khong,khong,khong,khong,0,tinh-toan,
2026-03-17,2026-03-17,29,1,khong,Canh Dần,khong,khong,khong,khong,khong,khong,0,tinh-toan,
2026-03-18,2026-03-18,30,1,khong,Tân Mão,khong,khong,khong,khong,khong,khong,0,tinh-toan,
2026-03-19,2026-03-19,1,2,khong,Nhâm Thìn,khong,khong,khong,khong,co,co,1,tinh-toan,
2026-03-20,2026-03-20,2,2,khong,Quý Tỵ,khong,khong,khong,khong,khong,khong,0,tinh-toan,
2026-03-21,2026-03-21,3,2,khong,Giáp Ngọ,co,khong,khong,khong,khong,khong,1,tinh-toan,
2026-03-22,2026-03-22,4,2,khong,Ất Mùi,khong,khong,khong,khong,khong,khong,0,tinh-toan,
2026-03-23,2026-03-23,5,2,khong,Bính Thân,khong,co,khong,khong,khong,khong,1,tinh-toan,
2026-03-24,2026-03-24,6,2,khong,Đinh Dậu,khong,khong,khong,khong,khong,khong,0,tinh-toan,
2026-03-25,2026-03-25,7,2,khong,Mậu Tuất,co,khong,khong,khong,khong,khong,1,tinh-toan,
2026-03-26,2026-03-26,8,2,khong,Kỷ Hợi,khong,khong,khong,khong,khong,khong,0,tinh-toan,
2026-03-27,2026-03-27,9,2,khong,Canh Tý,khong,khong,co,khong,khong,khong,1,tinh-toan,
2026-03-28,2026-03-28,10,2,khong,Tân Sửu,khong,khong,khong,co,khong,khong,1,tinh-toan,
2026-03-29,2026-03-29,11,2,khong,Nhâm Dần,khong,khong,khong,khong,khong,khong,0,tinh-toan,
2026-03-30,2026-03-30,12,2,khong,Quý Mão,khong,khong,khong,khong,khong,khong,0,tinh-toan,
2026-03-31,2026-03-31,13,2,khong,Giáp Thìn,co,khong,khong,khong,khong,co,1,tinh-toan,
2026-04-01,2026-04-01,14,2,khong,Ất Tỵ,khong,co,khong,khong,khong,khong,1,tinh-toan,
2026-04-02,2026-04-02,15,2,khong,Bính Ngọ,khong,khong,khong,khong,khong,khong,0,tinh-toan,
2026-04-03,2026-04-03,16,2,khong,Đinh Mùi,khong,khong,khong,khong,khong,khong,0,tinh-toan,
2026-04-04,2026-04-04,17,2,khong,Mậu Thân,khong,khong,khong,khong,khong,khong,0,tinh-toan,
2026-04-05,2026-04-05,18,2,khong,Kỷ Dậu,co,khong,khong,khong,khong,khong,1,tinh-toan,
2026-04-06,2026-04-06,19,2,khong,Canh Tuất,khong,khong,khong,khong,khong,khong,0,tinh-toan,
2026-04-07,2026-04-07,20,2,khong,Tân Hợi,khong,khong,khong,khong,khong,khong,0,tinh-toan,
2026-04-08,2026-04-08,21,2,khong,Nhâm Tý,khong,khong,co,khong,khong,khong,1,tinh-toan,
2026-04-09,2026-04-09,22,2,khong,Quý Sửu,co,khong,khong,co,khong,khong,2,tinh-toan,
2026-04-10,2026-04-10,23,2,khong,Giáp Dần,khong,co,khong,khong,khong,khong,1,tinh-toan,
2026-04-11,2026-04-11,24,2,khong,Ất Mão,khong,khong,khong,khong,khong,khong,0,tinh-toan,
2026-04-12,2026-04-12,25,2,khong,Bính Thìn,khong,khong,khong,khong,khong,co,0,tinh-toan,
2026-04-13,2026-04-13,26,2,khong,Đinh Tỵ,khong,khong,khong,khong,khong,khong,0,tinh-toan,
2026-04-14,2026-04-14,27,2,khong,Mậu Ngọ,co,khong,khong,khong,khong,khong,1,tinh-toan,
2026-04-15,2026-04-15,28,2,khong,Kỷ Mùi,khong,khong,khong,khong,khong,khong,0,tinh-toan,
2026-04-16,2026-04-16,29,2,khong,Canh Thân,khong,khong,khong,khong,khong,khong,0,tinh-toan,
2026-04-17,2026-04-17,1,3,khong,Tân Dậu,khong,khong,khong,khong,khong,khong,0,tinh-toan,
2026-04-18,2026-04-18,2,3,khong,Nhâm Tuất,khong,khong,khong,khong,khong,khong,0,tinh-toan,
2026-04-19,2026-04-19,3,3,khong,Quý Hợi,co,khong,khong,khong,khong,co,1,tinh-toan,
2026-04-20,2026-04-20,4,3,khong,Giáp Tý,khong,khong,khong,khong,khong,khong,0,tinh-toan,
2026-04-21,2026-04-21,5,3,khong,Ất Sửu,khong,co,khong,co,khong,khong,2,tinh-toan,
2026-04-22,2026-04-22,6,3,khong,Bính Dần,khong,khong,khong,khong,khong,khong,0,tinh-toan,
2026-04-23,2026-04-23,7,3,khong,Đinh Mão,co,khong,khong,khong,khong,khong,1,tinh-toan,
2026-04-24,2026-04-24,8,3,khong,Mậu Thìn,khong,khong,khong,khong,khong,khong,0,tinh-toan,
2026-04-25,2026-04-25,9,3,khong,Kỷ Tỵ,khong,khong,khong,khong,khong,khong,0,tinh-toan,
2026-04-26,2026-04-26,10,3,khong,Canh Ngọ,khong,khong,khong,khong,khong,khong,0,tinh-toan,
2026-04-27,2026-04-27,11,3,khong,Tân Mùi,khong,khong,co,khong,khong,khong,1,tinh-toan,
2026-04-28,2026-04-28,12,3,khong,Nhâm Thân,khong,khong,khong,khong,khong,khong,0,tinh-toan,
2026-04-29,2026-04-29,13,3,khong,Quý Dậu,co,khong,khong,khong,khong,khong,1,tinh-toan,
2026-04-30,2026-04-30,14,3,khong,Giáp Tuất,khong,co,khong,khong,khong,khong,1,tinh-toan,
2026-05-01,2026-05-01,15,3,khong,Ất Hợi,khong,khong,khong,khong,khong,co,0,tinh-toan,
2026-05-02,2026-05-02,16,3,khong,Bính Tý,khong,khong,khong,khong,khong,khong,0,tinh-toan,
2026-05-03,2026-05-03,17,3,khong,Đinh Sửu,khong,khong,khong,co,khong,khong,1,tinh-toan,
2026-05-04,2026-05-04,18,3,khong,Mậu Dần,co,khong,khong,khong,khong,khong,1,tinh-toan,
2026-05-05,2026-05-05,19,3,khong,Kỷ Mão,khong,khong,khong,khong,khong,khong,0,tinh-toan,
2026-05-06,2026-05-06,20,3,khong,Canh Thìn,khong,khong,khong,khong,khong,khong,0,tinh-toan,
2026-05-07,2026-05-07,21,3,khong,Tân Tỵ,khong,khong,khong,khong,khong,khong,0,tinh-toan,
2026-05-08,2026-05-08,22,3,khong,Nhâm Ngọ,co,khong,khong,khong,khong,khong,1,tinh-toan,
2026-05-09,2026-05-09,23,3,khong,Quý Mùi,khong,co,co,khong,khong,khong,2,tinh-toan,
2026-05-10,2026-05-10,24,3,khong,Giáp Thân,khong,khong,khong,khong,khong,khong,0,tinh-toan,
2026-05-11,2026-05-11,25,3,khong,Ất Dậu,khong,khong,khong,khong,khong,khong,0,tinh-toan,
2026-05-12,2026-05-12,26,3,khong,Bính Tuất,khong,khong,khong,khong,khong,khong,0,tinh-toan,
2026-05-13,2026-05-13,27,3,khong,Đinh Hợi,co,khong,khong,khong,khong,co,1,tinh-toan,
2026-05-14,2026-05-14,28,3,khong,Mậu Tý,khong,khong,khong,khong,khong,khong,0,tinh-toan,
2026-05-15,2026-05-15,29,3,khong,Kỷ Sửu,khong,khong,khong,co,khong,khong,1,tinh-toan,
2026-05-16,2026-05-16,30,3,khong,Canh Dần,khong,khong,khong,khong,khong,khong,0,tinh-toan,
2026-05-17,2026-05-17,1,4,khong,Tân Mão,khong,khong,co,khong,khong,khong,1,tinh-toan,
2026-05-18,2026-05-18,2,4,khong,Nhâm Thìn,khong,khong,khong,khong,khong,khong,0,tinh-toan,
2026-05-19,2026-05-19,3,4,khong,Quý Tỵ,co,khong,khong,khong,khong,co,1,tinh-toan,
2026-05-20,2026-05-20,4,4,khong,Giáp Ngọ,khong,khong,khong,khong,khong,khong,0,tinh-toan,
2026-05-21,2026-05-21,5,4,khong,Ất Mùi,khong,co,khong,khong,khong,khong,1,tinh-toan,
2026-05-22,2026-05-22,6,4,khong,Bính Thân,khong,khong,khong,khong,khong,khong,0,tinh-toan,
2026-05-23,2026-05-23,7,4,khong,Đinh Dậu,co,khong,khong,khong,khong,khong,1,tinh-toan,
2026-05-24,2026-05-24,8,4,khong,Mậu Tuất,khong,khong,khong,co,khong,khong,1,tinh-toan,
2026-05-25,2026-05-25,9,4,khong,Kỷ Hợi,khong,khong,khong,khong,khong,khong,0,tinh-toan,
2026-05-26,2026-05-26,10,4,khong,Canh Tý,khong,khong,khong,khong,khong,khong,0,tinh-toan,
2026-05-27,2026-05-27,11,4,khong,Tân Sửu,khong,khong,khong,khong,khong,khong,0,tinh-toan,
2026-05-28,2026-05-28,12,4,khong,Nhâm Dần,khong,khong,khong,khong,khong,khong,0,tinh-toan,
2026-05-29,2026-05-29,13,4,khong,Quý Mão,co,khong,co,khong,khong,khong,2,tinh-toan,
2026-05-30,2026-05-30,14,4,khong,Giáp Thìn,khong,co,khong,khong,khong,khong,1,tinh-toan,
2026-05-31,2026-05-31,15,4,khong,Ất Tỵ,khong,khong,khong,khong,khong,co,0,tinh-toan,
2026-06-01,2026-06-01,16,4,khong,Bính Ngọ,khong,khong,khong,khong,khong,khong,0,tinh-toan,
2026-06-02,2026-06-02,17,4,khong,Đinh Mùi,khong,khong,khong,khong,khong,khong,0,tinh-toan,
2026-06-03,2026-06-03,18,4,khong,Mậu Thân,co,khong,khong,khong,khong,khong,1,tinh-toan,
2026-06-04,2026-06-04,19,4,khong,Kỷ Dậu,khong,khong,khong,khong,khong,khong,0,tinh-toan,
2026-06-05,2026-06-05,20,4,khong,Canh Tuất,khong,khong,khong,co,khong,khong,1,tinh-toan,
2026-06-06,2026-06-06,21,4,khong,Tân Hợi,khong,khong,khong,khong,khong,khong,0,tinh-toan,
2026-06-07,2026-06-07,22,4,khong,Nhâm Tý,co,khong,khong,khong,khong,khong,1,tinh-toan,
2026-06-08,2026-06-08,23,4,khong,Quý Sửu,khong,co,khong,khong,khong,khong,1,tinh-toan,
2026-06-09,2026-06-09,24,4,khong,Giáp Dần,khong,khong,khong,khong,khong,khong,0,tinh-toan,
2026-06-10,2026-06-10,25,4,khong,Ất Mão,khong,khong,co,khong,khong,khong,1,tinh-toan,
2026-06-11,2026-06-11,26,4,khong,Bính Thìn,khong,khong,khong,khong,khong,khong,0,tinh-toan,
2026-06-12,2026-06-12,27,4,khong,Đinh Tỵ,co,khong,khong,khong,co,co,2,tinh-toan,
2026-06-13,2026-06-13,28,4,khong,Mậu Ngọ,khong,khong,khong,khong,khong,khong,0,tinh-toan,
2026-06-14,2026-06-14,29,4,khong,Kỷ Mùi,khong,khong,khong,khong,khong,khong,0,tinh-toan,
2026-06-15,2026-06-15,1,5,khong,Canh Thân,khong,khong,co,khong,khong,khong,1,tinh-toan,
2026-06-16,2026-06-16,2,5,khong,Tân Dậu,khong,khong,khong,khong,khong,khong,0,tinh-toan,
2026-06-17,2026-06-17,3,5,khong,Nhâm Tuất,co,khong,khong,khong,khong,khong,1,tinh-toan,
2026-06-18,2026-06-18,4,5,khong,Quý Hợi,khong,khong,khong,khong,khong,khong,0,tinh-toan,
2026-06-19,2026-06-19,5,5,khong,Giáp Tý,khong,co,khong,khong,khong,co,1,tinh-toan,
2026-06-20,2026-06-20,6,5,khong,Ất Sửu,khong,khong,khong,khong,khong,khong,0,tinh-toan,
2026-06-21,2026-06-21,7,5,khong,Bính Dần,co,khong,khong,khong,khong,khong,1,tinh-toan,
2026-06-22,2026-06-22,8,5,khong,Đinh Mão,khong,khong,khong,khong,khong,khong,0,tinh-toan,
2026-06-23,2026-06-23,9,5,khong,Mậu Thìn,khong,khong,khong,co,khong,khong,1,tinh-toan,
2026-06-24,2026-06-24,10,5,khong,Kỷ Tỵ,khong,khong,khong,khong,khong,khong,0,tinh-toan,
2026-06-25,2026-06-25,11,5,khong,Canh Ngọ,khong,khong,khong,khong,khong,khong,0,tinh-toan,
2026-06-26,2026-06-26,12,5,khong,Tân Mùi,khong,khong,khong,khong,khong,khong,0,tinh-toan,
2026-06-27,2026-06-27,13,5,khong,Nhâm Thân,co,khong,co,khong,khong,khong,2,tinh-toan,
2026-06-28,2026-06-28,14,5,khong,Quý Dậu,khong,co,khong,khong,khong,khong,1,tinh-toan,
2026-06-29,2026-06-29,15,5,khong,Giáp Tuất,khong,khong,khong,khong,khong,khong,0,tinh-toan,
2026-06-30,2026-06-30,16,5,khong,Ất Hợi,khong,khong,khong,khong,khong,khong,0,tinh-toan,
2026-07-01,2026-07-01,17,5,khong,Bính Tý,khong,khong,khong,khong,khong,co,0,tinh-toan,
2026-07-02,2026-07-02,18,5,khong,Đinh Sửu,co,khong,khong,khong,khong,khong,1,tinh-toan,
2026-07-03,2026-07-03,19,5,khong,Mậu Dần,khong,khong,khong,khong,khong,khong,0,tinh-toan,
2026-07-04,2026-07-04,20,5,khong,Kỷ Mão,khong,khong,khong,khong,khong,khong,0,tinh-toan,
2026-07-05,2026-07-05,21,5,khong,Canh Thìn,khong,khong,khong,co,khong,khong,1,tinh-toan,
2026-07-06,2026-07-06,22,5,khong,Tân Tỵ,co,khong,khong,khong,khong,khong,1,tinh-toan,
2026-07-07,2026-07-07,23,5,khong,Nhâm Ngọ,khong,co,khong,khong,khong,khong,1,tinh-toan,
2026-07-08,2026-07-08,24,5,khong,Quý Mùi,khong,khong,khong,khong,khong,khong,0,tinh-toan,
2026-07-09,2026-07-09,25,5,khong,Giáp Thân,khong,khong,co,khong,khong,khong,1,tinh-toan,
2026-07-10,2026-07-10,26,5,khong,Ất Dậu,khong,khong,khong,khong,khong,khong,0,tinh-toan,
2026-07-11,2026-07-11,27,5,khong,Bính Tuất,co,khong,khong,khong,khong,khong,1,tinh-toan,
2026-07-12,2026-07-12,28,5,khong,Đinh Hợi,khong,khong,khong,khong,khong,khong,0,tinh-toan,
2026-07-13,2026-07-13,29,5,khong,Mậu Tý,khong,khong,khong,khong,co,co,1,tinh-toan,
2026-07-14,2026-07-14,1,6,khong,Kỷ Sửu,khong,khong,khong,khong,khong,khong,0,tinh-toan,
2026-07-15,2026-07-15,2,6,khong,Canh Dần,khong,khong,khong,khong,khong,khong,0,tinh-toan,
2026-07-16,2026-07-16,3,6,khong,Tân Mão,co,khong,khong,khong,khong,khong,1,tinh-toan,
2026-07-17,2026-07-17,4,6,khong,Nhâm Thìn,khong,khong,khong,co,khong,khong,1,tinh-toan,
2026-07-18,2026-07-18,5,6,khong,Quý Tỵ,khong,co,khong,khong,khong,khong,1,tinh-toan,
2026-07-19,2026-07-19,6,6,khong,Giáp Ngọ,khong,khong,khong,khong,khong,co,0,tinh-toan,
2026-07-20,2026-07-20,7,6,khong,Ất Mùi,co,khong,khong,khong,khong,khong,1,tinh-toan,
2026-07-21,2026-07-21,8,6,khong,Bính Thân,khong,khong,khong,khong,khong,khong,0,tinh-toan,
2026-07-22,2026-07-22,9,6,khong,Đinh Dậu,khong,khong,khong,khong,khong,khong,0,tinh-toan,
2026-07-23,2026-07-23,10,6,khong,Mậu Tuất,khong,khong,co,khong,khong,khong,1,tinh-toan,
2026-07-24,2026-07-24,11,6,khong,Kỷ Hợi,khong,khong,khong,khong,khong,khong,0,tinh-toan,
2026-07-25,2026-07-25,12,6,khong,Canh Tý,khong,khong,khong,khong,khong,khong,0,tinh-toan,
2026-07-26,2026-07-26,13,6,khong,Tân Sửu,co,khong,khong,khong,khong,khong,1,tinh-toan,
2026-07-27,2026-07-27,14,6,khong,Nhâm Dần,khong,co,khong,khong,khong,khong,1,tinh-toan,
2026-07-28,2026-07-28,15,6,khong,Quý Mão,khong,khong,khong,khong,khong,khong,0,tinh-toan,
2026-07-29,2026-07-29,16,6,khong,Giáp Thìn,khong,khong,khong,co,khong,khong,1,tinh-toan,
2026-07-30,2026-07-30,17,6,khong,Ất Tỵ,khong,khong,khong,khong,khong,khong,0,tinh-toan,
2026-07-31,2026-07-31,18,6,khong,Bính Ngọ,co,khong,khong,khong,co,co,2,tinh-toan,
2026-08-01,2026-08-01,19,6,khong,Đinh Mùi,khong,khong,khong,khong,khong,khong,0,tinh-toan,
2026-08-02,2026-08-02,20,6,khong,Mậu Thân,khong,khong,khong,khong,khong,khong,0,tinh-toan,
2026-08-03,2026-08-03,21,6,khong,Kỷ Dậu,khong,khong,khong,khong,khong,khong,0,tinh-toan,
2026-08-04,2026-08-04,22,6,khong,Canh Tuất,co,khong,co,khong,khong,khong,2,tinh-toan,
2026-08-05,2026-08-05,23,6,khong,Tân Hợi,khong,co,khong,khong,khong,khong,1,tinh-toan,
2026-08-06,2026-08-06,24,6,khong,Nhâm Tý,khong,khong,khong,khong,khong,khong,0,tinh-toan,
2026-08-07,2026-08-07,25,6,khong,Quý Sửu,khong,khong,khong,khong,khong,khong,0,tinh-toan,
2026-08-08,2026-08-08,26,6,khong,Giáp Dần,khong,khong,khong,khong,khong,khong,0,tinh-toan,
2026-08-09,2026-08-09,27,6,khong,Ất Mão,co,khong,khong,khong,khong,khong,1,tinh-toan,
2026-08-10,2026-08-10,28,6,khong,Bính Thìn,khong,khong,khong,co,khong,khong,1,tinh-toan,
2026-08-11,2026-08-11,29,6,khong,Đinh Tỵ,khong,khong,khong,khong,khong,khong,0,tinh-toan,
2026-08-12,2026-08-12,30,6,khong,Mậu Ngọ,khong,khong,khong,khong,khong,co,0,tinh-toan,
2026-08-13,2026-08-13,1,7,khong,Kỷ Mùi,khong,khong,khong,khong,khong,khong,0,tinh-toan,
2026-08-14,2026-08-14,2,7,khong,Canh Thân,khong,khong,khong,khong,khong,khong,0,tinh-toan,
2026-08-15,2026-08-15,3,7,khong,Tân Dậu,co,khong,khong,khong,khong,khong,1,tinh-toan,
2026-08-16,2026-08-16,4,7,khong,Nhâm Tuất,khong,khong,khong,khong,khong,khong,0,tinh-toan,
2026-08-17,2026-08-17,5,7,khong,Quý Hợi,khong,co,co,khong,khong,khong,2,tinh-toan,
2026-08-18,2026-08-18,6,7,khong,Giáp Tý,khong,khong,khong,khong,khong,khong,0,tinh-toan,
2026-08-19,2026-08-19,7,7,khong,Ất Sửu,co,khong,khong,co,co,co,3,tinh-toan,
2026-08-20,2026-08-20,8,7,khong,Bính Dần,khong,khong,khong,khong,khong,khong,0,tinh-toan,
2026-08-21,2026-08-21,9,7,khong,Đinh Mão,khong,khong,khong,khong,khong,khong,0,tinh-toan,
2026-08-22,2026-08-22,10,7,khong,Mậu Thìn,khong,khong,khong,khong,khong,khong,0,tinh-toan,
2026-08-23,2026-08-23,11,7,khong,Kỷ Tỵ,khong,khong,khong,khong,khong,khong,0,tinh-toan,
2026-08-24,2026-08-24,12,7,khong,Canh Ngọ,khong,khong,khong,khong,khong,khong,0,tinh-toan,
2026-08-25,2026-08-25,13,7,khong,Tân Mùi,co,khong,khong,khong,khong,khong,1,tinh-toan,
2026-08-26,2026-08-26,14,7,khong,Nhâm Thân,khong,co,khong,khong,khong,khong,1,tinh-toan,
2026-08-27,2026-08-27,15,7,khong,Quý Dậu,khong,khong,khong,khong,khong,khong,0,tinh-toan,
2026-08-28,2026-08-28,16,7,khong,Giáp Tuất,khong,khong,khong,khong,khong,khong,0,tinh-toan,
2026-08-29,2026-08-29,17,7,khong,Ất Hợi,khong,khong,co,khong,khong,khong,1,tinh-toan,
2026-08-30,2026-08-30,18,7,khong,Bính Tý,co,khong,khong,khong,khong,khong,1,tinh-toan,
2026-08-31,2026-08-31,19,7,khong,Đinh Sửu,khong,khong,khong,co,khong,co,1,tinh-toan,
2026-09-01,2026-09-01,20,7,khong,Mậu Dần,khong,khong,khong,khong,khong,khong,0,tinh-toan,
2026-09-02,2026-09-02,21,7,khong,Kỷ Mão,khong,khong,khong,khong,khong,khong,0,tinh-toan,
2026-09-03,2026-09-03,22,7,khong,Canh Thìn,co,khong,khong,khong,khong,khong,1,tinh-toan,
2026-09-04,2026-09-04,23,7,khong,Tân Tỵ,khong,co,khong,khong,khong,khong,1,tinh-toan,
2026-09-05,2026-09-05,24,7,khong,Nhâm Ngọ,khong,khong,khong,khong,khong,khong,0,tinh-toan,
2026-09-06,2026-09-06,25,7,khong,Quý Mùi,khong,khong,khong,khong,khong,khong,0,tinh-toan,
2026-09-07,2026-09-07,26,7,khong,Giáp Thân,khong,khong,khong,khong,khong,khong,0,tinh-toan,
2026-09-08,2026-09-08,27,7,khong,Ất Dậu,co,khong,khong,khong,khong,khong,1,tinh-toan,
2026-09-09,2026-09-09,28,7,khong,Bính Tuất,khong,khong,khong,khong,khong,khong,0,tinh-toan,
2026-09-10,2026-09-10,29,7,khong,Đinh Hợi,khong,khong,co,khong,khong,khong,1,tinh-toan,
2026-09-11,2026-09-11,1,8,khong,Mậu Tý,khong,khong,khong,khong,khong,khong,0,tinh-toan,
2026-09-12,2026-09-12,2,8,khong,Kỷ Sửu,khong,khong,co,khong,khong,khong,1,tinh-toan,
2026-09-13,2026-09-13,3,8,khong,Canh Dần,co,khong,khong,khong,khong,khong,1,tinh-toan,
2026-09-14,2026-09-14,4,8,khong,Tân Mão,khong,khong,khong,khong,khong,khong,0,tinh-toan,
2026-09-15,2026-09-15,5,8,khong,Nhâm Thìn,khong,co,khong,co,khong,khong,2,tinh-toan,
2026-09-16,2026-09-16,6,8,khong,Quý Tỵ,khong,khong,khong,khong,khong,khong,0,tinh-toan,
2026-09-17,2026-09-17,7,8,khong,Giáp Ngọ,co,khong,khong,khong,khong,khong,1,tinh-toan,
2026-09-18,2026-09-18,8,8,khong,Ất Mùi,khong,khong,khong,khong,khong,co,0,tinh-toan,
2026-09-19,2026-09-19,9,8,khong,Bính Thân,khong,khong,khong,khong,khong,khong,0,tinh-toan,
2026-09-20,2026-09-20,10,8,khong,Đinh Dậu,khong,khong,khong,khong,khong,khong,0,tinh-toan,
2026-09-21,2026-09-21,11,8,khong,Mậu Tuất,khong,khong,khong,khong,khong,khong,0,tinh-toan,
2026-09-22,2026-09-22,12,8,khong,Kỷ Hợi,khong,khong,khong,khong,khong,khong,0,tinh-toan,
2026-09-23,2026-09-23,13,8,khong,Canh Tý,co,khong,khong,khong,khong,khong,1,tinh-toan,
2026-09-24,2026-09-24,14,8,khong,Tân Sửu,khong,co,co,khong,khong,khong,2,tinh-toan,
2026-09-25,2026-09-25,15,8,khong,Nhâm Dần,khong,khong,khong,khong,khong,khong,0,tinh-toan,
2026-09-26,2026-09-26,16,8,khong,Quý Mão,khong,khong,khong,khong,khong,khong,0,tinh-toan,
2026-09-27,2026-09-27,17,8,khong,Giáp Thìn,khong,khong,khong,co,khong,khong,1,tinh-toan,
2026-09-28,2026-09-28,18,8,khong,Ất Tỵ,co,khong,khong,khong,khong,khong,1,tinh-toan,
2026-09-29,2026-09-29,19,8,khong,Bính Ngọ,khong,khong,khong,khong,khong,khong,0,tinh-toan,
2026-09-30,2026-09-30,20,8,khong,Đinh Mùi,khong,khong,khong,khong,khong,co,0,tinh-toan,
2026-10-01,2026-10-01,21,8,khong,Mậu Thân,khong,khong,khong,khong,khong,khong,0,tinh-toan,
2026-10-02,2026-10-02,22,8,khong,Kỷ Dậu,co,khong,khong,khong,khong,khong,1,tinh-toan,
2026-10-03,2026-10-03,23,8,khong,Canh Tuất,khong,co,khong,khong,khong,khong,1,tinh-toan,
2026-10-04,2026-10-04,24,8,khong,Tân Hợi,khong,khong,khong,khong,khong,khong,0,tinh-toan,
2026-10-05,2026-10-05,25,8,khong,Nhâm Tý,khong,khong,khong,khong,khong,khong,0,tinh-toan,
2026-10-06,2026-10-06,26,8,khong,Quý Sửu,khong,khong,co,khong,khong,khong,1,tinh-toan,
2026-10-07,2026-10-07,27,8,khong,Giáp Dần,co,khong,khong,khong,khong,khong,1,tinh-toan,
2026-10-08,2026-10-08,28,8,khong,Ất Mão,khong,khong,khong,khong,khong,khong,0,tinh-toan,
2026-10-09,2026-10-09,29,8,khong,Bính Thìn,khong,khong,khong,co,khong,khong,1,tinh-toan,
2026-10-10,2026-10-10,1,9,khong,Đinh Tỵ,khong,khong,khong,khong,khong,khong,0,tinh-toan,
2026-10-11,2026-10-11,2,9,khong,Mậu Ngọ,khong,khong,co,khong,khong,khong,1,tinh-toan,
2026-10-12,2026-10-12,3,9,khong,Kỷ Mùi,co,khong,khong,khong,khong,khong,1,tinh-toan,
2026-10-13,2026-10-13,4,9,khong,Canh Thân,khong,khong,khong,khong,khong,khong,0,tinh-toan,
2026-10-14,2026-10-14,5,9,khong,Tân Dậu,khong,co,khong,khong,khong,khong,1,tinh-toan,
2026-10-15,2026-10-15,6,9,khong,Nhâm Tuất,khong,khong,khong,khong,khong,khong,0,tinh-toan,
2026-10-16,2026-10-16,7,9,khong,Quý Hợi,co,khong,khong,khong,khong,khong,1,tinh-toan,
2026-10-17,2026-10-17,8,9,khong,Giáp Tý,khong,khong,khong,khong,khong,khong,0,tinh-toan,
2026-10-18,2026-10-18,9,9,khong,Ất Sửu,khong,khong,khong,co,khong,khong,1,tinh-toan,
2026-10-19,2026-10-19,10,9,khong,Bính Dần,khong,khong,khong,khong,khong,co,0,tinh-toan,
2026-10-20,2026-10-20,11,9,khong,Đinh Mão,khong,khong,khong,khong,khong,khong,0,tinh-toan,
2026-10-21,2026-10-21,12,9,khong,Mậu Thìn,khong,khong,khong,khong,khong,khong,0,tinh-toan,
2026-10-22,2026-10-22,13,9,khong,Kỷ Tỵ,co,khong,khong,khong,khong,khong,1,tinh-toan,
2026-10-23,2026-10-23,14,9,khong,Canh Ngọ,khong,co,co,khong,khong,khong,2,tinh-toan,
2026-10-24,2026-10-24,15,9,khong,Tân Mùi,khong,khong,khong,khong,khong,khong,0,tinh-toan,
2026-10-25,2026-10-25,16,9,khong,Nhâm Thân,khong,khong,khong,khong,khong,khong,0,tinh-toan,
2026-10-26,2026-10-26,17,9,khong,Quý Dậu,khong,khong,khong,khong,khong,khong,0,tinh-toan,
2026-10-27,2026-10-27,18,9,khong,Giáp Tuất,co,khong,khong,khong,khong,khong,1,tinh-toan,
2026-10-28,2026-10-28,19,9,khong,Ất Hợi,khong,khong,khong,khong,khong,khong,0,tinh-toan,
2026-10-29,2026-10-29,20,9,khong,Bính Tý,khong,khong,khong,khong,khong,khong,0,tinh-toan,
2026-10-30,2026-10-30,21,9,khong,Đinh Sửu,khong,khong,khong,co,khong,khong,1,tinh-toan,
2026-10-31,2026-10-31,22,9,khong,Mậu Dần,co,khong,khong,khong,khong,co,1,tinh-toan,
2026-11-01,2026-11-01,23,9,khong,Kỷ Mão,khong,co,khong,khong,khong,khong,1,tinh-toan,
2026-11-02,2026-11-02,24,9,khong,Canh Thìn,khong,khong,khong,khong,khong,khong,0,tinh-toan,
2026-11-03,2026-11-03,25,9,khong,Tân Tỵ,khong,khong,khong,khong,khong,khong,0,tinh-toan,
2026-11-04,2026-11-04,26,9,khong,Nhâm Ngọ,khong,khong,co,khong,khong,khong,1,tinh-toan,
2026-11-05,2026-11-05,27,9,khong,Quý Mùi,co,khong,khong,khong,khong,khong,1,tinh-toan,
2026-11-06,2026-11-06,28,9,khong,Giáp Thân,khong,khong,khong,khong,khong,khong,0,tinh-toan,
2026-11-07,2026-11-07,29,9,khong,Ất Dậu,khong,khong,khong,khong,khong,khong,0,tinh-toan,
2026-11-08,2026-11-08,30,9,khong,Bính Tuất,khong,khong,khong,khong,khong,khong,0,tinh-toan,
2026-11-09,2026-11-09,1,10,khong,Đinh Hợi,khong,khong,khong,khong,khong,khong,0,tinh-toan,
2026-11-10,2026-11-10,2,10,khong,Mậu Tý,khong,khong,khong,khong,khong,khong,0,tinh-toan,
2026-11-11,2026-11-11,3,10,khong,Kỷ Sửu,co,khong,khong,khong,khong,khong,1,tinh-toan,
2026-11-12,2026-11-12,4,10,khong,Canh Dần,khong,khong,khong,khong,khong,khong,0,tinh-toan,
2026-11-13,2026-11-13,5,10,khong,Tân Mão,khong,co,khong,khong,khong,khong,1,tinh-toan,
2026-11-14,2026-11-14,6,10,khong,Nhâm Thìn,khong,khong,khong,co,khong,khong,1,tinh-toan,
2026-11-15,2026-11-15,7,10,khong,Quý Tỵ,co,khong,khong,khong,khong,khong,1,tinh-toan,
2026-11-16,2026-11-16,8,10,khong,Giáp Ngọ,khong,khong,khong,khong,khong,khong,0,tinh-toan,
2026-11-17,2026-11-17,9,10,khong,Ất Mùi,khong,khong,khong,khong,khong,khong,0,tinh-toan,
2026-11-18,2026-11-18,10,10,khong,Bính Thân,khong,khong,khong,khong,khong,co,0,tinh-toan,
2026-11-19,2026-11-19,11,10,khong,Đinh Dậu,khong,khong,co,khong,khong,khong,1,tinh-toan,
2026-11-20,2026-11-20,12,10,khong,Mậu Tuất,khong,khong,khong,khong,khong,khong,0,tinh-toan,
2026-11-21,2026-11-21,13,10,khong,Kỷ Hợi,co,khong,khong,khong,khong,khong,1,tinh-toan,
2026-11-22,2026-11-22,14,10,khong,Canh Tý,khong,co,khong,khong,khong,khong,1,tinh-toan,
2026-11-23,2026-11-23,15,10,khong,Tân Sửu,khong,khong,khong,khong,khong,khong,0,tinh-toan,
2026-11-24,2026-11-24,16,10,khong,Nhâm Dần,khong,khong,khong,khong,khong,khong,0,tinh-toan,
2026-11-25,2026-11-25,17,10,khong,Quý Mão,khong,khong,khong,khong,khong,khong,0,tinh-toan,
2026-11-26,2026-11-26,18,10,khong,Giáp Thìn,co,khong,khong,co,khong,khong,2,tinh-toan,
2026-11-27,2026-11-27,19,10,khong,Ất Tỵ,khong,khong,khong,khong,khong,khong,0,tinh-toan,
2026-11-28,2026-11-28,20,10,khong,Bính Ngọ,khong,khong,khong,khong,khong,khong,0,tinh-toan,
2026-11-29,2026-11-29,21,10,khong,Đinh Mùi,khong,khong,khong,khong,khong,khong,0,tinh-toan,
2026-11-30,2026-11-30,22,10,khong,Mậu Thân,co,khong,khong,khong,co,co,2,tinh-toan,
2026-12-01,2026-12-01,23,10,khong,Kỷ Dậu,khong,co,co,khong,khong,khong,2,tinh-toan,
2026-12-02,2026-12-02,24,10,khong,Canh Tuất,khong,khong,khong,khong,khong,khong,0,tinh-toan,
2026-12-03,2026-12-03,25,10,khong,Tân Hợi,khong,khong,khong,khong,khong,khong,0,tinh-toan,
2026-12-04,2026-12-04,26,10,khong,Nhâm Tý,khong,khong,khong,khong,khong,khong,0,tinh-toan,
2026-12-05,2026-12-05,27,10,khong,Quý Sửu,co,khong,khong,khong,khong,khong,1,tinh-toan,
2026-12-06,2026-12-06,28,10,khong,Giáp Dần,khong,khong,khong,khong,khong,khong,0,tinh-toan,
2026-12-07,2026-12-07,29,10,khong,Ất Mão,khong,khong,khong,khong,khong,khong,0,tinh-toan,
2026-12-08,2026-12-08,30,10,khong,Bính Thìn,khong,khong,khong,co,khong,khong,1,tinh-toan,
2026-12-09,2026-12-09,1,11,khong,Đinh Tỵ,khong,khong,khong,khong,khong,khong,0,tinh-toan,
2026-12-10,2026-12-10,2,11,khong,Mậu Ngọ,khong,khong,khong,khong,khong,khong,0,tinh-toan,
2026-12-11,2026-12-11,3,11,khong,Kỷ Mùi,co,khong,khong,co,khong,khong,2,tinh-toan,
2026-12-12,2026-12-12,4,11,khong,Canh Thân,khong,khong,khong,khong,khong,khong,0,tinh-toan,
2026-12-13,2026-12-13,5,11,khong,Tân Dậu,khong,co,khong,khong,khong,khong,1,tinh-toan,
2026-12-14,2026-12-14,6,11,khong,Nhâm Tuất,khong,khong,khong,khong,khong,khong,0,tinh-toan,
2026-12-15,2026-12-15,7,11,khong,Quý Hợi,co,khong,khong,khong,khong,khong,1,tinh-toan,
2026-12-16,2026-12-16,8,11,khong,Giáp Tý,khong,khong,khong,khong,khong,khong,0,tinh-toan,
2026-12-17,2026-12-17,9,11,khong,Ất Sửu,khong,khong,khong,khong,khong,khong,0,tinh-toan,
2026-12-18,2026-12-18,10,11,khong,Bính Dần,khong,khong,co,khong,khong,khong,1,tinh-toan,
2026-12-19,2026-12-19,11,11,khong,Đinh Mão,khong,khong,khong,khong,khong,co,0,tinh-toan,
2026-12-20,2026-12-20,12,11,khong,Mậu Thìn,khong,khong,khong,khong,khong,khong,0,tinh-toan,
2026-12-21,2026-12-21,13,11,khong,Kỷ Tỵ,co,khong,khong,khong,khong,khong,1,tinh-toan,
2026-12-22,2026-12-22,14,11,khong,Canh Ngọ,khong,co,khong,khong,khong,khong,1,tinh-toan,
2026-12-23,2026-12-23,15,11,khong,Tân Mùi,khong,khong,khong,co,khong,khong,1,tinh-toan,
2026-12-24,2026-12-24,16,11,khong,Nhâm Thân,khong,khong,khong,khong,khong,khong,0,tinh-toan,
2026-12-25,2026-12-25,17,11,khong,Quý Dậu,khong,khong,khong,khong,khong,khong,0,tinh-toan,
2026-12-26,2026-12-26,18,11,khong,Giáp Tuất,co,khong,khong,khong,khong,khong,1,tinh-toan,
2026-12-27,2026-12-27,19,11,khong,Ất Hợi,khong,khong,khong,khong,khong,khong,0,tinh-toan,
2026-12-28,2026-12-28,20,11,khong,Bính Tý,khong,khong,khong,khong,khong,khong,0,tinh-toan,
2026-12-29,2026-12-29,21,11,khong,Đinh Sửu,khong,khong,khong,khong,khong,khong,0,tinh-toan,
2026-12-30,2026-12-30,22,11,khong,Mậu Dần,co,khong,co,khong,khong,khong,2,tinh-toan,
2026-12-31,2026-12-31,23,11,khong,Kỷ Mão,khong,co,khong,khong,khong,co,1,tinh-toan,
2027-01-01,2027-01-01,24,11,khong,Canh Thìn,khong,khong,khong,khong,khong,khong,0,tinh-toan,
2027-01-02,2027-01-02,25,11,khong,Tân Tỵ,khong,khong,khong,khong,khong,khong,0,tinh-toan,
2027-01-03,2027-01-03,26,11,khong,Nhâm Ngọ,khong,khong,khong,khong,khong,khong,0,tinh-toan,
2027-01-04,2027-01-04,27,11,khong,Quý Mùi,co,khong,khong,co,khong,khong,2,tinh-toan,
2027-01-05,2027-01-05,28,11,khong,Giáp Thân,khong,khong,khong,khong,khong,khong,0,tinh-toan,
2027-01-06,2027-01-06,29,11,khong,Ất Dậu,khong,khong,khong,khong,khong,khong,0,tinh-toan,
2027-01-07,2027-01-07,30,11,khong,Bính Tuất,khong,khong,khong,khong,khong,khong,0,tinh-toan,
2027-01-08,2027-01-08,1,12,khong,Đinh Hợi,khong,khong,khong,khong,khong,khong,0,tinh-toan,
2027-01-09,2027-01-09,2,12,khong,Mậu Tý,khong,khong,khong,khong,khong,khong,0,tinh-toan,
2027-01-10,2027-01-10,3,12,khong,Kỷ Sửu,co,khong,khong,khong,khong,khong,1,tinh-toan,
2027-01-11,2027-01-11,4,12,khong,Canh Dần,khong,khong,khong,khong,khong,khong,0,tinh-toan,
2027-01-12,2027-01-12,5,12,khong,Tân Mão,khong,co,khong,khong,khong,khong,1,tinh-toan,
2027-01-13,2027-01-13,6,12,khong,Nhâm Thìn,khong,khong,co,co,khong,khong,1,tinh-toan,
2027-01-14,2027-01-14,7,12,khong,Quý Tỵ,co,khong,khong,khong,khong,khong,1,tinh-toan,
2027-01-15,2027-01-15,8,12,khong,Giáp Ngọ,khong,khong,khong,khong,khong,khong,0,tinh-toan,
2027-01-16,2027-01-16,9,12,khong,Ất Mùi,khong,khong,khong,khong,khong,khong,0,tinh-toan,
2027-01-17,2027-01-17,10,12,khong,Bính Thân,khong,khong,khong,khong,khong,khong,0,tinh-toan,
2027-01-18,2027-01-18,11,12,khong,Đinh Dậu,khong,khong,khong,khong,khong,co,0,tinh-toan,
2027-01-19,2027-01-19,12,12,khong,Mậu Tuất,khong,khong,khong,khong,khong,khong,0,tinh-toan,
2027-01-20,2027-01-20,13,12,khong,Kỷ Hợi,co,khong,khong,khong,khong,khong,1,tinh-toan,
2027-01-21,2027-01-21,14,12,khong,Canh Tý,khong,co,khong,khong,khong,khong,1,tinh-toan,
2027-01-22,2027-01-22,15,12,khong,Tân Sửu,khong,khong,khong,khong,khong,khong,0,tinh-toan,
2027-01-23,2027-01-23,16,12,khong,Nhâm Dần,khong,khong,khong,khong,khong,khong,0,tinh-toan,
2027-01-24,2027-01-24,17,12,khong,Quý Mão,khong,khong,khong,khong,khong,khong,0,tinh-toan,
2027-01-25,2027-01-25,18,12,khong,Giáp Thìn,co,khong,co,co,khong,khong,2,tinh-toan,
2027-01-26,2027-01-26,19,12,khong,Ất Tỵ,khong,khong,khong,khong,khong,khong,0,tinh-toan,
2027-01-27,2027-01-27,20,12,khong,Bính Ngọ,khong,khong,khong,khong,khong,khong,0,tinh-toan,
2027-01-28,2027-01-28,21,12,khong,Đinh Mùi,khong,khong,khong,khong,khong,khong,0,tinh-toan,
2027-01-29,2027-01-29,22,12,khong,Mậu Thân,co,khong,khong,khong,khong,khong,1,tinh-toan,
2027-01-30,2027-01-30,23,12,khong,Kỷ Dậu,khong,co,khong,khong,khong,co,1,tinh-toan,
2027-01-31,2027-01-31,24,12,khong,Canh Tuất,khong,khong,khong,khong,khong,khong,0,tinh-toan,
2027-02-01,2027-02-01,25,12,khong,Tân Hợi,khong,khong,khong,khong,khong,khong,0,tinh-toan,
2027-02-02,2027-02-02,26,12,khong,Nhâm Tý,khong,khong,khong,khong,khong,khong,0,tinh-toan,
2027-02-03,2027-02-03,27,12,khong,Quý Sửu,co,khong,khong,khong,khong,khong,1,tinh-toan,
2027-02-04,2027-02-04,28,12,khong,Giáp Dần,khong,khong,khong,khong,khong,khong,0,tinh-toan,
2027-02-05,2027-02-05,29,12,khong,Ất Mão,khong,khong,khong,khong,khong,khong,0,tinh-toan,
2027-02-06,2027-02-06,1,1,khong,Bính Thìn,khong,khong,khong,khong,khong,khong,0,tinh-toan,
2027-02-07,2027-02-07,2,1,khong,Đinh Tỵ,khong,khong,co,khong,khong,khong,1,tinh-toan,
2027-02-08,2027-02-08,3,1,khong,Mậu Ngọ,co,khong,khong,khong,khong,khong,1,tinh-toan,
2027-02-09,2027-02-09,4,1,khong,Kỷ Mùi,khong,khong,khong,khong,khong,khong,0,tinh-toan,
2027-02-10,2027-02-10,5,1,khong,Canh Thân,khong,co,khong,khong,khong,khong,1,tinh-toan,
2027-02-11,2027-02-11,6,1,khong,Tân Dậu,khong,khong,khong,khong,khong,khong,0,tinh-toan,
2027-02-12,2027-02-12,7,1,khong,Nhâm Tuất,co,khong,khong,khong,khong,co,1,tinh-toan,
2027-02-13,2027-02-13,8,1,khong,Quý Hợi,khong,khong,khong,khong,khong,khong,0,tinh-toan,
2027-02-14,2027-02-14,9,1,khong,Giáp Tý,khong,khong,khong,co,khong,khong,1,tinh-toan,
2027-02-15,2027-02-15,10,1,khong,Ất Sửu,khong,khong,khong,khong,khong,khong,0,tinh-toan,
2027-02-16,2027-02-16,11,1,khong,Bính Dần,khong,khong,khong,khong,khong,khong,0,tinh-toan,
2027-02-17,2027-02-17,12,1,khong,Đinh Mão,khong,khong,khong,khong,khong,khong,0,tinh-toan,
2027-02-18,2027-02-18,13,1,khong,Mậu Thìn,co,khong,khong,khong,khong,khong,1,tinh-toan,
2027-02-19,2027-02-19,14,1,khong,Kỷ Tỵ,khong,co,co,khong,khong,khong,2,tinh-toan,
2027-02-20,2027-02-20,15,1,khong,Canh Ngọ,khong,khong,khong,khong,khong,khong,0,tinh-toan,
2027-02-21,2027-02-21,16,1,khong,Tân Mùi,khong,khong,khong,khong,khong,khong,0,tinh-toan,
2027-02-22,2027-02-22,17,1,khong,Nhâm Thân,khong,khong,khong,khong,khong,khong,0,tinh-toan,
2027-02-23,2027-02-23,18,1,khong,Quý Dậu,co,khong,khong,khong,khong,khong,1,tinh-toan,
2027-02-24,2027-02-24,19,1,khong,Giáp Tuất,khong,khong,khong,khong,khong,co,0,tinh-toan,
2027-02-25,2027-02-25,20,1,khong,Ất Hợi,khong,khong,khong,khong,khong,khong,0,tinh-toan,
2027-02-26,2027-02-26,21,1,khong,Bính Tý,khong,khong,khong,co,khong,khong,1,tinh-toan,
2027-02-27,2027-02-27,22,1,khong,Đinh Sửu,co,khong,khong,khong,khong,khong,1,tinh-toan,
2027-02-28,2027-02-28,23,1,khong,Mậu Dần,khong,co,khong,khong,khong,khong,1,tinh-toan,
2027-03-01,2027-03-01,24,1,khong,Kỷ Mão,khong,khong,khong,khong,khong,khong,0,tinh-toan,
2027-03-02,2027-03-02,25,1,khong,Canh Thìn,khong,khong,khong,khong,khong,khong,0,tinh-toan,
2027-03-03,2027-03-03,26,1,khong,Tân Tỵ,khong,khong,co,khong,khong,khong,1,tinh-toan,
2027-03-04,2027-03-04,27,1,khong,Nhâm Ngọ,co,khong,khong,khong,khong,khong,1,tinh-toan,
2027-03-05,2027-03-05,28,1,khong,Quý Mùi,khong,khong,khong,khong,khong,khong,0,tinh-toan,
2027-03-06,2027-03-06,29,1,khong,Giáp Thân,khong,khong,khong,khong,khong,khong,0,tinh-toan,
2027-03-07,2027-03-07,30,1,khong,Ất Dậu,khong,khong,khong,khong,khong,khong,0,tinh-toan,
2027-03-08,2027-03-08,1,2,khong,Bính Tuất,khong,khong,khong,khong,khong,khong,0,tinh-toan,
2027-03-09,2027-03-09,2,2,khong,Đinh Hợi,khong,khong,khong,khong,khong,khong,0,tinh-toan,
2027-03-10,2027-03-10,3,2,khong,Mậu Tý,co,khong,co,khong,khong,khong,2,tinh-toan,
2027-03-11,2027-03-11,4,2,khong,Kỷ Sửu,khong,khong,khong,co,khong,khong,1,tinh-toan,
2027-03-12,2027-03-12,5,2,khong,Canh Dần,khong,co,khong,khong,khong,khong,1,tinh-toan,
2027-03-13,2027-03-13,6,2,khong,Tân Mão,khong,khong,khong,khong,khong,khong,0,tinh-toan,
2027-03-14,2027-03-14,7,2,khong,Nhâm Thìn,co,khong,khong,khong,co,co,2,tinh-toan,
2027-03-15,2027-03-15,8,2,khong,Quý Tỵ,khong,khong,khong,khong,khong,khong,0,tinh-toan,
2027-03-16,2027-03-16,9,2,khong,Giáp Ngọ,khong,khong,khong,khong,khong,khong,0,tinh-toan,
2027-03-17,2027-03-17,10,2,khong,Ất Mùi,khong,khong,khong,khong,khong,khong,0,tinh-toan,
2027-03-18,2027-03-18,11,2,khong,Bính Thân,khong,khong,khong,khong,khong,khong,0,tinh-toan,
2027-03-19,2027-03-19,12,2,khong,Đinh Dậu,khong,khong,khong,khong,khong,khong,0,tinh-toan,
2027-03-20,2027-03-20,13,2,khong,Mậu Tuất,co,khong,khong,khong,khong,khong,1,tinh-toan,
2027-03-21,2027-03-21,14,2,khong,Kỷ Hợi,khong,co,khong,khong,khong,khong,1,tinh-toan,
2027-03-22,2027-03-22,15,2,khong,Canh Tý,khong,khong,co,khong,khong,khong,1,tinh-toan,
2027-03-23,2027-03-23,16,2,khong,Tân Sửu,khong,khong,khong,co,khong,khong,1,tinh-toan,
2027-03-24,2027-03-24,17,2,khong,Nhâm Dần,khong,khong,khong,khong,khong,khong,0,tinh-toan,
2027-03-25,2027-03-25,18,2,khong,Quý Mão,co,khong,khong,khong,khong,khong,1,tinh-toan,
2027-03-26,2027-03-26,19,2,khong,Giáp Thìn,khong,khong,khong,khong,khong,co,0,tinh-toan,
2027-03-27,2027-03-27,20,2,khong,Ất Tỵ,khong,khong,khong,khong,khong,khong,0,tinh-toan,
2027-03-28,2027-03-28,21,2,khong,Bính Ngọ,khong,khong,khong,khong,khong,khong,0,tinh-toan,
2027-03-29,2027-03-29,22,2,khong,Đinh Mùi,co,khong,khong,khong,khong,khong,1,tinh-toan,
2027-03-30,2027-03-30,23,2,khong,Mậu Thân,khong,co,khong,khong,khong,khong,1,tinh-toan,
2027-03-31,2027-03-31,24,2,khong,Kỷ Dậu,khong,khong,khong,khong,khong,khong,0,tinh-toan,
2027-04-01,2027-04-01,25,2,khong,Canh Tuất,khong,khong,khong,khong,khong,khong,0,tinh-toan,
2027-04-02,2027-04-02,26,2,khong,Tân Hợi,khong,khong,khong,khong,khong,khong,0,tinh-toan,
2027-04-03,2027-04-03,27,2,khong,Nhâm Tý,co,khong,co,khong,khong,khong,2,tinh-toan,
2027-04-04,2027-04-04,28,2,khong,Quý Sửu,khong,khong,khong,co,khong,khong,1,tinh-toan,
2027-04-05,2027-04-05,29,2,khong,Giáp Dần,khong,khong,khong,khong,khong,khong,0,tinh-toan,
2027-04-06,2027-04-06,30,2,khong,Ất Mão,khong,khong,khong,khong,khong,khong,0,tinh-toan,
2027-04-07,2027-04-07,1,3,khong,Bính Thìn,khong,khong,khong,khong,khong,khong,0,tinh-toan,
2027-04-08,2027-04-08,2,3,khong,Đinh Tỵ,khong,khong,khong,khong,khong,khong,0,tinh-toan,
2027-04-09,2027-04-09,3,3,khong,Mậu Ngọ,co,khong,khong,khong,khong,khong,1,tinh-toan,
2027-04-10,2027-04-10,4,3,khong,Kỷ Mùi,khong,khong,co,khong,khong,khong,1,tinh-toan,
2027-04-11,2027-04-11,5,3,khong,Canh Thân,khong,co,khong,khong,khong,khong,1,tinh-toan,
2027-04-12,2027-04-12,6,3,khong,Tân Dậu,khong,khong,khong,khong,khong,khong,0,tinh-toan,
2027-04-13,2027-04-13,7,3,khong,Nhâm Tuất,co,khong,khong,khong,khong,khong,1,tinh-toan,
2027-04-14,2027-04-14,8,3,khong,Quý Hợi,khong,khong,khong,khong,khong,co,0,tinh-toan,
2027-04-15,2027-04-15,9,3,khong,Giáp Tý,khong,khong,khong,khong,khong,khong,0,tinh-toan,
2027-04-16,2027-04-16,10,3,khong,Ất Sửu,khong,khong,khong,co,khong,khong,1,tinh-toan,
2027-04-17,2027-04-17,11,3,khong,Bính Dần,khong,khong,khong,khong,khong,khong,0,tinh-toan,
2027-04-18,2027-04-18,12,3,khong,Đinh Mão,khong,khong,khong,khong,khong,khong,0,tinh-toan,
2027-04-19,2027-04-19,13,3,khong,Mậu Thìn,co,khong,khong,khong,khong,khong,1,tinh-toan,
2027-04-20,2027-04-20,14,3,khong,Kỷ Tỵ,khong,co,khong,khong,khong,khong,1,tinh-toan,
2027-04-21,2027-04-21,15,3,khong,Canh Ngọ,khong,khong,khong,khong,khong,khong,0,tinh-toan,
2027-04-22,2027-04-22,16,3,khong,Tân Mùi,khong,khong,co,khong,khong,khong,1,tinh-toan,
2027-04-23,2027-04-23,17,3,khong,Nhâm Thân,khong,khong,khong,khong,khong,khong,0,tinh-toan,
2027-04-24,2027-04-24,18,3,khong,Quý Dậu,co,khong,khong,khong,khong,khong,1,tinh-toan,
2027-04-25,2027-04-25,19,3,khong,Giáp Tuất,khong,khong,khong,khong,khong,khong,0,tinh-toan,
2027-04-26,2027-04-26,20,3,khong,Ất Hợi,khong,khong,khong,khong,khong,co,0,tinh-toan,
2027-04-27,2027-04-27,21,3,khong,Bính Tý,khong,khong,khong,khong,khong,khong,0,tinh-toan,
2027-04-28,2027-04-28,22,3,khong,Đinh Sửu,co,khong,khong,co,khong,khong,2,tinh-toan,
2027-04-29,2027-04-29,23,3,khong,Mậu Dần,khong,co,khong,khong,khong,khong,1,tinh-toan,
2027-04-30,2027-04-30,24,3,khong,Kỷ Mão,khong,khong,khong,khong,khong,khong,0,tinh-toan,
2027-05-01,2027-05-01,25,3,khong,Canh Thìn,khong,khong,khong,khong,khong,khong,0,tinh-toan,
2027-05-02,2027-05-02,26,3,khong,Tân Tỵ,khong,khong,khong,khong,khong,khong,0,tinh-toan,
2027-05-03,2027-05-03,27,3,khong,Nhâm Ngọ,co,khong,khong,khong,khong,khong,1,tinh-toan,
2027-05-04,2027-05-04,28,3,khong,Quý Mùi,khong,khong,co,khong,khong,khong,1,tinh-toan,
2027-05-05,2027-05-05,29,3,khong,Giáp Thân,khong,khong,khong,khong,khong,khong,0,tinh-toan,
2027-05-06,2027-05-06,1,4,khong,Ất Dậu,khong,khong,khong,khong,khong,khong,0,tinh-toan,
2027-05-07,2027-05-07,2,4,khong,Bính Tuất,khong,khong,khong,co,khong,khong,1,tinh-toan,
2027-05-08,2027-05-08,3,4,khong,Đinh Hợi,co,khong,khong,khong,khong,khong,1,tinh-toan,
2027-05-09,2027-05-09,4,4,khong,Mậu Tý,khong,khong,khong,khong,khong,khong,0,tinh-toan,
2027-05-10,2027-05-10,5,4,khong,Kỷ Sửu,khong,co,khong,khong,khong,khong,1,tinh-toan,
2027-05-11,2027-05-11,6,4,khong,Canh Dần,khong,khong,khong,khong,khong,khong,0,tinh-toan,
2027-05-12,2027-05-12,7,4,khong,Tân Mão,co,khong,co,khong,khong,khong,2,tinh-toan,
2027-05-13,2027-05-13,8,4,khong,Nhâm Thìn,khong,khong,khong,khong,khong,khong,0,tinh-toan,
2027-05-14,2027-05-14,9,4,khong,Quý Tỵ,khong,khong,khong,khong,khong,co,0,tinh-toan,
2027-05-15,2027-05-15,10,4,khong,Giáp Ngọ,khong,khong,khong,khong,khong,khong,0,tinh-toan,
2027-05-16,2027-05-16,11,4,khong,Ất Mùi,khong,khong,khong,khong,khong,khong,0,tinh-toan,
2027-05-17,2027-05-17,12,4,khong,Bính Thân,khong,khong,khong,khong,khong,khong,0,tinh-toan,
2027-05-18,2027-05-18,13,4,khong,Đinh Dậu,co,khong,khong,khong,khong,khong,1,tinh-toan,
2027-05-19,2027-05-19,14,4,khong,Mậu Tuất,khong,co,khong,co,khong,khong,2,tinh-toan,
2027-05-20,2027-05-20,15,4,khong,Kỷ Hợi,khong,khong,khong,khong,khong,khong,0,tinh-toan,
2027-05-21,2027-05-21,16,4,khong,Canh Tý,khong,khong,khong,khong,khong,khong,0,tinh-toan,
2027-05-22,2027-05-22,17,4,khong,Tân Sửu,khong,khong,khong,khong,khong,khong,0,tinh-toan,
2027-05-23,2027-05-23,18,4,khong,Nhâm Dần,co,khong,khong,khong,khong,khong,1,tinh-toan,
2027-05-24,2027-05-24,19,4,khong,Quý Mão,khong,khong,co,khong,khong,khong,1,tinh-toan,
2027-05-25,2027-05-25,20,4,khong,Giáp Thìn,khong,khong,khong,khong,khong,khong,0,tinh-toan,
2027-05-26,2027-05-26,21,4,khong,Ất Tỵ,khong,khong,khong,khong,khong,co,0,tinh-toan,
2027-05-27,2027-05-27,22,4,khong,Bính Ngọ,co,khong,khong,khong,khong,khong,1,tinh-toan,
2027-05-28,2027-05-28,23,4,khong,Đinh Mùi,khong,co,khong,khong,khong,khong,1,tinh-toan,
2027-05-29,2027-05-29,24,4,khong,Mậu Thân,khong,khong,khong,khong,khong,khong,0,tinh-toan,
2027-05-30,2027-05-30,25,4,khong,Kỷ Dậu,khong,khong,khong,khong,khong,khong,0,tinh-toan,
2027-05-31,2027-05-31,26,4,khong,Canh Tuất,khong,khong,khong,co,khong,khong,1,tinh-toan,
2027-06-01,2027-06-01,27,4,khong,Tân Hợi,co,khong,khong,khong,khong,khong,1,tinh-toan,
2027-06-02,2027-06-02,28,4,khong,Nhâm Tý,khong,khong,khong,khong,khong,khong,0,tinh-toan,
2027-06-03,2027-06-03,29,4,khong,Quý Sửu,khong,khong,khong,khong,khong,khong,0,tinh-toan,
2027-06-04,2027-06-04,30,4,khong,Giáp Dần,khong,khong,khong,khong,khong,khong,0,tinh-toan,
2027-06-05,2027-06-05,1,5,khong,Ất Mão,khong,khong,khong,khong,khong,khong,0,tinh-toan,
2027-06-06,2027-06-06,2,5,khong,Bính Thìn,khong,khong,khong,co,khong,khong,1,tinh-toan,
2027-06-07,2027-06-07,3,5,khong,Đinh Tỵ,co,khong,khong,khong,khong,khong,1,tinh-toan,
2027-06-08,2027-06-08,4,5,khong,Mậu Ngọ,khong,khong,khong,khong,khong,khong,0,tinh-toan,
2027-06-09,2027-06-09,5,5,khong,Kỷ Mùi,khong,co,khong,khong,khong,khong,1,tinh-toan,
2027-06-10,2027-06-10,6,5,khong,Canh Thân,khong,khong,co,khong,khong,khong,1,tinh-toan,
2027-06-11,2027-06-11,7,5,khong,Tân Dậu,co,khong,khong,khong,khong,khong,1,tinh-toan,
2027-06-12,2027-06-12,8,5,khong,Nhâm Tuất,khong,khong,khong,khong,khong,khong,0,tinh-toan,
2027-06-13,2027-06-13,9,5,khong,Quý Hợi,khong,khong,khong,khong,khong,khong,0,tinh-toan,
2027-06-14,2027-06-14,10,5,khong,Giáp Tý,khong,khong,khong,khong,khong,co,0,tinh-toan,
2027-06-15,2027-06-15,11,5,khong,Ất Sửu,khong,khong,khong,khong,khong,khong,0,tinh-toan,
2027-06-16,2027-06-16,12,5,khong,Bính Dần,khong,khong,khong,khong,khong,khong,0,tinh-toan,
2027-06-17,2027-06-17,13,5,khong,Đinh Mão,co,khong,khong,khong,khong,khong,1,tinh-toan,
2027-06-18,2027-06-18,14,5,khong,Mậu Thìn,khong,co,khong,co,khong,khong,2,tinh-toan,
2027-06-19,2027-06-19,15,5,khong,Kỷ Tỵ,khong,khong,khong,khong,khong,khong,0,tinh-toan,
2027-06-20,2027-06-20,16,5,khong,Canh Ngọ,khong,khong,khong,khong,khong,khong,0,tinh-toan,
2027-06-21,2027-06-21,17,5,khong,Tân Mùi,khong,khong,khong,khong,khong,khong,0,tinh-toan,
2027-06-22,2027-06-22,18,5,khong,Nhâm Thân,co,khong,co,khong,khong,khong,2,tinh-toan,
2027-06-23,2027-06-23,19,5,khong,Quý Dậu,khong,khong,khong,khong,khong,khong,0,tinh-toan,
2027-06-24,2027-06-24,20,5,khong,Giáp Tuất,khong,khong,khong,khong,khong,khong,0,tinh-toan,
2027-06-25,2027-06-25,21,5,khong,Ất Hợi,khong,khong,khong,khong,khong,khong,0,tinh-toan,
2027-06-26,2027-06-26,22,5,khong,Bính Tý,co,khong,khong,khong,khong,co,1,tinh-toan,
2027-06-27,2027-06-27,23,5,khong,Đinh Sửu,khong,co,khong,khong,khong,khong,1,tinh-toan,
2027-06-28,2027-06-28,24,5,khong,Mậu Dần,khong,khong,khong,khong,khong,khong,0,tinh-toan,
2027-06-29,2027-06-29,25,5,khong,Kỷ Mão,khong,khong,khong,khong,khong,khong,0,tinh-toan,
2027-06-30,2027-06-30,26,5,khong,Canh Thìn,khong,khong,khong,co,khong,khong,1,tinh-toan,
2027-07-01,2027-07-01,27,5,khong,Tân Tỵ,co,khong,khong,khong,khong,khong,1,tinh-toan,
2027-07-02,2027-07-02,28,5,khong,Nhâm Ngọ,khong,khong,khong,khong,khong,khong,0,tinh-toan,
2027-07-03,2027-07-03,29,5,khong,Quý Mùi,khong,khong,khong,khong,khong,khong,0,tinh-toan,
2027-07-04,2027-07-04,1,6,khong,Giáp Thân,khong,khong,khong,khong,khong,khong,0,tinh-toan,
2027-07-05,2027-07-05,2,6,khong,Ất Dậu,khong,khong,khong,khong,khong,khong,0,tinh-toan,
2027-07-06,2027-07-06,3,6,khong,Bính Tuất,co,khong,co,khong,khong,khong,2,tinh-toan,
2027-07-07,2027-07-07,4,6,khong,Đinh Hợi,khong,khong,khong,khong,khong,khong,0,tinh-toan,
2027-07-08,2027-07-08,5,6,khong,Mậu Tý,khong,co,khong,khong,khong,khong,1,tinh-toan,
2027-07-09,2027-07-09,6,6,khong,Kỷ Sửu,khong,khong,khong,khong,khong,khong,0,tinh-toan,
2027-07-10,2027-07-10,7,6,khong,Canh Dần,co,khong,khong,khong,khong,khong,1,tinh-toan,
2027-07-11,2027-07-11,8,6,khong,Tân Mão,khong,khong,khong,khong,khong,khong,0,tinh-toan,
2027-07-12,2027-07-12,9,6,khong,Nhâm Thìn,khong,khong,khong,co,khong,khong,1,tinh-toan,
2027-07-13,2027-07-13,10,6,khong,Quý Tỵ,khong,khong,khong,khong,khong,khong,0,tinh-toan,
2027-07-14,2027-07-14,11,6,khong,Giáp Ngọ,khong,khong,khong,khong,khong,co,0,tinh-toan,
2027-07-15,2027-07-15,12,6,khong,Ất Mùi,khong,khong,khong,khong,khong,khong,0,tinh-toan,
2027-07-16,2027-07-16,13,6,khong,Bính Thân,co,khong,khong,khong,khong,khong,1,tinh-toan,
2027-07-17,2027-07-17,14,6,khong,Đinh Dậu,khong,co,khong,khong,khong,khong,1,tinh-toan,
2027-07-18,2027-07-18,15,6,khong,Mậu Tuất,khong,khong,co,khong,khong,khong,1,tinh-toan,
2027-07-19,2027-07-19,16,6,khong,Kỷ Hợi,khong,khong,khong,khong,khong,khong,0,tinh-toan,
2027-07-20,2027-07-20,17,6,khong,Canh Tý,khong,khong,khong,khong,khong,khong,0,tinh-toan,
2027-07-21,2027-07-21,18,6,khong,Tân Sửu,co,khong,khong,khong,khong,khong,1,tinh-toan,
2027-07-22,2027-07-22,19,6,khong,Nhâm Dần,khong,khong,khong,khong,khong,khong,0,tinh-toan,
2027-07-23,2027-07-23,20,6,khong,Quý Mão,khong,khong,khong,khong,khong,khong,0,tinh-toan,
2027-07-24,2027-07-24,21,6,khong,Giáp Thìn,khong,khong,khong,co,khong,khong,1,tinh-toan,
2027-07-25,2027-07-25,22,6,khong,Ất Tỵ,co,khong,khong,khong,khong,khong,1,tinh-toan,
2027-07-26,2027-07-26,23,6,khong,Bính Ngọ,khong,co,khong,khong,co,co,2,tinh-toan,
2027-07-27,2027-07-27,24,6,khong,Đinh Mùi,khong,khong,khong,khong,khong,khong,0,tinh-toan,
2027-07-28,2027-07-28,25,6,khong,Mậu Thân,khong,khong,khong,khong,khong,khong,0,tinh-toan,
2027-07-29,2027-07-29,26,6,khong,Kỷ Dậu,khong,khong,khong,khong,khong,khong,0,tinh-toan,
2027-07-30,2027-07-30,27,6,khong,Canh Tuất,co,khong,co,khong,khong,khong,2,tinh-toan,
2027-07-31,2027-07-31,28,6,khong,Tân Hợi,khong,khong,khong,khong,khong,khong,0,tinh-toan,
2027-08-01,2027-08-01,29,6,khong,Nhâm Tý,khong,khong,khong,khong,khong,khong,0,tinh-toan,
2027-08-02,2027-08-02,1,7,khong,Quý Sửu,khong,khong,khong,co,khong,co,1,tinh-toan,
2027-08-03,2027-08-03,2,7,khong,Giáp Dần,khong,khong,khong,khong,khong,khong,0,tinh-toan,
2027-08-04,2027-08-04,3,7,khong,Ất Mão,co,khong,khong,khong,khong,khong,1,tinh-toan,
2027-08-05,2027-08-05,4,7,khong,Bính Thìn,khong,khong,khong,khong,khong,khong,0,tinh-toan,
2027-08-06,2027-08-06,5,7,khong,Đinh Tỵ,khong,co,khong,khong,khong,khong,1,tinh-toan,
2027-08-07,2027-08-07,6,7,khong,Mậu Ngọ,khong,khong,khong,khong,khong,khong,0,tinh-toan,
2027-08-08,2027-08-08,7,7,khong,Kỷ Mùi,co,khong,khong,khong,khong,khong,1,tinh-toan,
2027-08-09,2027-08-09,8,7,khong,Canh Thân,khong,khong,khong,khong,khong,khong,0,tinh-toan,
2027-08-10,2027-08-10,9,7,khong,Tân Dậu,khong,khong,khong,khong,khong,khong,0,tinh-toan,
2027-08-11,2027-08-11,10,7,khong,Nhâm Tuất,khong,khong,khong,khong,khong,khong,0,tinh-toan,
2027-08-12,2027-08-12,11,7,khong,Quý Hợi,khong,khong,co,khong,khong,khong,1,tinh-toan,
2027-08-13,2027-08-13,12,7,khong,Giáp Tý,khong,khong,khong,khong,khong,khong,0,tinh-toan,
2027-08-14,2027-08-14,13,7,khong,Ất Sửu,co,khong,khong,co,co,co,3,tinh-toan,
2027-08-15,2027-08-15,14,7,khong,Bính Dần,khong,co,khong,khong,khong,khong,1,tinh-toan,
2027-08-16,2027-08-16,15,7,khong,Đinh Mão,khong,khong,khong,khong,khong,khong,0,tinh-toan,
2027-08-17,2027-08-17,16,7,khong,Mậu Thìn,khong,khong,khong,khong,khong,khong,0,tinh-toan,
2027-08-18,2027-08-18,17,7,khong,Kỷ Tỵ,khong,khong,khong,khong,khong,khong,0,tinh-toan,
2027-08-19,2027-08-19,18,7,khong,Canh Ngọ,co,khong,khong,khong,khong,khong,1,tinh-toan,
2027-08-20,2027-08-20,19,7,khong,Tân Mùi,khong,khong,khong,khong,khong,khong,0,tinh-toan,
2027-08-21,2027-08-21,20,7,khong,Nhâm Thân,khong,khong,khong,khong,khong,khong,0,tinh-toan,
2027-08-22,2027-08-22,21,7,khong,Quý Dậu,khong,khong,khong,khong,khong,khong,0,tinh-toan,
2027-08-23,2027-08-23,22,7,khong,Giáp Tuất,co,khong,khong,khong,khong,khong,1,tinh-toan,
2027-08-24,2027-08-24,23,7,khong,Ất Hợi,khong,co,co,khong,khong,khong,2,tinh-toan,
2027-08-25,2027-08-25,24,7,khong,Bính Tý,khong,khong,khong,khong,khong,khong,0,tinh-toan,
2027-08-26,2027-08-26,25,7,khong,Đinh Sửu,khong,khong,khong,co,khong,co,1,tinh-toan,
2027-08-27,2027-08-27,26,7,khong,Mậu Dần,khong,khong,khong,khong,khong,khong,0,tinh-toan,
2027-08-28,2027-08-28,27,7,khong,Kỷ Mão,co,khong,khong,khong,khong,khong,1,tinh-toan,
2027-08-29,2027-08-29,28,7,khong,Canh Thìn,khong,khong,khong,khong,khong,khong,0,tinh-toan,
2027-08-30,2027-08-30,29,7,khong,Tân Tỵ,khong,khong,khong,khong,khong,khong,0,tinh-toan,
2027-08-31,2027-08-31,30,7,khong,Nhâm Ngọ,khong,khong,khong,khong,khong,khong,0,tinh-toan,
2027-09-01,2027-09-01,1,8,khong,Quý Mùi,khong,khong,khong,khong,co,co,1,tinh-toan,
2027-09-02,2027-09-02,2,8,khong,Giáp Thân,khong,khong,khong,khong,khong,khong,0,tinh-toan,
2027-09-03,2027-09-03,3,8,khong,Ất Dậu,co,khong,khong,khong,khong,khong,1,tinh-toan,
2027-09-04,2027-09-04,4,8,khong,Bính Tuất,khong,khong,khong,khong,khong,khong,0,tinh-toan,
2027-09-05,2027-09-05,5,8,khong,Đinh Hợi,khong,co,khong,khong,khong,khong,1,tinh-toan,
2027-09-06,2027-09-06,6,8,khong,Mậu Tý,khong,khong,khong,khong,khong,khong,0,tinh-toan,
2027-09-07,2027-09-07,7,8,khong,Kỷ Sửu,co,khong,co,khong,khong,khong,2,tinh-toan,
2027-09-08,2027-09-08,8,8,khong,Canh Dần,khong,khong,khong,khong,khong,khong,0,tinh-toan,
2027-09-09,2027-09-09,9,8,khong,Tân Mão,khong,khong,khong,khong,khong,khong,0,tinh-toan,
2027-09-10,2027-09-10,10,8,khong,Nhâm Thìn,khong,khong,khong,co,khong,khong,1,tinh-toan,
2027-09-11,2027-09-11,11,8,khong,Quý Tỵ,khong,khong,khong,khong,khong,khong,0,tinh-toan,
2027-09-12,2027-09-12,12,8,khong,Giáp Ngọ,khong,khong,khong,khong,khong,khong,0,tinh-toan,
2027-09-13,2027-09-13,13,8,khong,Ất Mùi,co,khong,khong,khong,khong,co,1,tinh-toan,
2027-09-14,2027-09-14,14,8,khong,Bính Thân,khong,co,khong,khong,khong,khong,1,tinh-toan,
2027-09-15,2027-09-15,15,8,khong,Đinh Dậu,khong,khong,khong,khong,khong,khong,0,tinh-toan,
2027-09-16,2027-09-16,16,8,khong,Mậu Tuất,khong,khong,khong,khong,khong,khong,0,tinh-toan,
2027-09-17,2027-09-17,17,8,khong,Kỷ Hợi,khong,khong,khong,khong,khong,khong,0,tinh-toan,
2027-09-18,2027-09-18,18,8,khong,Canh Tý,co,khong,khong,khong,khong,khong,1,tinh-toan,
2027-09-19,2027-09-19,19,8,khong,Tân Sửu,khong,khong,co,khong,khong,khong,1,tinh-toan,
2027-09-20,2027-09-20,20,8,khong,Nhâm Dần,khong,khong,khong,khong,khong,khong,0,tinh-toan,
2027-09-21,2027-09-21,21,8,khong,Quý Mão,khong,khong,khong,khong,khong,khong,0,tinh-toan,
2027-09-22,2027-09-22,22,8,khong,Giáp Thìn,co,khong,khong,co,khong,khong,2,tinh-toan,
2027-09-23,2027-09-23,23,8,khong,Ất Tỵ,khong,co,khong,khong,khong,khong,1,tinh-toan,
2027-09-24,2027-09-24,24,8,khong,Bính Ngọ,khong,khong,khong,khong,khong,khong,0,tinh-toan,
2027-09-25,2027-09-25,25,8,khong,Đinh Mùi,khong,khong,khong,khong,khong,co,0,tinh-toan,
2027-09-26,2027-09-26,26,8,khong,Mậu Thân,khong,khong,khong,khong,khong,khong,0,tinh-toan,
2027-09-27,2027-09-27,27,8,khong,Kỷ Dậu,co,khong,khong,khong,khong,khong,1,tinh-toan,
2027-09-28,2027-09-28,28,8,khong,Canh Tuất,khong,khong,khong,khong,khong,khong,0,tinh-toan,
2027-09-29,2027-09-29,29,8,khong,Tân Hợi,khong,khong,khong,khong,khong,khong,0,tinh-toan,
2027-09-30,2027-09-30,1,9,khong,Nhâm Tý,khong,khong,khong,khong,khong,khong,0,tinh-toan,
2027-10-01,2027-10-01,2,9,khong,Quý Sửu,khong,khong,khong,co,khong,khong,1,tinh-toan,
2027-10-02,2027-10-02,3,9,khong,Giáp Dần,co,khong,khong,khong,co,co,2,tinh-toan,
2027-10-03,2027-10-03,4,9,khong,Ất Mão,khong,khong,khong,khong,khong,khong,0,tinh-toan,
2027-10-04,2027-10-04,5,9,khong,Bính Thìn,khong,co,khong,khong,khong,khong,1,tinh-toan,
2027-10-05,2027-10-05,6,9,khong,Đinh Tỵ,khong,khong,khong,khong,khong,khong,0,tinh-toan,
2027-10-06,2027-10-06,7,9,khong,Mậu Ngọ,co,khong,co,khong,khong,khong,2,tinh-toan,
2027-10-07,2027-10-07,8,9,khong,Kỷ Mùi,khong,khong,khong,khong,khong,khong,0,tinh-toan,
2027-10-08,2027-10-08,9,9,khong,Canh Thân,khong,khong,khong,khong,khong,khong,0,tinh-toan,
2027-10-09,2027-10-09,10,9,khong,Tân Dậu,khong,khong,khong,khong,khong,khong,0,tinh-toan,
2027-10-10,2027-10-10,11,9,khong,Nhâm Tuất,khong,khong,khong,khong,khong,khong,0,tinh-toan,
2027-10-11,2027-10-11,12,9,khong,Quý Hợi,khong,khong,khong,khong,khong,khong,0,tinh-toan,
2027-10-12,2027-10-12,13,9,khong,Giáp Tý,co,khong,khong,khong,khong,khong,1,tinh-toan,
2027-10-13,2027-10-13,14,9,khong,Ất Sửu,khong,co,khong,co,khong,khong,2,tinh-toan,
2027-10-14,2027-10-14,15,9,khong,Bính Dần,khong,khong,khong,khong,khong,co,0,tinh-toan,
2027-10-15,2027-10-15,16,9,khong,Đinh Mão,khong,khong,khong,khong,khong,khong,0,tinh-toan,
2027-10-16,2027-10-16,17,9,khong,Mậu Thìn,khong,khong,khong,khong,khong,khong,0,tinh-toan,
2027-10-17,2027-10-17,18,9,khong,Kỷ Tỵ,co,khong,khong,khong,khong,khong,1,tinh-toan,
2027-10-18,2027-10-18,19,9,khong,Canh Ngọ,khong,khong,co,khong,khong,khong,1,tinh-toan,
2027-10-19,2027-10-19,20,9,khong,Tân Mùi,khong,khong,khong,khong,khong,khong,0,tinh-toan,
2027-10-20,2027-10-20,21,9,khong,Nhâm Thân,khong,khong,khong,khong,khong,khong,0,tinh-toan,
2027-10-21,2027-10-21,22,9,khong,Quý Dậu,co,khong,khong,khong,khong,khong,1,tinh-toan,
2027-10-22,2027-10-22,23,9,khong,Giáp Tuất,khong,co,khong,khong,khong,khong,1,tinh-toan,
2027-10-23,2027-10-23,24,9,khong,Ất Hợi,khong,khong,khong,khong,khong,khong,0,tinh-toan,
2027-10-24,2027-10-24,25,9,khong,Bính Tý,khong,khong,khong,khong,khong,khong,0,tinh-toan,
2027-10-25,2027-10-25,26,9,khong,Đinh Sửu,khong,khong,khong,co,khong,khong,1,tinh-toan,
2027-10-26,2027-10-26,27,9,khong,Mậu Dần,co,khong,khong,khong,khong,co,1,tinh-toan,
2027-10-27,2027-10-27,28,9,khong,Kỷ Mão,khong,khong,khong,khong,khong,khong,0,tinh-toan,
2027-10-28,2027-10-28,29,9,khong,Canh Thìn,khong,khong,khong,khong,khong,khong,0,tinh-toan,
2027-10-29,2027-10-29,1,10,khong,Tân Tỵ,khong,khong,khong,khong,khong,khong,0,tinh-toan,
2027-10-30,2027-10-30,2,10,khong,Nhâm Ngọ,khong,khong,khong,khong,khong,khong,0,tinh-toan,
2027-10-31,2027-10-31,3,10,khong,Quý Mùi,co,khong,khong,khong,khong,khong,1,tinh-toan,
2027-11-01,2027-11-01,4,10,khong,Giáp Thân,khong,khong,khong,khong,khong,co,0,tinh-toan,
2027-11-02,2027-11-02,5,10,khong,Ất Dậu,khong,co,co,khong,khong,khong,2,tinh-toan,
2027-11-03,2027-11-03,6,10,khong,Bính Tuất,khong,khong,khong,khong,khong,khong,0,tinh-toan,
2027-11-04,2027-11-04,7,10,khong,Đinh Hợi,co,khong,khong,khong,khong,khong,1,tinh-toan,
2027-11-05,2027-11-05,8,10,khong,Mậu Tý,khong,khong,khong,khong,khong,khong,0,tinh-toan,
2027-11-06,2027-11-06,9,10,khong,Kỷ Sửu,khong,khong,khong,khong,khong,khong,0,tinh-toan,
2027-11-07,2027-11-07,10,10,khong,Canh Dần,khong,khong,khong,khong,khong,khong,0,tinh-toan,
2027-11-08,2027-11-08,11,10,khong,Tân Mão,khong,khong,khong,khong,khong,khong,0,tinh-toan,
2027-11-09,2027-11-09,12,10,khong,Nhâm Thìn,khong,khong,khong,co,khong,khong,1,tinh-toan,
2027-11-10,2027-11-10,13,10,khong,Quý Tỵ,co,khong,khong,khong,khong,khong,1,tinh-toan,
2027-11-11,2027-11-11,14,10,khong,Giáp Ngọ,khong,co,khong,khong,khong,khong,1,tinh-toan,
2027-11-12,2027-11-12,15,10,khong,Ất Mùi,khong,khong,khong,khong,khong,khong,0,tinh-toan,
2027-11-13,2027-11-13,16,10,khong,Bính Thân,khong,khong,khong,khong,khong,co,0,tinh-toan,
2027-11-14,2027-11-14,17,10,khong,Đinh Dậu,khong,khong,co,khong,khong,khong,1,tinh-toan,
2027-11-15,2027-11-15,18,10,khong,Mậu Tuất,co,khong,khong,khong,khong,khong,1,tinh-toan,
2027-11-16,2027-11-16,19,10,khong,Kỷ Hợi,khong,khong,khong,khong,khong,khong,0,tinh-toan,
2027-11-17,2027-11-17,20,10,khong,Canh Tý,khong,khong,khong,khong,khong,khong,0,tinh-toan,
2027-11-18,2027-11-18,21,10,khong,Tân Sửu,khong,khong,khong,khong,khong,khong,0,tinh-toan,
2027-11-19,2027-11-19,22,10,khong,Nhâm Dần,co,khong,khong,khong,khong,khong,1,tinh-toan,
2027-11-20,2027-11-20,23,10,khong,Quý Mão,khong,co,khong,khong,khong,khong,1,tinh-toan,
2027-11-21,2027-11-21,24,10,khong,Giáp Thìn,khong,khong,khong,co,khong,khong,1,tinh-toan,
2027-11-22,2027-11-22,25,10,khong,Ất Tỵ,khong,khong,khong,khong,khong,khong,0,tinh-toan,
2027-11-23,2027-11-23,26,10,khong,Bính Ngọ,khong,khong,khong,khong,khong,khong,0,tinh-toan,
2027-11-24,2027-11-24,27,10,khong,Đinh Mùi,co,khong,khong,khong,khong,khong,1,tinh-toan,
2027-11-25,2027-11-25,28,10,khong,Mậu Thân,khong,khong,khong,khong,co,co,1,tinh-toan,
2027-11-26,2027-11-26,29,10,khong,Kỷ Dậu,khong,khong,co,khong,khong,khong,1,tinh-toan,
2027-11-27,2027-11-27,30,10,khong,Canh Tuất,khong,khong,khong,khong,khong,khong,0,tinh-toan,
2027-11-28,2027-11-28,1,11,khong,Tân Hợi,khong,khong,khong,khong,khong,khong,0,tinh-toan,
2027-11-29,2027-11-29,2,11,khong,Nhâm Tý,khong,khong,khong,khong,khong,khong,0,tinh-toan,
2027-11-30,2027-11-30,3,11,khong,Quý Sửu,co,khong,khong,khong,khong,khong,1,tinh-toan,
2027-12-01,2027-12-01,4,11,khong,Giáp Dần,khong,khong,co,khong,khong,khong,1,tinh-toan,
2027-12-02,2027-12-02,5,11,khong,Ất Mão,khong,co,khong,khong,khong,co,1,tinh-toan,
2027-12-03,2027-12-03,6,11,khong,Bính Thìn,khong,khong,khong,khong,khong,khong,0,tinh-toan,
2027-12-04,2027-12-04,7,11,khong,Đinh Tỵ,co,khong,khong,khong,khong,khong,1,tinh-toan,
2027-12-05,2027-12-05,8,11,khong,Mậu Ngọ,khong,khong,khong,khong,khong,khong,0,tinh-toan,
2027-12-06,2027-12-06,9,11,khong,Kỷ Mùi,khong,khong,khong,co,khong,khong,1,tinh-toan,
2027-12-07,2027-12-07,10,11,khong,Canh Thân,khong,khong,khong,khong,khong,khong,0,tinh-toan,
2027-12-08,2027-12-08,11,11,khong,Tân Dậu,khong,khong,khong,khong,khong,khong,0,tinh-toan,
2027-12-09,2027-12-09,12,11,khong,Nhâm Tuất,khong,khong,khong,khong,khong,khong,0,tinh-toan,
2027-12-10,2027-12-10,13,11,khong,Quý Hợi,co,khong,khong,khong,khong,khong,1,tinh-toan,
2027-12-11,2027-12-11,14,11,khong,Giáp Tý,khong,co,khong,khong,khong,khong,1,tinh-toan,
2027-12-12,2027-12-12,15,11,khong,Ất Sửu,khong,khong,khong,khong,khong,khong,0,tinh-toan,
2027-12-13,2027-12-13,16,11,khong,Bính Dần,khong,khong,co,khong,khong,khong,1,tinh-toan,
2027-12-14,2027-12-14,17,11,khong,Đinh Mão,khong,khong,khong,khong,khong,co,0,tinh-toan,
2027-12-15,2027-12-15,18,11,khong,Mậu Thìn,co,khong,khong,khong,khong,khong,1,tinh-toan,
2027-12-16,2027-12-16,19,11,khong,Kỷ Tỵ,khong,khong,khong,khong,khong,khong,0,tinh-toan,
2027-12-17,2027-12-17,20,11,khong,Canh Ngọ,khong,khong,khong,khong,khong,khong,0,tinh-toan,
2027-12-18,2027-12-18,21,11,khong,Tân Mùi,khong,khong,khong,co,khong,khong,1,tinh-toan,
2027-12-19,2027-12-19,22,11,khong,Nhâm Thân,co,khong,khong,khong,khong,khong,1,tinh-toan,
2027-12-20,2027-12-20,23,11,khong,Quý Dậu,khong,co,khong,khong,khong,khong,1,tinh-toan,
2027-12-21,2027-12-21,24,11,khong,Giáp Tuất,khong,khong,khong,khong,khong,khong,0,tinh-toan,
2027-12-22,2027-12-22,25,11,khong,Ất Hợi,khong,khong,khong,khong,khong,khong,0,tinh-toan,
2027-12-23,2027-12-23,26,11,khong,Bính Tý,khong,khong,khong,khong,khong,khong,0,tinh-toan,
2027-12-24,2027-12-24,27,11,khong,Đinh Sửu,co,khong,khong,khong,khong,khong,1,tinh-toan,
2027-12-25,2027-12-25,28,11,khong,Mậu Dần,khong,khong,co,khong,khong,khong,1,tinh-toan,
2027-12-26,2027-12-26,29,11,khong,Kỷ Mão,khong,khong,khong,khong,khong,co,0,tinh-toan,
2027-12-27,2027-12-27,30,11,khong,Canh Thìn,khong,khong,khong,khong,khong,khong,0,tinh-toan,
2027-12-28,2027-12-28,1,12,khong,Tân Tỵ,khong,khong,khong,khong,khong,khong,0,tinh-toan,
2027-12-29,2027-12-29,2,12,khong,Nhâm Ngọ,khong,khong,khong,khong,khong,khong,0,tinh-toan,
2027-12-30,2027-12-30,3,12,khong,Quý Mùi,co,khong,khong,khong,khong,khong,1,tinh-toan,
2027-12-31,2027-12-31,4,12,khong,Giáp Thân,khong,khong,khong,khong,khong,khong,0,tinh-toan,
2028-01-01,2028-01-01,5,12,khong,Ất Dậu,khong,co,khong,khong,khong,co,1,tinh-toan,
2028-01-02,2028-01-02,6,12,khong,Bính Tuất,khong,khong,khong,khong,khong,khong,0,tinh-toan,
2028-01-03,2028-01-03,7,12,khong,Đinh Hợi,co,khong,khong,khong,khong,khong,1,tinh-toan,
2028-01-04,2028-01-04,8,12,khong,Mậu Tý,khong,khong,khong,khong,khong,khong,0,tinh-toan,
2028-01-05,2028-01-05,9,12,khong,Kỷ Sửu,khong,khong,khong,khong,khong,khong,0,tinh-toan,
2028-01-06,2028-01-06,10,12,khong,Canh Dần,khong,khong,khong,khong,khong,khong,0,tinh-toan,
2028-01-07,2028-01-07,11,12,khong,Tân Mão,khong,khong,khong,khong,khong,khong,0,tinh-toan,
2028-01-08,2028-01-08,12,12,khong,Nhâm Thìn,khong,khong,co,co,khong,khong,1,tinh-toan,
2028-01-09,2028-01-09,13,12,khong,Quý Tỵ,co,khong,khong,khong,khong,khong,1,tinh-toan,
2028-01-10,2028-01-10,14,12,khong,Giáp Ngọ,khong,co,khong,khong,khong,khong,1,tinh-toan,
2028-01-11,2028-01-11,15,12,khong,Ất Mùi,khong,khong,khong,khong,khong,khong,0,tinh-toan,
2028-01-12,2028-01-12,16,12,khong,Bính Thân,khong,khong,khong,khong,khong,khong,0,tinh-toan,
2028-01-13,2028-01-13,17,12,khong,Đinh Dậu,khong,khong,khong,khong,khong,co,0,tinh-toan,
2028-01-14,2028-01-14,18,12,khong,Mậu Tuất,co,khong,khong,khong,khong,khong,1,tinh-toan,
2028-01-15,2028-01-15,19,12,khong,Kỷ Hợi,khong,khong,khong,khong,khong,khong,0,tinh-toan,
2028-01-16,2028-01-16,20,12,khong,Canh Tý,khong,khong,khong,khong,khong,khong,0,tinh-toan,
2028-01-17,2028-01-17,21,12,khong,Tân Sửu,khong,khong,khong,khong,khong,khong,0,tinh-toan,
2028-01-18,2028-01-18,22,12,khong,Nhâm Dần,co,khong,khong,khong,khong,khong,1,tinh-toan,
2028-01-19,2028-01-19,23,12,khong,Quý Mão,khong,co,khong,khong,khong,khong,1,tinh-toan,
2028-01-20,2028-01-20,24,12,khong,Giáp Thìn,khong,khong,co,co,khong,khong,1,tinh-toan,
2028-01-21,2028-01-21,25,12,khong,Ất Tỵ,khong,khong,khong,khong,khong,khong,0,tinh-toan,
2028-01-22,2028-01-22,26,12,khong,Bính Ngọ,khong,khong,khong,khong,khong,khong,0,tinh-toan,
2028-01-23,2028-01-23,27,12,khong,Đinh Mùi,co,khong,khong,khong,khong,khong,1,tinh-toan,
2028-01-24,2028-01-24,28,12,khong,Mậu Thân,khong,khong,khong,khong,khong,khong,0,tinh-toan,
2028-01-25,2028-01-25,29,12,khong,Kỷ Dậu,khong,khong,khong,khong,khong,co,0,tinh-toan,
2028-01-26,2028-01-26,1,1,khong,Canh Tuất,khong,khong,khong,khong,khong,co,0,tinh-toan,
2028-01-27,2028-01-27,2,1,khong,Tân Hợi,khong,khong,khong,khong,khong,khong,0,tinh-toan,
2028-01-28,2028-01-28,3,1,khong,Nhâm Tý,co,khong,khong,co,khong,khong,2,tinh-toan,
2028-01-29,2028-01-29,4,1,khong,Quý Sửu,khong,khong,khong,khong,khong,khong,0,tinh-toan,
2028-01-30,2028-01-30,5,1,khong,Giáp Dần,khong,co,khong,khong,khong,khong,1,tinh-toan,
2028-01-31,2028-01-31,6,1,khong,Ất Mão,khong,khong,khong,khong,khong,khong,0,tinh-toan,
2028-02-01,2028-02-01,7,1,khong,Bính Thìn,co,khong,khong,khong,khong,khong,1,tinh-toan,
2028-02-02,2028-02-02,8,1,khong,Đinh Tỵ,khong,khong,co,khong,khong,khong,1,tinh-toan,
2028-02-03,2028-02-03,9,1,khong,Mậu Ngọ,khong,khong,khong,khong,khong,khong,0,tinh-toan,
2028-02-04,2028-02-04,10,1,khong,Kỷ Mùi,khong,khong,khong,khong,khong,khong,0,tinh-toan,
2028-02-05,2028-02-05,11,1,khong,Canh Thân,khong,khong,khong,khong,khong,khong,0,tinh-toan,
2028-02-06,2028-02-06,12,1,khong,Tân Dậu,khong,khong,khong,khong,khong,khong,0,tinh-toan,
2028-02-07,2028-02-07,13,1,khong,Nhâm Tuất,co,khong,khong,khong,khong,co,1,tinh-toan,
2028-02-08,2028-02-08,14,1,khong,Quý Hợi,khong,co,khong,khong,khong,khong,1,tinh-toan,
2028-02-09,2028-02-09,15,1,khong,Giáp Tý,khong,khong,khong,co,khong,khong,1,tinh-toan,
2028-02-10,2028-02-10,16,1,khong,Ất Sửu,khong,khong,khong,khong,khong,khong,0,tinh-toan,
2028-02-11,2028-02-11,17,1,khong,Bính Dần,khong,khong,khong,khong,khong,khong,0,tinh-toan,
2028-02-12,2028-02-12,18,1,khong,Đinh Mão,co,khong,khong,khong,khong,khong,1,tinh-toan,
2028-02-13,2028-02-13,19,1,khong,Mậu Thìn,khong,khong,khong,khong,khong,khong,0,tinh-toan,
2028-02-14,2028-02-14,20,1,khong,Kỷ Tỵ,khong,khong,co,khong,khong,khong,1,tinh-toan,
2028-02-15,2028-02-15,21,1,khong,Canh Ngọ,khong,khong,khong,khong,khong,khong,0,tinh-toan,
2028-02-16,2028-02-16,22,1,khong,Tân Mùi,co,khong,khong,khong,khong,khong,1,tinh-toan,
2028-02-17,2028-02-17,23,1,khong,Nhâm Thân,khong,co,khong,khong,khong,khong,1,tinh-toan,
2028-02-18,2028-02-18,24,1,khong,Quý Dậu,khong,khong,khong,khong,khong,khong,0,tinh-toan,
2028-02-19,2028-02-19,25,1,khong,Giáp Tuất,khong,khong,khong,khong,khong,co,0,tinh-toan,
2028-02-20,2028-02-20,26,1,khong,Ất Hợi,khong,khong,khong,khong,khong,khong,0,tinh-toan,
2028-02-21,2028-02-21,27,1,khong,Bính Tý,co,khong,khong,co,khong,khong,2,tinh-toan,
2028-02-22,2028-02-22,28,1,khong,Đinh Sửu,khong,khong,khong,khong,khong,khong,0,tinh-toan,
2028-02-23,2028-02-23,29,1,khong,Mậu Dần,khong,khong,khong,khong,khong,khong,0,tinh-toan,
2028-02-24,2028-02-24,30,1,khong,Kỷ Mão,khong,khong,khong,khong,khong,khong,0,tinh-toan,
2028-02-25,2028-02-25,1,2,khong,Canh Thìn,khong,khong,khong,khong,khong,co,0,tinh-toan,
2028-02-26,2028-02-26,2,2,khong,Tân Tỵ,khong,khong,khong,khong,khong,khong,0,tinh-toan,
2028-02-27,2028-02-27,3,2,khong,Nhâm Ngọ,co,khong,khong,khong,khong,khong,1,tinh-toan,
2028-02-28,2028-02-28,4,2,khong,Quý Mùi,khong,khong,khong,khong,khong,khong,0,tinh-toan,
2028-02-29,2028-02-29,5,2,khong,Giáp Thân,khong,co,khong,khong,khong,khong,1,tinh-toan,
2028-03-01,2028-03-01,6,2,khong,Ất Dậu,khong,khong,khong,khong,khong,khong,0,tinh-toan,
2028-03-02,2028-03-02,7,2,khong,Bính Tuất,co,khong,khong,khong,khong,khong,1,tinh-toan,
2028-03-03,2028-03-03,8,2,khong,Đinh Hợi,khong,khong,khong,khong,khong,khong,0,tinh-toan,
2028-03-04,2028-03-04,9,2,khong,Mậu Tý,khong,khong,co,khong,khong,khong,1,tinh-toan,
2028-03-05,2028-03-05,10,2,khong,Kỷ Sửu,khong,khong,khong,co,khong,khong,1,tinh-toan,
2028-03-06,2028-03-06,11,2,khong,Canh Dần,khong,khong,khong,khong,khong,khong,0,tinh-toan,
2028-03-07,2028-03-07,12,2,khong,Tân Mão,khong,khong,khong,khong,khong,khong,0,tinh-toan,
2028-03-08,2028-03-08,13,2,khong,Nhâm Thìn,co,khong,khong,khong,co,co,2,tinh-toan,
2028-03-09,2028-03-09,14,2,khong,Quý Tỵ,khong,co,khong,khong,khong,khong,1,tinh-toan,
2028-03-10,2028-03-10,15,2,khong,Giáp Ngọ,khong,khong,khong,khong,khong,khong,0,tinh-toan,
2028-03-11,2028-03-11,16,2,khong,Ất Mùi,khong,khong,khong,khong,khong,khong,0,tinh-toan,
2028-03-12,2028-03-12,17,2,khong,Bính Thân,khong,khong,khong,khong,khong,khong,0,tinh-toan,
2028-03-13,2028-03-13,18,2,khong,Đinh Dậu,co,khong,khong,khong,khong,khong,1,tinh-toan,
2028-03-14,2028-03-14,19,2,khong,Mậu Tuất,khong,khong,khong,khong,khong,khong,0,tinh-toan,
2028-03-15,2028-03-15,20,2,khong,Kỷ Hợi,khong,khong,khong,khong,khong,khong,0,tinh-toan,
2028-03-16,2028-03-16,21,2,khong,Canh Tý,khong,khong,co,khong,khong,khong,1,tinh-toan,
2028-03-17,2028-03-17,22,2,khong,Tân Sửu,co,khong,khong,co,khong,khong,2,tinh-toan,
2028-03-18,2028-03-18,23,2,khong,Nhâm Dần,khong,co,khong,khong,khong,khong,1,tinh-toan,
2028-03-19,2028-03-19,24,2,khong,Quý Mão,khong,khong,khong,khong,khong,khong,0,tinh-toan,
2028-03-20,2028-03-20,25,2,khong,Giáp Thìn,khong,khong,khong,khong,khong,co,0,tinh-toan,
2028-03-21,2028-03-21,26,2,khong,Ất Tỵ,khong,khong,khong,khong,khong,khong,0,tinh-toan,
2028-03-22,2028-03-22,27,2,khong,Bính Ngọ,co,khong,khong,khong,khong,khong,1,tinh-toan,
2028-03-23,2028-03-23,28,2,khong,Đinh Mùi,khong,khong,khong,khong,khong,khong,0,tinh-toan,
2028-03-24,2028-03-24,29,2,khong,Mậu Thân,khong,khong,khong,khong,khong,khong,0,tinh-toan,
2028-03-25,2028-03-25,30,2,khong,Kỷ Dậu,khong,khong,khong,khong,khong,khong,0,tinh-toan,
2028-03-26,2028-03-26,1,3,khong,Canh Tuất,khong,khong,khong,khong,khong,khong,0,tinh-toan,
2028-03-27,2028-03-27,2,3,khong,Tân Hợi,khong,khong,khong,khong,co,co,1,tinh-toan,
2028-03-28,2028-03-28,3,3,khong,Nhâm Tý,co,khong,khong,khong,khong,khong,1,tinh-toan,
2028-03-29,2028-03-29,4,3,khong,Quý Sửu,khong,khong,khong,co,khong,khong,1,tinh-toan,
2028-03-30,2028-03-30,5,3,khong,Giáp Dần,khong,co,khong,khong,khong,khong,1,tinh-toan,
2028-03-31,2028-03-31,6,3,khong,Ất Mão,khong,khong,khong,khong,khong,khong,0,tinh-toan,
2028-04-01,2028-04-01,7,3,khong,Bính Thìn,co,khong,khong,khong,khong,khong,1,tinh-toan,
2028-04-02,2028-04-02,8,3,khong,Đinh Tỵ,khong,khong,khong,khong,khong,khong,0,tinh-toan,
2028-04-03,2028-04-03,9,3,khong,Mậu Ngọ,khong,khong,khong,khong,khong,khong,0,tinh-toan,
2028-04-04,2028-04-04,10,3,khong,Kỷ Mùi,khong,khong,co,khong,khong,khong,1,tinh-toan,
2028-04-05,2028-04-05,11,3,khong,Canh Thân,khong,khong,khong,khong,khong,khong,0,tinh-toan,
2028-04-06,2028-04-06,12,3,khong,Tân Dậu,khong,khong,khong,khong,khong,khong,0,tinh-toan,
2028-04-07,2028-04-07,13,3,khong,Nhâm Tuất,co,khong,khong,khong,khong,khong,1,tinh-toan,
2028-04-08,2028-04-08,14,3,khong,Quý Hợi,khong,co,khong,khong,khong,co,1,tinh-toan,
2028-04-09,2028-04-09,15,3,khong,Giáp Tý,khong,khong,khong,khong,khong,khong,0,tinh-toan,
2028-04-10,2028-04-10,16,3,khong,Ất Sửu,khong,khong,khong,co,khong,khong,1,tinh-toan,
2028-04-11,2028-04-11,17,3,khong,Bính Dần,khong,khong,khong,khong,khong,khong,0,tinh-toan,
2028-04-12,2028-04-12,18,3,khong,Đinh Mão,co,khong,khong,khong,khong,khong,1,tinh-toan,
2028-04-13,2028-04-13,19,3,khong,Mậu Thìn,khong,khong,khong,khong,khong,khong,0,tinh-toan,
2028-04-14,2028-04-14,20,3,khong,Kỷ Tỵ,khong,khong,khong,khong,khong,khong,0,tinh-toan,
2028-04-15,2028-04-15,21,3,khong,Canh Ngọ,khong,khong,khong,khong,khong,khong,0,tinh-toan,
2028-04-16,2028-04-16,22,3,khong,Tân Mùi,co,khong,co,khong,khong,khong,2,tinh-toan,
2028-04-17,2028-04-17,23,3,khong,Nhâm Thân,khong,co,khong,khong,khong,khong,1,tinh-toan,
2028-04-18,2028-04-18,24,3,khong,Quý Dậu,khong,khong,khong,khong,khong,khong,0,tinh-toan,
2028-04-19,2028-04-19,25,3,khong,Giáp Tuất,khong,khong,khong,khong,khong,khong,0,tinh-toan,
2028-04-20,2028-04-20,26,3,khong,Ất Hợi,khong,khong,khong,khong,khong,co,0,tinh-toan,
2028-04-21,2028-04-21,27,3,khong,Bính Tý,co,khong,khong,khong,khong,khong,1,tinh-toan,
2028-04-22,2028-04-22,28,3,khong,Đinh Sửu,khong,khong,khong,co,khong,khong,1,tinh-toan,
2028-04-23,2028-04-23,29,3,khong,Mậu Dần,khong,khong,khong,khong,khong,khong,0,tinh-toan,
2028-04-24,2028-04-24,30,3,khong,Kỷ Mão,khong,khong,khong,khong,khong,khong,0,tinh-toan,
2028-04-25,2028-04-25,1,4,khong,Canh Thìn,khong,khong,khong,khong,khong,khong,0,tinh-toan,
2028-04-26,2028-04-26,2,4,khong,Tân Tỵ,khong,khong,khong,khong,khong,co,0,tinh-toan,
2028-04-27,2028-04-27,3,4,khong,Nhâm Ngọ,co,khong,khong,khong,khong,khong,1,tinh-toan,
2028-04-28,2028-04-28,4,4,khong,Quý Mùi,khong,khong,khong,khong,khong,khong,0,tinh-toan,
2028-04-29,2028-04-29,5,4,khong,Giáp Thân,khong,co,khong,khong,khong,khong,1,tinh-toan,
2028-04-30,2028-04-30,6,4,khong,Ất Dậu,khong,khong,khong,khong,khong,khong,0,tinh-toan,
2028-05-01,2028-05-01,7,4,khong,Bính Tuất,co,khong,khong,co,khong,khong,2,tinh-toan,
2028-05-02,2028-05-02,8,4,khong,Đinh Hợi,khong,khong,khong,khong,khong,khong,0,tinh-toan,
2028-05-03,2028-05-03,9,4,khong,Mậu Tý,khong,khong,khong,khong,khong,khong,0,tinh-toan,
2028-05-04,2028-05-04,10,4,khong,Kỷ Sửu,khong,khong,khong,khong,khong,khong,0,tinh-toan,
2028-05-05,2028-05-05,11,4,khong,Canh Dần,khong,khong,khong,khong,khong,khong,0,tinh-toan,
2028-05-06,2028-05-06,12,4,khong,Tân Mão,khong,khong,co,khong,khong,khong,1,tinh-toan,
2028-05-07,2028-05-07,13,4,khong,Nhâm Thìn,co,khong,khong,khong,khong,khong,1,tinh-toan,
2028-05-08,2028-05-08,14,4,khong,Quý Tỵ,khong,co,khong,khong,khong,co,1,tinh-toan,
2028-05-09,2028-05-09,15,4,khong,Giáp Ngọ,khong,khong,khong,khong,khong,khong,0,tinh-toan,
2028-05-10,2028-05-10,16,4,khong,Ất Mùi,khong,khong,khong,khong,khong,khong,0,tinh-toan,
2028-05-11,2028-05-11,17,4,khong,Bính Thân,khong,khong,khong,khong,khong,khong,0,tinh-toan,
2028-05-12,2028-05-12,18,4,khong,Đinh Dậu,co,khong,khong,khong,khong,khong,1,tinh-toan,
2028-05-13,2028-05-13,19,4,khong,Mậu Tuất,khong,khong,khong,co,khong,khong,1,tinh-toan,
2028-05-14,2028-05-14,20,4,khong,Kỷ Hợi,khong,khong,khong,khong,khong,khong,0,tinh-toan,
2028-05-15,2028-05-15,21,4,khong,Canh Tý,khong,khong,khong,khong,khong,khong,0,tinh-toan,
2028-05-16,2028-05-16,22,4,khong,Tân Sửu,co,khong,khong,khong,khong,khong,1,tinh-toan,
2028-05-17,2028-05-17,23,4,khong,Nhâm Dần,khong,co,khong,khong,khong,khong,1,tinh-toan,
2028-05-18,2028-05-18,24,4,khong,Quý Mão,khong,khong,co,khong,khong,khong,1,tinh-toan,
2028-05-19,2028-05-19,25,4,khong,Giáp Thìn,khong,khong,khong,khong,khong,khong,0,tinh-toan,
2028-05-20,2028-05-20,26,4,khong,Ất Tỵ,khong,khong,khong,khong,khong,co,0,tinh-toan,
2028-05-21,2028-05-21,27,4,khong,Bính Ngọ,co,khong,khong,khong,khong,khong,1,tinh-toan,
2028-05-22,2028-05-22,28,4,khong,Đinh Mùi,khong,khong,khong,khong,khong,khong,0,tinh-toan,
2028-05-23,2028-05-23,29,4,khong,Mậu Thân,khong,khong,khong,khong,khong,khong,0,tinh-toan,
2028-05-24,2028-05-24,1,5,khong,Kỷ Dậu,khong,khong,khong,khong,khong,khong,0,tinh-toan,
2028-05-25,2028-05-25,2,5,khong,Canh Tuất,khong,khong,khong,khong,khong,khong,0,tinh-toan,
2028-05-26,2028-05-26,3,5,khong,Tân Hợi,co,khong,khong,khong,khong,khong,1,tinh-toan,
2028-05-27,2028-05-27,4,5,khong,Nhâm Tý,khong,khong,khong,khong,khong,co,0,tinh-toan,
2028-05-28,2028-05-28,5,5,khong,Quý Sửu,khong,co,khong,khong,khong,khong,1,tinh-toan,
2028-05-29,2028-05-29,6,5,khong,Giáp Dần,khong,khong,khong,khong,khong,khong,0,tinh-toan,
2028-05-30,2028-05-30,7,5,khong,Ất Mão,co,khong,khong,khong,khong,khong,1,tinh-toan,
2028-05-31,2028-05-31,8,5,khong,Bính Thìn,khong,khong,khong,co,khong,khong,1,tinh-toan,
2028-06-01,2028-06-01,9,5,khong,Đinh Tỵ,khong,khong,khong,khong,khong,khong,0,tinh-toan,
2028-06-02,2028-06-02,10,5,khong,Mậu Ngọ,khong,khong,khong,khong,khong,khong,0,tinh-toan,
2028-06-03,2028-06-03,11,5,khong,Kỷ Mùi,khong,khong,khong,khong,khong,khong,0,tinh-toan,
2028-06-04,2028-06-04,12,5,khong,Canh Thân,khong,khong,co,khong,khong,khong,1,tinh-toan,
2028-06-05,2028-06-05,13,5,khong,Tân Dậu,co,khong,khong,khong,khong,khong,1,tinh-toan,
2028-06-06,2028-06-06,14,5,khong,Nhâm Tuất,khong,co,khong,khong,khong,khong,1,tinh-toan,
2028-06-07,2028-06-07,15,5,khong,Quý Hợi,khong,khong,khong,khong,khong,khong,0,tinh-toan,
2028-06-08,2028-06-08,16,5,khong,Giáp Tý,khong,khong,khong,khong,khong,co,0,tinh-toan,
2028-06-09,2028-06-09,17,5,khong,Ất Sửu,khong,khong,khong,khong,khong,khong,0,tinh-toan,
2028-06-10,2028-06-10,18,5,khong,Bính Dần,co,khong,khong,khong,khong,khong,1,tinh-toan,
2028-06-11,2028-06-11,19,5,khong,Đinh Mão,khong,khong,khong,khong,khong,khong,0,tinh-toan,
2028-06-12,2028-06-12,20,5,khong,Mậu Thìn,khong,khong,khong,co,khong,khong,1,tinh-toan,
2028-06-13,2028-06-13,21,5,khong,Kỷ Tỵ,khong,khong,khong,khong,khong,khong,0,tinh-toan,
2028-06-14,2028-06-14,22,5,khong,Canh Ngọ,co,khong,khong,khong,khong,khong,1,tinh-toan,
2028-06-15,2028-06-15,23,5,khong,Tân Mùi,khong,co,khong,khong,khong,khong,1,tinh-toan,
2028-06-16,2028-06-16,24,5,khong,Nhâm Thân,khong,khong,co,khong,khong,khong,1,tinh-toan,
2028-06-17,2028-06-17,25,5,khong,Quý Dậu,khong,khong,khong,khong,khong,khong,0,tinh-toan,
2028-06-18,2028-06-18,26,5,khong,Giáp Tuất,khong,khong,khong,khong,khong,khong,0,tinh-toan,
2028-06-19,2028-06-19,27,5,khong,Ất Hợi,co,khong,khong,khong,khong,khong,1,tinh-toan,
2028-06-20,2028-06-20,28,5,khong,Bính Tý,khong,khong,khong,khong,khong,co,0,tinh-toan,
2028-06-21,2028-06-21,29,5,khong,Đinh Sửu,khong,khong,khong,khong,khong,khong,0,tinh-toan,
2028-06-22,2028-06-22,30,5,khong,Mậu Dần,khong,khong,khong,khong,khong,khong,0,tinh-toan,
2028-06-23,2028-06-23,1,5,co,Kỷ Mão,khong,khong,khong,khong,khong,khong,0,tinh-toan,Tháng nhuận dùng chung bảng với tháng chính; vài phái xét theo tháng trước đó
2028-06-24,2028-06-24,2,5,co,Canh Thìn,khong,khong,khong,co,khong,khong,1,tinh-toan,Tháng nhuận dùng chung bảng với tháng chính; vài phái xét theo tháng trước đó
2028-06-25,2028-06-25,3,5,co,Tân Tỵ,co,khong,khong,khong,khong,khong,1,tinh-toan,Tháng nhuận dùng chung bảng với tháng chính; vài phái xét theo tháng trước đó
2028-06-26,2028-06-26,4,5,co,Nhâm Ngọ,khong,khong,khong,khong,khong,khong,0,tinh-toan,Tháng nhuận dùng chung bảng với tháng chính; vài phái xét theo tháng trước đó
2028-06-27,2028-06-27,5,5,co,Quý Mùi,khong,co,khong,khong,khong,khong,1,tinh-toan,Tháng nhuận dùng chung bảng với tháng chính; vài phái xét theo tháng trước đó
2028-06-28,2028-06-28,6,5,co,Giáp Thân,khong,khong,co,khong,khong,khong,1,tinh-toan,Tháng nhuận dùng chung bảng với tháng chính; vài phái xét theo tháng trước đó
2028-06-29,2028-06-29,7,5,co,Ất Dậu,co,khong,khong,khong,khong,khong,1,tinh-toan,Tháng nhuận dùng chung bảng với tháng chính; vài phái xét theo tháng trước đó
2028-06-30,2028-06-30,8,5,co,Bính Tuất,khong,khong,khong,khong,khong,khong,0,tinh-toan,Tháng nhuận dùng chung bảng với tháng chính; vài phái xét theo tháng trước đó
2028-07-01,2028-07-01,9,5,co,Đinh Hợi,khong,khong,khong,khong,khong,khong,0,tinh-toan,Tháng nhuận dùng chung bảng với tháng chính; vài phái xét theo tháng trước đó
2028-07-02,2028-07-02,10,5,co,Mậu Tý,khong,khong,khong,khong,co,co,1,tinh-toan,Tháng nhuận dùng chung bảng với tháng chính; vài phái xét theo tháng trước đó
2028-07-03,2028-07-03,11,5,co,Kỷ Sửu,khong,khong,khong,khong,khong,khong,0,tinh-toan,Tháng nhuận dùng chung bảng với tháng chính; vài phái xét theo tháng trước đó
2028-07-04,2028-07-04,12,5,co,Canh Dần,khong,khong,khong,khong,khong,khong,0,tinh-toan,Tháng nhuận dùng chung bảng với tháng chính; vài phái xét theo tháng trước đó
2028-07-05,2028-07-05,13,5,co,Tân Mão,co,khong,khong,khong,khong,khong,1,tinh-toan,Tháng nhuận dùng chung bảng với tháng chính; vài phái xét theo tháng trước đó
2028-07-06,2028-07-06,14,5,co,Nhâm Thìn,khong,co,khong,co,khong,khong,2,tinh-toan,Tháng nhuận dùng chung bảng với tháng chính; vài phái xét theo tháng trước đó
2028-07-07,2028-07-07,15,5,co,Quý Tỵ,khong,khong,khong,khong,khong,khong,0,tinh-toan,Tháng nhuận dùng chung bảng với tháng chính; vài phái xét theo tháng trước đó
2028-07-08,2028-07-08,16,5,co,Giáp Ngọ,khong,khong,khong,khong,khong,khong,0,tinh-toan,Tháng nhuận dùng chung bảng với tháng chính; vài phái xét theo tháng trước đó
2028-07-09,2028-07-09,17,5,co,Ất Mùi,khong,khong,khong,khong,khong,khong,0,tinh-toan,Tháng nhuận dùng chung bảng với tháng chính; vài phái xét theo tháng trước đó
2028-07-10,2028-07-10,18,5,co,Bính Thân,co,khong,co,khong,khong,khong,2,tinh-toan,Tháng nhuận dùng chung bảng với tháng chính; vài phái xét theo tháng trước đó
2028-07-11,2028-07-11,19,5,co,Đinh Dậu,khong,khong,khong,khong,khong,khong,0,tinh-toan,Tháng nhuận dùng chung bảng với tháng chính; vài phái xét theo tháng trước đó
2028-07-12,2028-07-12,20,5,co,Mậu Tuất,khong,khong,khong,khong,khong,khong,0,tinh-toan,Tháng nhuận dùng chung bảng với tháng chính; vài phái xét theo tháng trước đó
2028-07-13,2028-07-13,21,5,co,Kỷ Hợi,khong,khong,khong,khong,khong,khong,0,tinh-toan,Tháng nhuận dùng chung bảng với tháng chính; vài phái xét theo tháng trước đó
2028-07-14,2028-07-14,22,5,co,Canh Tý,co,khong,khong,khong,khong,co,1,tinh-toan,Tháng nhuận dùng chung bảng với tháng chính; vài phái xét theo tháng trước đó
2028-07-15,2028-07-15,23,5,co,Tân Sửu,khong,co,khong,khong,khong,khong,1,tinh-toan,Tháng nhuận dùng chung bảng với tháng chính; vài phái xét theo tháng trước đó
2028-07-16,2028-07-16,24,5,co,Nhâm Dần,khong,khong,khong,khong,khong,khong,0,tinh-toan,Tháng nhuận dùng chung bảng với tháng chính; vài phái xét theo tháng trước đó
2028-07-17,2028-07-17,25,5,co,Quý Mão,khong,khong,khong,khong,khong,khong,0,tinh-toan,Tháng nhuận dùng chung bảng với tháng chính; vài phái xét theo tháng trước đó
2028-07-18,2028-07-18,26,5,co,Giáp Thìn,khong,khong,khong,co,khong,khong,1,tinh-toan,Tháng nhuận dùng chung bảng với tháng chính; vài phái xét theo tháng trước đó
2028-07-19,2028-07-19,27,5,co,Ất Tỵ,co,khong,khong,khong,khong,khong,1,tinh-toan,Tháng nhuận dùng chung bảng với tháng chính; vài phái xét theo tháng trước đó
2028-07-20,2028-07-20,28,5,co,Bính Ngọ,khong,khong,khong,khong,khong,khong,0,tinh-toan,Tháng nhuận dùng chung bảng với tháng chính; vài phái xét theo tháng trước đó
2028-07-21,2028-07-21,29,5,co,Đinh Mùi,khong,khong,khong,khong,khong,khong,0,tinh-toan,Tháng nhuận dùng chung bảng với tháng chính; vài phái xét theo tháng trước đó
2028-07-22,2028-07-22,1,6,khong,Mậu Thân,khong,khong,khong,khong,khong,khong,0,tinh-toan,
2028-07-23,2028-07-23,2,6,khong,Kỷ Dậu,khong,khong,khong,khong,khong,khong,0,tinh-toan,
2028-07-24,2028-07-24,3,6,khong,Canh Tuất,co,khong,co,khong,khong,khong,2,tinh-toan,
2028-07-25,2028-07-25,4,6,khong,Tân Hợi,khong,khong,khong,khong,khong,khong,0,tinh-toan,
2028-07-26,2028-07-26,5,6,khong,Nhâm Tý,khong,co,khong,khong,khong,khong,1,tinh-toan,
2028-07-27,2028-07-27,6,6,khong,Quý Sửu,khong,khong,khong,khong,khong,khong,0,tinh-toan,
2028-07-28,2028-07-28,7,6,khong,Giáp Dần,co,khong,khong,khong,khong,khong,1,tinh-toan,
2028-07-29,2028-07-29,8,6,khong,Ất Mão,khong,khong,khong,khong,khong,khong,0,tinh-toan,
2028-07-30,2028-07-30,9,6,khong,Bính Thìn,khong,khong,khong,co,khong,khong,1,tinh-toan,
2028-07-31,2028-07-31,10,6,khong,Đinh Tỵ,khong,khong,khong,khong,khong,khong,0,tinh-toan,
2028-08-01,2028-08-01,11,6,khong,Mậu Ngọ,khong,khong,khong,khong,khong,co,0,tinh-toan,
2028-08-02,2028-08-02,12,6,khong,Kỷ Mùi,khong,khong,khong,khong,khong,khong,0,tinh-toan,
2028-08-03,2028-08-03,13,6,khong,Canh Thân,co,khong,khong,khong,khong,khong,1,tinh-toan,
2028-08-04,2028-08-04,14,6,khong,Tân Dậu,khong,co,khong,khong,khong,khong,1,tinh-toan,
2028-08-05,2028-08-05,15,6,khong,Nhâm Tuất,khong,khong,co,khong,khong,khong,1,tinh-toan,
2028-08-06,2028-08-06,16,6,khong,Quý Hợi,khong,khong,khong,khong,khong,khong,0,tinh-toan,
2028-08-07,2028-08-07,17,6,khong,Giáp Tý,khong,khong,khong,khong,khong,khong,0,tinh-toan,
2028-08-08,2028-08-08,18,6,khong,Ất Sửu,co,khong,khong,khong,khong,khong,1,tinh-toan,
2028-08-09,2028-08-09,19,6,khong,Bính Dần,khong,khong,khong,khong,khong,khong,0,tinh-toan,
2028-08-10,2028-08-10,20,6,khong,Đinh Mão,khong,khong,khong,khong,khong,khong,0,tinh-toan,
2028-08-11,2028-08-11,21,6,khong,Mậu Thìn,khong,khong,khong,co,khong,khong,1,tinh-toan,
2028-08-12,2028-08-12,22,6,khong,Kỷ Tỵ,co,khong,khong,khong,khong,khong,1,tinh-toan,
2028-08-13,2028-08-13,23,6,khong,Canh Ngọ,khong,co,khong,khong,khong,co,1,tinh-toan,
2028-08-14,2028-08-14,24,6,khong,Tân Mùi,khong,khong,khong,khong,khong,khong,0,tinh-toan,
2028-08-15,2028-08-15,25,6,khong,Nhâm Thân,khong,khong,khong,khong,khong,khong,0,tinh-toan,
2028-08-16,2028-08-16,26,6,khong,Quý Dậu,khong,khong,khong,khong,khong,khong,0,tinh-toan,
2028-08-17,2028-08-17,27,6,khong,Giáp Tuất,co,khong,co,khong,khong,khong,2,tinh-toan,
2028-08-18,2028-08-18,28,6,khong,Ất Hợi,khong,khong,khong,khong,khong,khong,0,tinh-toan,
2028-08-19,2028-08-19,29,6,khong,Bính Tý,khong,khong,khong,khong,khong,khong,0,tinh-toan,
2028-08-20,2028-08-20,1,7,khong,Đinh Sửu,khong,khong,khong,co,khong,co,1,tinh-toan,
2028-08-21,2028-08-21,2,7,khong,Mậu Dần,khong,khong,khong,khong,khong,khong,0,tinh-toan,
2028-08-22,2028-08-22,3,7,khong,Kỷ Mão,co,khong,khong,khong,khong,khong,1,tinh-toan,
2028-08-23,2028-08-23,4,7,khong,Canh Thìn,khong,khong,khong,khong,khong,khong,0,tinh-toan,
2028-08-24,2028-08-24,5,7,khong,Tân Tỵ,khong,co,khong,khong,khong,khong,1,tinh-toan,
2028-08-25,2028-08-25,6,7,khong,Nhâm Ngọ,khong,khong,khong,khong,khong,khong,0,tinh-toan,
2028-08-26,2028-08-26,7,7,khong,Quý Mùi,co,khong,khong,khong,khong,khong,1,tinh-toan,
2028-08-27,2028-08-27,8,7,khong,Giáp Thân,khong,khong,khong,khong,khong,khong,0,tinh-toan,
2028-08-28,2028-08-28,9,7,khong,Ất Dậu,khong,khong,khong,khong,khong,khong,0,tinh-toan,
2028-08-29,2028-08-29,10,7,khong,Bính Tuất,khong,khong,khong,khong,khong,khong,0,tinh-toan,
2028-08-30,2028-08-30,11,7,khong,Đinh Hợi,khong,khong,co,khong,khong,khong,1,tinh-toan,
2028-08-31,2028-08-31,12,7,khong,Mậu Tý,khong,khong,khong,khong,khong,khong,0,tinh-toan,
2028-09-01,2028-09-01,13,7,khong,Kỷ Sửu,co,khong,khong,co,khong,co,2,tinh-toan,
2028-09-02,2028-09-02,14,7,khong,Canh Dần,khong,co,khong,khong,khong,khong,1,tinh-toan,
2028-09-03,2028-09-03,15,7,khong,Tân Mão,khong,khong,khong,khong,khong,khong,0,tinh-toan,
2028-09-04,2028-09-04,16,7,khong,Nhâm Thìn,khong,khong,khong,khong,khong,khong,0,tinh-toan,
2028-09-05,2028-09-05,17,7,khong,Quý Tỵ,khong,khong,khong,khong,khong,khong,0,tinh-toan,
2028-09-06,2028-09-06,18,7,khong,Giáp Ngọ,co,khong,khong,khong,khong,khong,1,tinh-toan,
2028-09-07,2028-09-07,19,7,khong,Ất Mùi,khong,khong,khong,khong,khong,khong,0,tinh-toan,
2028-09-08,2028-09-08,20,7,khong,Bính Thân,khong,khong,khong,khong,khong,khong,0,tinh-toan,
2028-09-09,2028-09-09,21,7,khong,Đinh Dậu,khong,khong,khong,khong,khong,khong,0,tinh-toan,
2028-09-10,2028-09-10,22,7,khong,Mậu Tuất,co,khong,khong,khong,khong,khong,1,tinh-toan,
2028-09-11,2028-09-11,23,7,khong,Kỷ Hợi,khong,co,co,khong,khong,khong,2,tinh-toan,
2028-09-12,2028-09-12,24,7,khong,Canh Tý,khong,khong,khong,khong,khong,khong,0,tinh-toan,
2028-09-13,2028-09-13,25,7,khong,Tân Sửu,khong,khong,khong,co,khong,co,1,tinh-toan,
2028-09-14,2028-09-14,26,7,khong,Nhâm Dần,khong,khong,khong,khong,khong,khong,0,tinh-toan,
2028-09-15,2028-09-15,27,7,khong,Quý Mão,co,khong,khong,khong,khong,khong,1,tinh-toan,
2028-09-16,2028-09-16,28,7,khong,Giáp Thìn,khong,khong,khong,khong,khong,khong,0,tinh-toan,
2028-09-17,2028-09-17,29,7,khong,Ất Tỵ,khong,khong,khong,khong,khong,khong,0,tinh-toan,
2028-09-18,2028-09-18,30,7,khong,Bính Ngọ,khong,khong,khong,khong,khong,khong,0,tinh-toan,
2028-09-19,2028-09-19,1,8,khong,Đinh Mùi,khong,khong,khong,khong,khong,co,0,tinh-toan,
2028-09-20,2028-09-20,2,8,khong,Mậu Thân,khong,khong,khong,khong,khong,khong,0,tinh-toan,
2028-09-21,2028-09-21,3,8,khong,Kỷ Dậu,co,khong,khong,khong,khong,khong,1,tinh-toan,
2028-09-22,2028-09-22,4,8,khong,Canh Tuất,khong,khong,khong,khong,khong,khong,0,tinh-toan,
2028-09-23,2028-09-23,5,8,khong,Tân Hợi,khong,co,khong,khong,khong,khong,1,tinh-toan,
2028-09-24,2028-09-24,6,8,khong,Nhâm Tý,khong,khong,khong,khong,khong,khong,0,tinh-toan,
2028-09-25,2028-09-25,7,8,khong,Quý Sửu,co,khong,co,khong,khong,khong,2,tinh-toan,
2028-09-26,2028-09-26,8,8,khong,Giáp Dần,khong,khong,khong,khong,khong,khong,0,tinh-toan,
2028-09-27,2028-09-27,9,8,khong,Ất Mão,khong,khong,khong,khong,khong,khong,0,tinh-toan,
2028-09-28,2028-09-28,10,8,khong,Bính Thìn,khong,khong,khong,co,khong,khong,1,tinh-toan,
2028-09-29,2028-09-29,11,8,khong,Đinh Tỵ,khong,khong,khong,khong,khong,khong,0,tinh-toan,
2028-09-30,2028-09-30,12,8,khong,Mậu Ngọ,khong,khong,khong,khong,khong,khong,0,tinh-toan,
2028-10-01,2028-10-01,13,8,khong,Kỷ Mùi,co,khong,khong,khong,khong,co,1,tinh-toan,
2028-10-02,2028-10-02,14,8,khong,Canh Thân,khong,co,khong,khong,khong,khong,1,tinh-toan,
2028-10-03,2028-10-03,15,8,khong,Tân Dậu,khong,khong,khong,khong,khong,khong,0,tinh-toan,
2028-10-04,2028-10-04,16,8,khong,Nhâm Tuất,khong,khong,khong,khong,khong,khong,0,tinh-toan,
2028-10-05,2028-10-05,17,8,khong,Quý Hợi,khong,khong,khong,khong,khong,khong,0,tinh-toan,
2028-10-06,2028-10-06,18,8,khong,Giáp Tý,co,khong,khong,khong,khong,khong,1,tinh-toan,
2028-10-07,2028-10-07,19,8,khong,Ất Sửu,khong,khong,co,khong,khong,khong,1,tinh-toan,
2028-10-08,2028-10-08,20,8,khong,Bính Dần,khong,khong,khong,khong,khong,khong,0,tinh-toan,
2028-10-09,2028-10-09,21,8,khong,Đinh Mão,khong,khong,khong,khong,khong,khong,0,tinh-toan,
2028-10-10,2028-10-10,22,8,khong,Mậu Thìn,co,khong,khong,co,khong,khong,2,tinh-toan,
2028-10-11,2028-10-11,23,8,khong,Kỷ Tỵ,khong,co,khong,khong,khong,khong,1,tinh-toan,
2028-10-12,2028-10-12,24,8,khong,Canh Ngọ,khong,khong,khong,khong,khong,khong,0,tinh-toan,
2028-10-13,2028-10-13,25,8,khong,Tân Mùi,khong,khong,khong,khong,khong,co,0,tinh-toan,
2028-10-14,2028-10-14,26,8,khong,Nhâm Thân,khong,khong,khong,khong,khong,khong,0,tinh-toan,
2028-10-15,2028-10-15,27,8,khong,Quý Dậu,co,khong,khong,khong,khong,khong,1,tinh-toan,
2028-10-16,2028-10-16,28,8,khong,Giáp Tuất,khong,khong,khong,khong,khong,khong,0,tinh-toan,
2028-10-17,2028-10-17,29,8,khong,Ất Hợi,khong,khong,khong,khong,khong,khong,0,tinh-toan,
2028-10-18,2028-10-18,1,9,khong,Bính Tý,khong,khong,khong,khong,khong,khong,0,tinh-toan,
2028-10-19,2028-10-19,2,9,khong,Đinh Sửu,khong,khong,khong,co,khong,khong,1,tinh-toan,
2028-10-20,2028-10-20,3,9,khong,Mậu Dần,co,khong,khong,khong,khong,co,1,tinh-toan,
2028-10-21,2028-10-21,4,9,khong,Kỷ Mão,khong,khong,khong,khong,khong,khong,0,tinh-toan,
2028-10-22,2028-10-22,5,9,khong,Canh Thìn,khong,co,khong,khong,khong,khong,1,tinh-toan,
2028-10-23,2028-10-23,6,9,khong,Tân Tỵ,khong,khong,khong,khong,khong,khong,0,tinh-toan,
2028-10-24,2028-10-24,7,9,khong,Nhâm Ngọ,co,khong,co,khong,khong,khong,2,tinh-toan,
2028-10-25,2028-10-25,8,9,khong,Quý Mùi,khong,khong,khong,khong,khong,khong,0,tinh-toan,
2028-10-26,2028-10-26,9,9,khong,Giáp Thân,khong,khong,khong,khong,khong,khong,0,tinh-toan,
2028-10-27,2028-10-27,10,9,khong,Ất Dậu,khong,khong,khong,khong,khong,khong,0,tinh-toan,
2028-10-28,2028-10-28,11,9,khong,Bính Tuất,khong,khong,khong,khong,khong,khong,0,tinh-toan,
2028-10-29,2028-10-29,12,9,khong,Đinh Hợi,khong,khong,khong,khong,khong,khong,0,tinh-toan,
2028-10-30,2028-10-30,13,9,khong,Mậu Tý,co,khong,khong,khong,khong,khong,1,tinh-toan,
2028-10-31,2028-10-31,14,9,khong,Kỷ Sửu,khong,co,khong,co,khong,khong,2,tinh-toan,
2028-11-01,2028-11-01,15,9,khong,Canh Dần,khong,khong,khong,khong,khong,co,0,tinh-toan,
2028-11-02,2028-11-02,16,9,khong,Tân Mão,khong,khong,khong,khong,khong,khong,0,tinh-toan,
2028-11-03,2028-11-03,17,9,khong,Nhâm Thìn,khong,khong,khong,khong,khong,khong,0,tinh-toan,
2028-11-04,2028-11-04,18,9,khong,Quý Tỵ,co,khong,khong,khong,khong,khong,1,tinh-toan,
2028-11-05,2028-11-05,19,9,khong,Giáp Ngọ,khong,khong,co,khong,khong,khong,1,tinh-toan,
2028-11-06,2028-11-06,20,9,khong,Ất Mùi,khong,khong,khong,khong,khong,khong,0,tinh-toan,
2028-11-07,2028-11-07,21,9,khong,Bính Thân,khong,khong,khong,khong,khong,khong,0,tinh-toan,
2028-11-08,2028-11-08,22,9,khong,Đinh Dậu,co,khong,khong,khong,khong,khong,1,tinh-toan,
2028-11-09,2028-11-09,23,9,khong,Mậu Tuất,khong,co,khong,khong,khong,khong,1,tinh-toan,
2028-11-10,2028-11-10,24,9,khong,Kỷ Hợi,khong,khong,khong,khong,khong,khong,0,tinh-toan,
2028-11-11,2028-11-11,25,9,khong,Canh Tý,khong,khong,khong,khong,khong,khong,0,tinh-toan,
2028-11-12,2028-11-12,26,9,khong,Tân Sửu,khong,khong,khong,co,khong,khong,1,tinh-toan,
2028-11-13,2028-11-13,27,9,khong,Nhâm Dần,co,khong,khong,khong,khong,co,1,tinh-toan,
2028-11-14,2028-11-14,28,9,khong,Quý Mão,khong,khong,khong,khong,khong,khong,0,tinh-toan,
2028-11-15,2028-11-15,29,9,khong,Giáp Thìn,khong,khong,khong,khong,khong,khong,0,tinh-toan,
2028-11-16,2028-11-16,1,10,khong,Ất Tỵ,khong,khong,khong,khong,khong,khong,0,tinh-toan,
2028-11-17,2028-11-17,2,10,khong,Bính Ngọ,khong,khong,khong,khong,khong,khong,0,tinh-toan,
2028-11-18,2028-11-18,3,10,khong,Đinh Mùi,co,khong,khong,khong,khong,khong,1,tinh-toan,
2028-11-19,2028-11-19,4,10,khong,Mậu Thân,khong,khong,khong,khong,co,co,1,tinh-toan,
2028-11-20,2028-11-20,5,10,khong,Kỷ Dậu,khong,co,co,khong,khong,khong,2,tinh-toan,
2028-11-21,2028-11-21,6,10,khong,Canh Tuất,khong,khong,khong,khong,khong,khong,0,tinh-toan,
2028-11-22,2028-11-22,7,10,khong,Tân Hợi,co,khong,khong,khong,khong,khong,1,tinh-toan,
2028-11-23,2028-11-23,8,10,khong,Nhâm Tý,khong,khong,khong,khong,khong,khong,0,tinh-toan,
2028-11-24,2028-11-24,9,10,khong,Quý Sửu,khong,khong,khong,khong,khong,khong,0,tinh-toan,
2028-11-25,2028-11-25,10,10,khong,Giáp Dần,khong,khong,khong,khong,khong,khong,0,tinh-toan,
2028-11-26,2028-11-26,11,10,khong,Ất Mão,khong,khong,khong,khong,khong,khong,0,tinh-toan,
2028-11-27,2028-11-27,12,10,khong,Bính Thìn,khong,khong,khong,co,khong,khong,1,tinh-toan,
2028-11-28,2028-11-28,13,10,khong,Đinh Tỵ,co,khong,khong,khong,khong,khong,1,tinh-toan,
2028-11-29,2028-11-29,14,10,khong,Mậu Ngọ,khong,co,khong,khong,khong,khong,1,tinh-toan,
2028-11-30,2028-11-30,15,10,khong,Kỷ Mùi,khong,khong,khong,khong,khong,khong,0,tinh-toan,
2028-12-01,2028-12-01,16,10,khong,Canh Thân,khong,khong,khong,khong,khong,co,0,tinh-toan,
2028-12-02,2028-12-02,17,10,khong,Tân Dậu,khong,khong,co,khong,khong,khong,1,tinh-toan,
2028-12-03,2028-12-03,18,10,khong,Nhâm Tuất,co,khong,khong,khong,khong,khong,1,tinh-toan,
2028-12-04,2028-12-04,19,10,khong,Quý Hợi,khong,khong,khong,khong,khong,khong,0,tinh-toan,
2028-12-05,2028-12-05,20,10,khong,Giáp Tý,khong,khong,khong,khong,khong,khong,0,tinh-toan,
2028-12-06,2028-12-06,21,10,khong,Ất Sửu,khong,khong,khong,khong,khong,khong,0,tinh-toan,
2028-12-07,2028-12-07,22,10,khong,Bính Dần,co,khong,khong,khong,khong,khong,1,tinh-toan,
2028-12-08,2028-12-08,23,10,khong,Đinh Mão,khong,co,khong,khong,khong,khong,1,tinh-toan,
2028-12-09,2028-12-09,24,10,khong,Mậu Thìn,khong,khong,khong,co,khong,khong,1,tinh-toan,
2028-12-10,2028-12-10,25,10,khong,Kỷ Tỵ,khong,khong,khong,khong,khong,khong,0,tinh-toan,
2028-12-11,2028-12-11,26,10,khong,Canh Ngọ,khong,khong,khong,khong,khong,khong,0,tinh-toan,
2028-12-12,2028-12-12,27,10,khong,Tân Mùi,co,khong,khong,khong,khong,khong,1,tinh-toan,
2028-12-13,2028-12-13,28,10,khong,Nhâm Thân,khong,khong,khong,khong,khong,co,0,tinh-toan,
2028-12-14,2028-12-14,29,10,khong,Quý Dậu,khong,khong,co,khong,khong,khong,1,tinh-toan,
2028-12-15,2028-12-15,30,10,khong,Giáp Tuất,khong,khong,khong,khong,khong,khong,0,tinh-toan,
2028-12-16,2028-12-16,1,11,khong,Ất Hợi,khong,khong,khong,khong,khong,khong,0,tinh-toan,
2028-12-17,2028-12-17,2,11,khong,Bính Tý,khong,khong,khong,khong,khong,khong,0,tinh-toan,
2028-12-18,2028-12-18,3,11,khong,Đinh Sửu,co,khong,khong,khong,khong,khong,1,tinh-toan,
2028-12-19,2028-12-19,4,11,khong,Mậu Dần,khong,khong,co,khong,khong,khong,1,tinh-toan,
2028-12-20,2028-12-20,5,11,khong,Kỷ Mão,khong,co,khong,khong,khong,co,1,tinh-toan,
2028-12-21,2028-12-21,6,11,khong,Canh Thìn,khong,khong,khong,khong,khong,khong,0,tinh-toan,
2028-12-22,2028-12-22,7,11,khong,Tân Tỵ,co,khong,khong,khong,khong,khong,1,tinh-toan,
2028-12-23,2028-12-23,8,11,khong,Nhâm Ngọ,khong,khong,khong,khong,khong,khong,0,tinh-toan,
2028-12-24,2028-12-24,9,11,khong,Quý Mùi,khong,khong,khong,co,khong,khong,1,tinh-toan,
2028-12-25,2028-12-25,10,11,khong,Giáp Thân,khong,khong,khong,khong,khong,khong,0,tinh-toan,
2028-12-26,2028-12-26,11,11,khong,Ất Dậu,khong,khong,khong,khong,khong,khong,0,tinh-toan,
2028-12-27,2028-12-27,12,11,khong,Bính Tuất,khong,khong,khong,khong,khong,khong,0,tinh-toan,
2028-12-28,2028-12-28,13,11,khong,Đinh Hợi,co,khong,khong,khong,khong,khong,1,tinh-toan,
2028-12-29,2028-12-29,14,11,khong,Mậu Tý,khong,co,khong,khong,khong,khong,1,tinh-toan,
2028-12-30,2028-12-30,15,11,khong,Kỷ Sửu,khong,khong,khong,khong,khong,khong,0,tinh-toan,
2028-12-31,2028-12-31,16,11,khong,Canh Dần,khong,khong,co,khong,khong,khong,1,tinh-toan,
2029-01-01,2029-01-01,17,11,khong,Tân Mão,khong,khong,khong,khong,co,co,1,tinh-toan,
2029-01-02,2029-01-02,18,11,khong,Nhâm Thìn,co,khong,khong,khong,khong,khong,1,tinh-toan,
2029-01-03,2029-01-03,19,11,khong,Quý Tỵ,khong,khong,khong,khong,khong,khong,0,tinh-toan,
2029-01-04,2029-01-04,20,11,khong,Giáp Ngọ,khong,khong,khong,khong,khong,khong,0,tinh-toan,
2029-01-05,2029-01-05,21,11,khong,Ất Mùi,khong,khong,khong,co,khong,khong,1,tinh-toan,
2029-01-06,2029-01-06,22,11,khong,Bính Thân,co,khong,khong,khong,khong,khong,1,tinh-toan,
2029-01-07,2029-01-07,23,11,khong,Đinh Dậu,khong,co,khong,khong,khong,khong,1,tinh-toan,
2029-01-08,2029-01-08,24,11,khong,Mậu Tuất,khong,khong,khong,khong,khong,khong,0,tinh-toan,
2029-01-09,2029-01-09,25,11,khong,Kỷ Hợi,khong,khong,khong,khong,khong,khong,0,tinh-toan,
2029-01-10,2029-01-10,26,11,khong,Canh Tý,khong,khong,khong,khong,khong,khong,0,tinh-toan,
2029-01-11,2029-01-11,27,11,khong,Tân Sửu,co,khong,khong,khong,khong,khong,1,tinh-toan,
2029-01-12,2029-01-12,28,11,khong,Nhâm Dần,khong,khong,co,khong,khong,khong,1,tinh-toan,
2029-01-13,2029-01-13,29,11,khong,Quý Mão,khong,khong,khong,khong,khong,co,0,tinh-toan,
2029-01-14,2029-01-14,30,11,khong,Giáp Thìn,khong,khong,khong,khong,khong,khong,0,tinh-toan,
2029-01-15,2029-01-15,1,12,khong,Ất Tỵ,khong,khong,khong,khong,khong,khong,0,tinh-toan,
2029-01-16,2029-01-16,2,12,khong,Bính Ngọ,khong,khong,khong,khong,khong,khong,0,tinh-toan,
2029-01-17,2029-01-17,3,12,khong,Đinh Mùi,co,khong,khong,khong,khong,khong,1,tinh-toan,
2029-01-18,2029-01-18,4,12,khong,Mậu Thân,khong,khong,khong,khong,khong,khong,0,tinh-toan,
2029-01-19,2029-01-19,5,12,khong,Kỷ Dậu,khong,co,khong,khong,khong,co,1,tinh-toan,
2029-01-20,2029-01-20,6,12,khong,Canh Tuất,khong,khong,khong,khong,khong,khong,0,tinh-toan,
2029-01-21,2029-01-21,7,12,khong,Tân Hợi,co,khong,khong,khong,khong,khong,1,tinh-toan,
2029-01-22,2029-01-22,8,12,khong,Nhâm Tý,khong,khong,khong,khong,khong,khong,0,tinh-toan,
2029-01-23,2029-01-23,9,12,khong,Quý Sửu,khong,khong,khong,khong,khong,khong,0,tinh-toan,
2029-01-24,2029-01-24,10,12,khong,Giáp Dần,khong,khong,khong,khong,khong,khong,0,tinh-toan,
2029-01-25,2029-01-25,11,12,khong,Ất Mão,khong,khong,khong,khong,khong,khong,0,tinh-toan,
2029-01-26,2029-01-26,12,12,khong,Bính Thìn,khong,khong,co,co,khong,khong,1,tinh-toan,
2029-01-27,2029-01-27,13,12,khong,Đinh Tỵ,co,khong,khong,khong,khong,khong,1,tinh-toan,
2029-01-28,2029-01-28,14,12,khong,Mậu Ngọ,khong,co,khong,khong,khong,khong,1,tinh-toan,
2029-01-29,2029-01-29,15,12,khong,Kỷ Mùi,khong,khong,khong,khong,khong,khong,0,tinh-toan,
2029-01-30,2029-01-30,16,12,khong,Canh Thân,khong,khong,khong,khong,khong,khong,0,tinh-toan,
2029-01-31,2029-01-31,17,12,khong,Tân Dậu,khong,khong,khong,khong,co,co,1,tinh-toan,
2029-02-01,2029-02-01,18,12,khong,Nhâm Tuất,co,khong,khong,khong,khong,khong,1,tinh-toan,
2029-02-02,2029-02-02,19,12,khong,Quý Hợi,khong,khong,khong,khong,khong,khong,0,tinh-toan,
2029-02-03,2029-02-03,20,12,khong,Giáp Tý,khong,khong,khong,khong,khong,khong,0,tinh-toan,
2029-02-04,2029-02-04,21,12,khong,Ất Sửu,khong,khong,khong,khong,khong,khong,0,tinh-toan,
2029-02-05,2029-02-05,22,12,khong,Bính Dần,co,khong,khong,khong,khong,khong,1,tinh-toan,
2029-02-06,2029-02-06,23,12,khong,Đinh Mão,khong,co,khong,khong,khong,khong,1,tinh-toan,
2029-02-07,2029-02-07,24,12,khong,Mậu Thìn,khong,khong,co,co,khong,khong,1,tinh-toan,
2029-02-08,2029-02-08,25,12,khong,Kỷ Tỵ,khong,khong,khong,khong,khong,khong,0,tinh-toan,
2029-02-09,2029-02-09,26,12,khong,Canh Ngọ,khong,khong,khong,khong,khong,khong,0,tinh-toan,
2029-02-10,2029-02-10,27,12,khong,Tân Mùi,co,khong,khong,khong,khong,khong,1,tinh-toan,
2029-02-11,2029-02-11,28,12,khong,Nhâm Thân,khong,khong,khong,khong,khong,khong,0,tinh-toan,
2029-02-12,2029-02-12,29,12,khong,Quý Dậu,khong,khong,khong,khong,khong,co,0,tinh-toan,
2029-02-13,2029-02-13,1,1,khong,Giáp Tuất,khong,khong,khong,khong,khong,co,0,tinh-toan,
2029-02-14,2029-02-14,2,1,khong,Ất Hợi,khong,khong,khong,khong,khong,khong,0,tinh-toan,
2029-02-15,2029-02-15,3,1,khong,Bính Tý,co,khong,khong,co,khong,khong,2,tinh-toan,
2029-02-16,2029-02-16,4,1,khong,Đinh Sửu,khong,khong,khong,khong,khong,khong,0,tinh-toan,
2029-02-17,2029-02-17,5,1,khong,Mậu Dần,khong,co,khong,khong,khong,khong,1,tinh-toan,
2029-02-18,2029-02-18,6,1,khong,Kỷ Mão,khong,khong,khong,khong,khong,khong,0,tinh-toan,
2029-02-19,2029-02-19,7,1,khong,Canh Thìn,co,khong,khong,khong,khong,khong,1,tinh-toan,
2029-02-20,2029-02-20,8,1,khong,Tân Tỵ,khong,khong,co,khong,khong,khong,1,tinh-toan,
2029-02-21,2029-02-21,9,1,khong,Nhâm Ngọ,khong,khong,khong,khong,khong,khong,0,tinh-toan,
2029-02-22,2029-02-22,10,1,khong,Quý Mùi,khong,khong,khong,khong,khong,khong,0,tinh-toan,
2029-02-23,2029-02-23,11,1,khong,Giáp Thân,khong,khong,khong,khong,khong,khong,0,tinh-toan,
2029-02-24,2029-02-24,12,1,khong,Ất Dậu,khong,khong,khong,khong,khong,khong,0,tinh-toan,
2029-02-25,2029-02-25,13,1,khong,Bính Tuất,co,khong,khong,khong,co,co,2,tinh-toan,
2029-02-26,2029-02-26,14,1,khong,Đinh Hợi,khong,co,khong,khong,khong,khong,1,tinh-toan,
2029-02-27,2029-02-27,15,1,khong,Mậu Tý,khong,khong,khong,co,khong,khong,1,tinh-toan,
2029-02-28,2029-02-28,16,1,khong,Kỷ Sửu,khong,khong,khong,khong,khong,khong,0,tinh-toan,
2029-03-01,2029-03-01,17,1,khong,Canh Dần,khong,khong,khong,khong,khong,khong,0,tinh-toan,
2029-03-02,2029-03-02,18,1,khong,Tân Mão,co,khong,khong,khong,khong,khong,1,tinh-toan,
2029-03-03,2029-03-03,19,1,khong,Nhâm Thìn,khong,khong,khong,khong,khong,khong,0,tinh-toan,
2029-03-04,2029-03-04,20,1,khong,Quý Tỵ,khong,khong,co,khong,khong,khong,1,tinh-toan,
2029-03-05,2029-03-05,21,1,khong,Giáp Ngọ,khong,khong,khong,khong,khong,khong,0,tinh-toan,
2029-03-06,2029-03-06,22,1,khong,Ất Mùi,co,khong,khong,khong,khong,khong,1,tinh-toan,
2029-03-07,2029-03-07,23,1,khong,Bính Thân,khong,co,khong,khong,khong,khong,1,tinh-toan,
2029-03-08,2029-03-08,24,1,khong,Đinh Dậu,khong,khong,khong,khong,khong,khong,0,tinh-toan,
2029-03-09,2029-03-09,25,1,khong,Mậu Tuất,khong,khong,khong,khong,khong,co,0,tinh-toan,
2029-03-10,2029-03-10,26,1,khong,Kỷ Hợi,khong,khong,khong,khong,khong,khong,0,tinh-toan,
2029-03-11,2029-03-11,27,1,khong,Canh Tý,co,khong,khong,co,khong,khong,2,tinh-toan,
2029-03-12,2029-03-12,28,1,khong,Tân Sửu,khong,khong,khong,khong,khong,khong,0,tinh-toan,
2029-03-13,2029-03-13,29,1,khong,Nhâm Dần,khong,khong,khong,khong,khong,khong,0,tinh-toan,
2029-03-14,2029-03-14,30,1,khong,Quý Mão,khong,khong,khong,khong,khong,khong,0,tinh-toan,
2029-03-15,2029-03-15,1,2,khong,Giáp Thìn,khong,khong,khong,khong,khong,co,0,tinh-toan,
2029-03-16,2029-03-16,2,2,khong,Ất Tỵ,khong,khong,khong,khong,khong,khong,0,tinh-toan,
2029-03-17,2029-03-17,3,2,khong,Bính Ngọ,co,khong,khong,khong,khong,khong,1,tinh-toan,
2029-03-18,2029-03-18,4,2,khong,Đinh Mùi,khong,khong,khong,khong,khong,khong,0,tinh-toan,
2029-03-19,2029-03-19,5,2,khong,Mậu Thân,khong,co,khong,khong,khong,khong,1,tinh-toan,
2029-03-20,2029-03-20,6,2,khong,Kỷ Dậu,khong,khong,khong,khong,khong,khong,0,tinh-toan,
2029-03-21,2029-03-21,7,2,khong,Canh Tuất,co,khong,khong,khong,khong,khong,1,tinh-toan,
2029-03-22,2029-03-22,8,2,khong,Tân Hợi,khong,khong,khong,khong,khong,khong,0,tinh-toan,
2029-03-23,2029-03-23,9,2,khong,Nhâm Tý,khong,khong,co,khong,khong,khong,1,tinh-toan,
2029-03-24,2029-03-24,10,2,khong,Quý Sửu,khong,khong,khong,co,khong,khong,1,tinh-toan,
2029-03-25,2029-03-25,11,2,khong,Giáp Dần,khong,khong,khong,khong,khong,khong,0,tinh-toan,
2029-03-26,2029-03-26,12,2,khong,Ất Mão,khong,khong,khong,khong,khong,khong,0,tinh-toan,
2029-03-27,2029-03-27,13,2,khong,Bính Thìn,co,khong,khong,khong,khong,co,1,tinh-toan,
2029-03-28,2029-03-28,14,2,khong,Đinh Tỵ,khong,co,khong,khong,khong,khong,1,tinh-toan,
2029-03-29,2029-03-29,15,2,khong,Mậu Ngọ,khong,khong,khong,khong,khong,khong,0,tinh-toan,
2029-03-30,2029-03-30,16,2,khong,Kỷ Mùi,khong,khong,khong,khong,khong,khong,0,tinh-toan,
2029-03-31,2029-03-31,17,2,khong,Canh Thân,khong,khong,khong,khong,khong,khong,0,tinh-toan,
2029-04-01,2029-04-01,18,2,khong,Tân Dậu,co,khong,khong,khong,khong,khong,1,tinh-toan,
2029-04-02,2029-04-02,19,2,khong,Nhâm Tuất,khong,khong,khong,khong,khong,khong,0,tinh-toan,
2029-04-03,2029-04-03,20,2,khong,Quý Hợi,khong,khong,khong,khong,khong,khong,0,tinh-toan,
2029-04-04,2029-04-04,21,2,khong,Giáp Tý,khong,khong,co,khong,khong,khong,1,tinh-toan,
2029-04-05,2029-04-05,22,2,khong,Ất Sửu,co,khong,khong,co,khong,khong,2,tinh-toan,
2029-04-06,2029-04-06,23,2,khong,Bính Dần,khong,co,khong,khong,khong,khong,1,tinh-toan,
2029-04-07,2029-04-07,24,2,khong,Đinh Mão,khong,khong,khong,khong,khong,khong,0,tinh-toan,
2029-04-08,2029-04-08,25,2,khong,Mậu Thìn,khong,khong,khong,khong,khong,co,0,tinh-toan,
2029-04-09,2029-04-09,26,2,khong,Kỷ Tỵ,khong,khong,khong,khong,khong,khong,0,tinh-toan,
2029-04-10,2029-04-10,27,2,khong,Canh Ngọ,co,khong,khong,khong,khong,khong,1,tinh-toan,
2029-04-11,2029-04-11,28,2,khong,Tân Mùi,khong,khong,khong,khong,khong,khong,0,tinh-toan,
2029-04-12,2029-04-12,29,2,khong,Nhâm Thân,khong,khong,khong,khong,khong,khong,0,tinh-toan,
2029-04-13,2029-04-13,30,2,khong,Quý Dậu,khong,khong,khong,khong,khong,khong,0,tinh-toan,
2029-04-14,2029-04-14,1,3,khong,Giáp Tuất,khong,khong,khong,khong,khong,khong,0,tinh-toan,
2029-04-15,2029-04-15,2,3,khong,Ất Hợi,khong,khong,khong,khong,khong,co,0,tinh-toan,
2029-04-16,2029-04-16,3,3,khong,Bính Tý,co,khong,khong,khong,khong,khong,1,tinh-toan,
2029-04-17,2029-04-17,4,3,khong,Đinh Sửu,khong,khong,khong,co,khong,khong,1,tinh-toan,
2029-04-18,2029-04-18,5,3,khong,Mậu Dần,khong,co,khong,khong,khong,khong,1,tinh-toan,
2029-04-19,2029-04-19,6,3,khong,Kỷ Mão,khong,khong,khong,khong,khong,khong,0,tinh-toan,
2029-04-20,2029-04-20,7,3,khong,Canh Thìn,co,khong,khong,khong,khong,khong,1,tinh-toan,
2029-04-21,2029-04-21,8,3,khong,Tân Tỵ,khong,khong,khong,khong,khong,khong,0,tinh-toan,
2029-04-22,2029-04-22,9,3,khong,Nhâm Ngọ,khong,khong,khong,khong,khong,khong,0,tinh-toan,
2029-04-23,2029-04-23,10,3,khong,Quý Mùi,khong,khong,co,khong,khong,khong,1,tinh-toan,
2029-04-24,2029-04-24,11,3,khong,Giáp Thân,khong,khong,khong,khong,khong,khong,0,tinh-toan,
2029-04-25,2029-04-25,12,3,khong,Ất Dậu,khong,khong,khong,khong,khong,khong,0,tinh-toan,
2029-04-26,2029-04-26,13,3,khong,Bính Tuất,co,khong,khong,khong,khong,khong,1,tinh-toan,
2029-04-27,2029-04-27,14,3,khong,Đinh Hợi,khong,co,khong,khong,khong,co,1,tinh-toan,
2029-04-28,2029-04-28,15,3,khong,Mậu Tý,khong,khong,khong,khong,khong,khong,0,tinh-toan,
2029-04-29,2029-04-29,16,3,khong,Kỷ Sửu,khong,khong,khong,co,khong,khong,1,tinh-toan,
2029-04-30,2029-04-30,17,3,khong,Canh Dần,khong,khong,khong,khong,khong,khong,0,tinh-toan,
2029-05-01,2029-05-01,18,3,khong,Tân Mão,co,khong,khong,khong,khong,khong,1,tinh-toan,
2029-05-02,2029-05-02,19,3,khong,Nhâm Thìn,khong,khong,khong,khong,khong,khong,0,tinh-toan,
2029-05-03,2029-05-03,20,3,khong,Quý Tỵ,khong,khong,khong,khong,khong,khong,0,tinh-toan,
2029-05-04,2029-05-04,21,3,khong,Giáp Ngọ,khong,khong,khong,khong,khong,khong,0,tinh-toan,
2029-05-05,2029-05-05,22,3,khong,Ất Mùi,co,khong,co,khong,khong,khong,2,tinh-toan,
2029-05-06,2029-05-06,23,3,khong,Bính Thân,khong,co,khong,khong,khong,khong,1,tinh-toan,
2029-05-07,2029-05-07,24,3,khong,Đinh Dậu,khong,khong,khong,khong,khong,khong,0,tinh-toan,
2029-05-08,2029-05-08,25,3,khong,Mậu Tuất,khong,khong,khong,khong,khong,khong,0,tinh-toan,
2029-05-09,2029-05-09,26,3,khong,Kỷ Hợi,khong,khong,khong,khong,khong,co,0,tinh-toan,
2029-05-10,2029-05-10,27,3,khong,Canh Tý,co,khong,khong,khong,khong,khong,1,tinh-toan,
2029-05-11,2029-05-11,28,3,khong,Tân Sửu,khong,khong,khong,co,khong,khong,1,tinh-toan,
2029-05-12,2029-05-12,29,3,khong,Nhâm Dần,khong,khong,khong,khong,khong,khong,0,tinh-toan,
2029-05-13,2029-05-13,1,4,khong,Quý Mão,khong,khong,co,khong,khong,khong,1,tinh-toan,
2029-05-14,2029-05-14,2,4,khong,Giáp Thìn,khong,khong,khong,khong,khong,khong,0,tinh-toan,
2029-05-15,2029-05-15,3,4,khong,Ất Tỵ,co,khong,khong,khong,khong,co,1,tinh-toan,
2029-05-16,2029-05-16,4,4,khong,Bính Ngọ,khong,khong,khong,khong,khong,khong,0,tinh-toan,
2029-05-17,2029-05-17,5,4,khong,Đinh Mùi,khong,co,khong,khong,khong,khong,1,tinh-toan,
2029-05-18,2029-05-18,6,4,khong,Mậu Thân,khong,khong,khong,khong,khong,khong,0,tinh-toan,
2029-05-19,2029-05-19,7,4,khong,Kỷ Dậu,co,khong,khong,khong,khong,khong,1,tinh-toan,
2029-05-20,2029-05-20,8,4,khong,Canh Tuất,khong,khong,khong,co,khong,khong,1,tinh-toan,
2029-05-21,2029-05-21,9,4,khong,Tân Hợi,khong,khong,khong,khong,khong,khong,0,tinh-toan,
2029-05-22,2029-05-22,10,4,khong,Nhâm Tý,khong,khong,khong,khong,khong,khong,0,tinh-toan,
2029-05-23,2029-05-23,11,4,khong,Quý Sửu,khong,khong,khong,khong,khong,khong,0,tinh-toan,
2029-05-24,2029-05-24,12,4,khong,Giáp Dần,khong,khong,khong,khong,khong,khong,0,tinh-toan,
2029-05-25,2029-05-25,13,4,khong,Ất Mão,co,khong,co,khong,khong,khong,2,tinh-toan,
2029-05-26,2029-05-26,14,4,khong,Bính Thìn,khong,co,khong,khong,khong,khong,1,tinh-toan,
2029-05-27,2029-05-27,15,4,khong,Đinh Tỵ,khong,khong,khong,khong,co,co,1,tinh-toan,
2029-05-28,2029-05-28,16,4,khong,Mậu Ngọ,khong,khong,khong,khong,khong,khong,0,tinh-toan,
2029-05-29,2029-05-29,17,4,khong,Kỷ Mùi,khong,khong,khong,khong,khong,khong,0,tinh-toan,
2029-05-30,2029-05-30,18,4,khong,Canh Thân,co,khong,khong,khong,khong,khong,1,tinh-toan,
2029-05-31,2029-05-31,19,4,khong,Tân Dậu,khong,khong,khong,khong,khong,khong,0,tinh-toan,
2029-06-01,2029-06-01,20,4,khong,Nhâm Tuất,khong,khong,khong,co,khong,khong,1,tinh-toan,
2029-06-02,2029-06-02,21,4,khong,Quý Hợi,khong,khong,khong,khong,khong,khong,0,tinh-toan,
2029-06-03,2029-06-03,22,4,khong,Giáp Tý,co,khong,khong,khong,khong,khong,1,tinh-toan,
2029-06-04,2029-06-04,23,4,khong,Ất Sửu,khong,co,khong,khong,khong,khong,1,tinh-toan,
2029-06-05,2029-06-05,24,4,khong,Bính Dần,khong,khong,khong,khong,khong,khong,0,tinh-toan,
2029-06-06,2029-06-06,25,4,khong,Đinh Mão,khong,khong,co,khong,khong,khong,1,tinh-toan,
2029-06-07,2029-06-07,26,4,khong,Mậu Thìn,khong,khong,khong,khong,khong,khong,0,tinh-toan,
2029-06-08,2029-06-08,27,4,khong,Kỷ Tỵ,co,khong,khong,khong,khong,co,1,tinh-toan,
2029-06-09,2029-06-09,28,4,khong,Canh Ngọ,khong,khong,khong,khong,khong,khong,0,tinh-toan,
2029-06-10,2029-06-10,29,4,khong,Tân Mùi,khong,khong,khong,khong,khong,khong,0,tinh-toan,
2029-06-11,2029-06-11,30,4,khong,Nhâm Thân,khong,khong,khong,khong,khong,khong,0,tinh-toan,
2029-06-12,2029-06-12,1,5,khong,Quý Dậu,khong,khong,khong,khong,khong,khong,0,tinh-toan,
2029-06-13,2029-06-13,2,5,khong,Giáp Tuất,khong,khong,khong,khong,khong,khong,0,tinh-toan,
2029-06-14,2029-06-14,3,5,khong,Ất Hợi,co,khong,khong,khong,khong,khong,1,tinh-toan,
2029-06-15,2029-06-15,4,5,khong,Bính Tý,khong,khong,khong,khong,khong,co,0,tinh-toan,
2029-06-16,2029-06-16,5,5,khong,Đinh Sửu,khong,co,khong,khong,khong,khong,1,tinh-toan,
2029-06-17,2029-06-17,6,5,khong,Mậu Dần,khong,khong,khong,khong,khong,khong,0,tinh-toan,
2029-06-18,2029-06-18,7,5,khong,Kỷ Mão,co,khong,khong,khong,khong,khong,1,tinh-toan,
2029-06-19,2029-06-19,8,5,khong,Canh Thìn,khong,khong,khong,co,khong,khong,1,tinh-toan,
2029-06-20,2029-06-20,9,5,khong,Tân Tỵ,khong,khong,khong,khong,khong,khong,0,tinh-toan,
2029-06-21,2029-06-21,10,5,khong,Nhâm Ngọ,khong,khong,khong,khong,khong,khong,0,tinh-toan,
2029-06-22,2029-06-22,11,5,khong,Quý Mùi,khong,khong,khong,khong,khong,khong,0,tinh-toan,
2029-06-23,2029-06-23,12,5,khong,Giáp Thân,khong,khong,co,khong,khong,khong,1,tinh-toan,
2029-06-24,2029-06-24,13,5,khong,Ất Dậu,co,khong,khong,khong,khong,khong,1,tinh-toan,
2029-06-25,2029-06-25,14,5,khong,Bính Tuất,khong,co,khong,khong,khong,khong,1,tinh-toan,
2029-06-26,2029-06-26,15,5,khong,Đinh Hợi,khong,khong,khong,khong,khong,khong,0,tinh-toan,
2029-06-27,2029-06-27,16,5,khong,Mậu Tý,khong,khong,khong,khong,co,co,1,tinh-toan,
2029-06-28,2029-06-28,17,5,khong,Kỷ Sửu,khong,khong,khong,khong,khong,khong,0,tinh-toan,
2029-06-29,2029-06-29,18,5,khong,Canh Dần,co,khong,khong,khong,khong,khong,1,tinh-toan,
2029-06-30,2029-06-30,19,5,khong,Tân Mão,khong,khong,khong,khong,khong,khong,0,tinh-toan,
2029-07-01,2029-07-01,20,5,khong,Nhâm Thìn,khong,khong,khong,co,khong,khong,1,tinh-toan,
2029-07-02,2029-07-02,21,5,khong,Quý Tỵ,khong,khong,khong,khong,khong,khong,0,tinh-toan,
2029-07-03,2029-07-03,22,5,khong,Giáp Ngọ,co,khong,khong,khong,khong,khong,1,tinh-toan,
2029-07-04,2029-07-04,23,5,khong,Ất Mùi,khong,co,khong,khong,khong,khong,1,tinh-toan,
2029-07-05,2029-07-05,24,5,khong,Bính Thân,khong,khong,co,khong,khong,khong,1,tinh-toan,
2029-07-06,2029-07-06,25,5,khong,Đinh Dậu,khong,khong,khong,khong,khong,khong,0,tinh-toan,
2029-07-07,2029-07-07,26,5,khong,Mậu Tuất,khong,khong,khong,khong,khong,khong,0,tinh-toan,
2029-07-08,2029-07-08,27,5,khong,Kỷ Hợi,co,khong,khong,khong,khong,khong,1,tinh-toan,
2029-07-09,2029-07-09,28,5,khong,Canh Tý,khong,khong,khong,khong,khong,co,0,tinh-toan,
2029-07-10,2029-07-10,29,5,khong,Tân Sửu,khong,khong,khong,khong,khong,khong,0,tinh-toan,
2029-07-11,2029-07-11,1,6,khong,Nhâm Dần,khong,khong,khong,khong,khong,khong,0,tinh-toan,
2029-07-12,2029-07-12,2,6,khong,Quý Mão,khong,khong,khong,khong,khong,khong,0,tinh-toan,
2029-07-13,2029-07-13,3,6,khong,Giáp Thìn,co,khong,khong,co,khong,khong,2,tinh-toan,
2029-07-14,2029-07-14,4,6,khong,Ất Tỵ,khong,khong,khong,khong,khong,khong,0,tinh-toan,
2029-07-15,2029-07-15,5,6,khong,Bính Ngọ,khong,co,khong,khong,co,co,2,tinh-toan,
2029-07-16,2029-07-16,6,6,khong,Đinh Mùi,khong,khong,khong,khong,khong,khong,0,tinh-toan,
2029-07-17,2029-07-17,7,6,khong,Mậu Thân,co,khong,khong,khong,khong,khong,1,tinh-toan,
2029-07-18,2029-07-18,8,6,khong,Kỷ Dậu,khong,khong,khong,khong,khong,khong,0,tinh-toan,
2029-07-19,2029-07-19,9,6,khong,Canh Tuất,khong,khong,co,khong,khong,khong,1,tinh-toan,
2029-07-20,2029-07-20,10,6,khong,Tân Hợi,khong,khong,khong,khong,khong,khong,0,tinh-toan,
2029-07-21,2029-07-21,11,6,khong,Nhâm Tý,khong,khong,khong,khong,khong,khong,0,tinh-toan,
2029-07-22,2029-07-22,12,6,khong,Quý Sửu,khong,khong,khong,khong,khong,khong,0,tinh-toan,
2029-07-23,2029-07-23,13,6,khong,Giáp Dần,co,khong,khong,khong,khong,khong,1,tinh-toan,
2029-07-24,2029-07-24,14,6,khong,Ất Mão,khong,co,khong,khong,khong,khong,1,tinh-toan,
2029-07-25,2029-07-25,15,6,khong,Bính Thìn,khong,khong,khong,co,khong,khong,1,tinh-toan,
2029-07-26,2029-07-26,16,6,khong,Đinh Tỵ,khong,khong,khong,khong,khong,khong,0,tinh-toan,
2029-07-27,2029-07-27,17,6,khong,Mậu Ngọ,khong,khong,khong,khong,khong,co,0,tinh-toan,
2029-07-28,2029-07-28,18,6,khong,Kỷ Mùi,co,khong,khong,khong,khong,khong,1,tinh-toan,
2029-07-29,2029-07-29,19,6,khong,Canh Thân,khong,khong,khong,khong,khong,khong,0,tinh-toan,
2029-07-30,2029-07-30,20,6,khong,Tân Dậu,khong,khong,khong,khong,khong,khong,0,tinh-toan,
2029-07-31,2029-07-31,21,6,khong,Nhâm Tuất,khong,khong,co,khong,khong,khong,1,tinh-toan,
2029-08-01,2029-08-01,22,6,khong,Quý Hợi,co,khong,khong,khong,khong,khong,1,tinh-toan,
2029-08-02,2029-08-02,23,6,khong,Giáp Tý,khong,co,khong,khong,khong,khong,1,tinh-toan,
2029-08-03,2029-08-03,24,6,khong,Ất Sửu,khong,khong,khong,khong,khong,khong,0,tinh-toan,
2029-08-04,2029-08-04,25,6,khong,Bính Dần,khong,khong,khong,khong,khong,khong,0,tinh-toan,
2029-08-05,2029-08-05,26,6,khong,Đinh Mão,khong,khong,khong,khong,khong,khong,0,tinh-toan,
2029-08-06,2029-08-06,27,6,khong,Mậu Thìn,co,khong,khong,co,khong,khong,2,tinh-toan,
2029-08-07,2029-08-07,28,6,khong,Kỷ Tỵ,khong,khong,khong,khong,khong,khong,0,tinh-toan,
2029-08-08,2029-08-08,29,6,khong,Canh Ngọ,khong,khong,khong,khong,khong,co,0,tinh-toan,
2029-08-09,2029-08-09,30,6,khong,Tân Mùi,khong,khong,khong,khong,khong,khong,0,tinh-toan,
2029-08-10,2029-08-10,1,7,khong,Nhâm Thân,khong,khong,khong,khong,khong,khong,0,tinh-toan,
2029-08-11,2029-08-11,2,7,khong,Quý Dậu,khong,khong,khong,khong,khong,khong,0,tinh-toan,
2029-08-12,2029-08-12,3,7,khong,Giáp Tuất,co,khong,khong,khong,khong,khong,1,tinh-toan,
2029-08-13,2029-08-13,4,7,khong,Ất Hợi,khong,khong,co,khong,khong,khong,1,tinh-toan,
2029-08-14,2029-08-14,5,7,khong,Bính Tý,khong,co,khong,khong,khong,khong,1,tinh-toan,
2029-08-15,2029-08-15,6,7,khong,Đinh Sửu,khong,khong,khong,co,khong,co,1,tinh-toan,
2029-08-16,2029-08-16,7,7,khong,Mậu Dần,co,khong,khong,khong,khong,khong,1,tinh-toan,
2029-08-17,2029-08-17,8,7,khong,Kỷ Mão,khong,khong,khong,khong,khong,khong,0,tinh-toan,
2029-08-18,2029-08-18,9,7,khong,Canh Thìn,khong,khong,khong,khong,khong,khong,0,tinh-toan,
2029-08-19,2029-08-19,10,7,khong,Tân Tỵ,khong,khong,khong,khong,khong,khong,0,tinh-toan,
2029-08-20,2029-08-20,11,7,khong,Nhâm Ngọ,khong,khong,khong,khong,khong,khong,0,tinh-toan,
2029-08-21,2029-08-21,12,7,khong,Quý Mùi,khong,khong,khong,khong,khong,khong,0,tinh-toan,
2029-08-22,2029-08-22,13,7,khong,Giáp Thân,co,khong,khong,khong,khong,khong,1,tinh-toan,
2029-08-23,2029-08-23,14,7,khong,Ất Dậu,khong,co,khong,khong,khong,khong,1,tinh-toan,
2029-08-24,2029-08-24,15,7,khong,Bính Tuất,khong,khong,khong,khong,khong,khong,0,tinh-toan,
2029-08-25,2029-08-25,16,7,khong,Đinh Hợi,khong,khong,co,khong,khong,khong,1,tinh-toan,
2029-08-26,2029-08-26,17,7,khong,Mậu Tý,khong,khong,khong,khong,khong,khong,0,tinh-toan,
2029-08-27,2029-08-27,18,7,khong,Kỷ Sửu,co,khong,khong,co,khong,co,2,tinh-toan,
2029-08-28,2029-08-28,19,7,khong,Canh Dần,khong,khong,khong,khong,khong,khong,0,tinh-toan,
2029-08-29,2029-08-29,20,7,khong,Tân Mão,khong,khong,khong,khong,khong,khong,0,tinh-toan,
2029-08-30,2029-08-30,21,7,khong,Nhâm Thìn,khong,khong,khong,khong,khong,khong,0,tinh-toan,
2029-08-31,2029-08-31,22,7,khong,Quý Tỵ,co,khong,khong,khong,khong,khong,1,tinh-toan,
2029-09-01,2029-09-01,23,7,khong,Giáp Ngọ,khong,co,khong,khong,khong,khong,1,tinh-toan,
2029-09-02,2029-09-02,24,7,khong,Ất Mùi,khong,khong,khong,khong,khong,khong,0,tinh-toan,
2029-09-03,2029-09-03,25,7,khong,Bính Thân,khong,khong,khong,khong,khong,khong,0,tinh-toan,
2029-09-04,2029-09-04,26,7,khong,Đinh Dậu,khong,khong,khong,khong,khong,khong,0,tinh-toan,
2029-09-05,2029-09-05,27,7,khong,Mậu Tuất,co,khong,khong,khong,khong,khong,1,tinh-toan,
2029-09-06,2029-09-06,28,7,khong,Kỷ Hợi,khong,khong,co,khong,khong,khong,1,tinh-toan,
2029-09-07,2029-09-07,29,7,khong,Canh Tý,khong,khong,khong,khong,khong,khong,0,tinh-toan,
2029-09-08,2029-09-08,1,8,khong,Tân Sửu,khong,khong,co,khong,khong,khong,1,tinh-toan,
2029-09-09,2029-09-09,2,8,khong,Nhâm Dần,khong,khong,khong,khong,khong,khong,0,tinh-toan,
2029-09-10,2029-09-10,3,8,khong,Quý Mão,co,khong,khong,khong,khong,khong,1,tinh-toan,
2029-09-11,2029-09-11,4,8,khong,Giáp Thìn,khong,khong,khong,co,khong,khong,1,tinh-toan,
2029-09-12,2029-09-12,5,8,khong,Ất Tỵ,khong,co,khong,khong,khong,khong,1,tinh-toan,
2029-09-13,2029-09-13,6,8,khong,Bính Ngọ,khong,khong,khong,khong,khong,khong,0,tinh-toan,
2029-09-14,2029-09-14,7,8,khong,Đinh Mùi,co,khong,khong,khong,khong,co,1,tinh-toan,
2029-09-15,2029-09-15,8,8,khong,Mậu Thân,khong,khong,khong,khong,khong,khong,0,tinh-toan,
2029-09-16,2029-09-16,9,8,khong,Kỷ Dậu,khong,khong,khong,khong,khong,khong,0,tinh-toan,
2029-09-17,2029-09-17,10,8,khong,Canh Tuất,khong,khong,khong,khong,khong,khong,0,tinh-toan,
2029-09-18,2029-09-18,11,8,khong,Tân Hợi,khong,khong,khong,khong,khong,khong,0,tinh-toan,
2029-09-19,2029-09-19,12,8,khong,Nhâm Tý,khong,khong,khong,khong,khong,khong,0,tinh-toan,
2029-09-20,2029-09-20,13,8,khong,Quý Sửu,co,khong,co,khong,khong,khong,2,tinh-toan,
2029-09-21,2029-09-21,14,8,khong,Giáp Dần,khong,co,khong,khong,khong,khong,1,tinh-toan,
2029-09-22,2029-09-22,15,8,khong,Ất Mão,khong,khong,khong,khong,khong,khong,0,tinh-toan,
2029-09-23,2029-09-23,16,8,khong,Bính Thìn,khong,khong,khong,co,khong,khong,1,tinh-toan,
2029-09-24,2029-09-24,17,8,khong,Đinh Tỵ,khong,khong,khong,khong,khong,khong,0,tinh-toan,
2029-09-25,2029-09-25,18,8,khong,Mậu Ngọ,co,khong,khong,khong,khong,khong,1,tinh-toan,
2029-09-26,2029-09-26,19,8,khong,Kỷ Mùi,khong,khong,khong,khong,khong,co,0,tinh-toan,
2029-09-27,2029-09-27,20,8,khong,Canh Thân,khong,khong,khong,khong,khong,khong,0,tinh-toan,
2029-09-28,2029-09-28,21,8,khong,Tân Dậu,khong,khong,khong,khong,khong,khong,0,tinh-toan,
2029-09-29,2029-09-29,22,8,khong,Nhâm Tuất,co,khong,khong,khong,khong,khong,1,tinh-toan,
2029-09-30,2029-09-30,23,8,khong,Quý Hợi,khong,co,khong,khong,khong,khong,1,tinh-toan,
2029-10-01,2029-10-01,24,8,khong,Giáp Tý,khong,khong,khong,khong,khong,khong,0,tinh-toan,
2029-10-02,2029-10-02,25,8,khong,Ất Sửu,khong,khong,co,khong,khong,khong,1,tinh-toan,
2029-10-03,2029-10-03,26,8,khong,Bính Dần,khong,khong,khong,khong,khong,khong,0,tinh-toan,
2029-10-04,2029-10-04,27,8,khong,Đinh Mão,co,khong,khong,khong,khong,khong,1,tinh-toan,
2029-10-05,2029-10-05,28,8,khong,Mậu Thìn,khong,khong,khong,co,khong,khong,1,tinh-toan,
2029-10-06,2029-10-06,29,8,khong,Kỷ Tỵ,khong,khong,khong,khong,khong,khong,0,tinh-toan,
2029-10-07,2029-10-07,30,8,khong,Canh Ngọ,khong,khong,khong,khong,khong,khong,0,tinh-toan,
2029-10-08,2029-10-08,1,9,khong,Tân Mùi,khong,khong,khong,khong,khong,khong,0,tinh-toan,
2029-10-09,2029-10-09,2,9,khong,Nhâm Thân,khong,khong,khong,khong,khong,khong,0,tinh-toan,
2029-10-10,2029-10-10,3,9,khong,Quý Dậu,co,khong,khong,khong,khong,khong,1,tinh-toan,
2029-10-11,2029-10-11,4,9,khong,Giáp Tuất,khong,khong,khong,khong,khong,khong,0,tinh-toan,
2029-10-12,2029-10-12,5,9,khong,Ất Hợi,khong,co,khong,khong,khong,khong,1,tinh-toan,
2029-10-13,2029-10-13,6,9,khong,Bính Tý,khong,khong,khong,khong,khong,khong,0,tinh-toan,
2029-10-14,2029-10-14,7,9,khong,Đinh Sửu,co,khong,khong,co,khong,khong,2,tinh-toan,
2029-10-15,2029-10-15,8,9,khong,Mậu Dần,khong,khong,khong,khong,khong,co,0,tinh-toan,
2029-10-16,2029-10-16,9,9,khong,Kỷ Mão,khong,khong,khong,khong,khong,khong,0,tinh-toan,
2029-10-17,2029-10-17,10,9,khong,Canh Thìn,khong,khong,khong,khong,khong,khong,0,tinh-toan,
2029-10-18,2029-10-18,11,9,khong,Tân Tỵ,khong,khong,khong,khong,khong,khong,0,tinh-toan,
2029-10-19,2029-10-19,12,9,khong,Nhâm Ngọ,khong,khong,co,khong,khong,khong,1,tinh-toan,
2029-10-20,2029-10-20,13,9,khong,Quý Mùi,co,khong,khong,khong,khong,khong,1,tinh-toan,
2029-10-21,2029-10-21,14,9,khong,Giáp Thân,khong,co,khong,khong,khong,khong,1,tinh-toan,
2029-10-22,2029-10-22,15,9,khong,Ất Dậu,khong,khong,khong,khong,khong,khong,0,tinh-toan,
2029-10-23,2029-10-23,16,9,khong,Bính Tuất,khong,khong,khong,khong,khong,khong,0,tinh-toan,
2029-10-24,2029-10-24,17,9,khong,Đinh Hợi,khong,khong,khong,khong,khong,khong,0,tinh-toan,
2029-10-25,2029-10-25,18,9,khong,Mậu Tý,co,khong,khong,khong,khong,khong,1,tinh-toan,
2029-10-26,2029-10-26,19,9,khong,Kỷ Sửu,khong,khong,khong,co,khong,khong,1,tinh-toan,
2029-10-27,2029-10-27,20,9,khong,Canh Dần,khong,khong,khong,khong,khong,co,0,tinh-toan,
2029-10-28,2029-10-28,21,9,khong,Tân Mão,khong,khong,khong,khong,khong,khong,0,tinh-toan,
2029-10-29,2029-10-29,22,9,khong,Nhâm Thìn,co,khong,khong,khong,khong,khong,1,tinh-toan,
2029-10-30,2029-10-30,23,9,khong,Quý Tỵ,khong,co,khong,khong,khong,khong,1,tinh-toan,
2029-10-31,2029-10-31,24,9,khong,Giáp Ngọ,khong,khong,co,khong,khong,khong,1,tinh-toan,
2029-11-01,2029-11-01,25,9,khong,Ất Mùi,khong,khong,khong,khong,khong,khong,0,tinh-toan,
2029-11-02,2029-11-02,26,9,khong,Bính Thân,khong,khong,khong,khong,khong,khong,0,tinh-toan,
2029-11-03,2029-11-03,27,9,khong,Đinh Dậu,co,khong,khong,khong,khong,khong,1,tinh-toan,
2029-11-04,2029-11-04,28,9,khong,Mậu Tuất,khong,khong,khong,khong,khong,khong,0,tinh-toan,
2029-11-05,2029-11-05,29,9,khong,Kỷ Hợi,khong,khong,khong,khong,khong,khong,0,tinh-toan,
2029-11-06,2029-11-06,1,10,khong,Canh Tý,khong,khong,khong,khong,khong,khong,0,tinh-toan,
2029-11-07,2029-11-07,2,10,khong,Tân Sửu,khong,khong,khong,khong,khong,khong,0,tinh-toan,
2029-11-08,2029-11-08,3,10,khong,Nhâm Dần,co,khong,khong,khong,khong,khong,1,tinh-toan,
2029-11-09,2029-11-09,4,10,khong,Quý Mão,khong,khong,khong,khong,khong,khong,0,tinh-toan,
2029-11-10,2029-11-10,5,10,khong,Giáp Thìn,khong,co,khong,co,khong,khong,2,tinh-toan,
2029-11-11,2029-11-11,6,10,khong,Ất Tỵ,khong,khong,khong,khong,khong,khong,0,tinh-toan,
2029-11-12,2029-11-12,7,10,khong,Bính Ngọ,co,khong,khong,khong,khong,khong,1,tinh-toan,
2029-11-13,2029-11-13,8,10,khong,Đinh Mùi,khong,khong,khong,khong,khong,khong,0,tinh-toan,
2029-11-14,2029-11-14,9,10,khong,Mậu Thân,khong,khong,khong,khong,co,co,1,tinh-toan,
2029-11-15,2029-11-15,10,10,khong,Kỷ Dậu,khong,khong,co,khong,khong,khong,1,tinh-toan,
2029-11-16,2029-11-16,11,10,khong,Canh Tuất,khong,khong,khong,khong,khong,khong,0,tinh-toan,
2029-11-17,2029-11-17,12,10,khong,Tân Hợi,khong,khong,khong,khong,khong,khong,0,tinh-toan,
2029-11-18,2029-11-18,13,10,khong,Nhâm Tý,co,khong,khong,khong,khong,khong,1,tinh-toan,
2029-11-19,2029-11-19,14,10,khong,Quý Sửu,khong,co,khong,khong,khong,khong,1,tinh-toan,
2029-11-20,2029-11-20,15,10,khong,Giáp Dần,khong,khong,khong,khong,khong,khong,0,tinh-toan,
2029-11-21,2029-11-21,16,10,khong,Ất Mão,khong,khong,khong,khong,khong,khong,0,tinh-toan,
2029-11-22,2029-11-22,17,10,khong,Bính Thìn,khong,khong,khong,co,khong,khong,1,tinh-toan,
2029-11-23,2029-11-23,18,10,khong,Đinh Tỵ,co,khong,khong,khong,khong,khong,1,tinh-toan,
2029-11-24,2029-11-24,19,10,khong,Mậu Ngọ,khong,khong,khong,khong,khong,khong,0,tinh-toan,
2029-11-25,2029-11-25,20,10,khong,Kỷ Mùi,khong,khong,khong,khong,khong,khong,0,tinh-toan,
2029-11-26,2029-11-26,21,10,khong,Canh Thân,khong,khong,khong,khong,khong,co,0,tinh-toan,
2029-11-27,2029-11-27,22,10,khong,Tân Dậu,co,khong,co,khong,khong,khong,2,tinh-toan,
2029-11-28,2029-11-28,23,10,khong,Nhâm Tuất,khong,co,khong,khong,khong,khong,1,tinh-toan,
2029-11-29,2029-11-29,24,10,khong,Quý Hợi,khong,khong,khong,khong,khong,khong,0,tinh-toan,
2029-11-30,2029-11-30,25,10,khong,Giáp Tý,khong,khong,khong,khong,khong,khong,0,tinh-toan,
2029-12-01,2029-12-01,26,10,khong,Ất Sửu,khong,khong,khong,khong,khong,khong,0,tinh-toan,
2029-12-02,2029-12-02,27,10,khong,Bính Dần,co,khong,khong,khong,khong,khong,1,tinh-toan,
2029-12-03,2029-12-03,28,10,khong,Đinh Mão,khong,khong,khong,khong,khong,khong,0,tinh-toan,
2029-12-04,2029-12-04,29,10,khong,Mậu Thìn,khong,khong,khong,co,khong,khong,1,tinh-toan,
2029-12-05,2029-12-05,1,11,khong,Kỷ Tỵ,khong,khong,khong,khong,khong,khong,0,tinh-toan,
2029-12-06,2029-12-06,2,11,khong,Canh Ngọ,khong,khong,khong,khong,khong,khong,0,tinh-toan,
2029-12-07,2029-12-07,3,11,khong,Tân Mùi,co,khong,khong,co,khong,khong,2,tinh-toan,
2029-12-08,2029-12-08,4,11,khong,Nhâm Thân,khong,khong,khong,khong,khong,khong,0,tinh-toan,
2029-12-09,2029-12-09,5,11,khong,Quý Dậu,khong,co,khong,khong,khong,khong,1,tinh-toan,
2029-12-10,2029-12-10,6,11,khong,Giáp Tuất,khong,khong,khong,khong,khong,khong,0,tinh-toan,
2029-12-11,2029-12-11,7,11,khong,Ất Hợi,co,khong,khong,khong,khong,khong,1,tinh-toan,
2029-12-12,2029-12-12,8,11,khong,Bính Tý,khong,khong,khong,khong,khong,khong,0,tinh-toan,
2029-12-13,2029-12-13,9,11,khong,Đinh Sửu,khong,khong,khong,khong,khong,khong,0,tinh-toan,
2029-12-14,2029-12-14,10,11,khong,Mậu Dần,khong,khong,co,khong,khong,khong,1,tinh-toan,
2029-12-15,2029-12-15,11,11,khong,Kỷ Mão,khong,khong,khong,khong,khong,co,0,tinh-toan,
2029-12-16,2029-12-16,12,11,khong,Canh Thìn,khong,khong,khong,khong,khong,khong,0,tinh-toan,
2029-12-17,2029-12-17,13,11,khong,Tân Tỵ,co,khong,khong,khong,khong,khong,1,tinh-toan,
2029-12-18,2029-12-18,14,11,khong,Nhâm Ngọ,khong,co,khong,khong,khong,khong,1,tinh-toan,
2029-12-19,2029-12-19,15,11,khong,Quý Mùi,khong,khong,khong,co,khong,khong,1,tinh-toan,
2029-12-20,2029-12-20,16,11,khong,Giáp Thân,khong,khong,khong,khong,khong,khong,0,tinh-toan,
2029-12-21,2029-12-21,17,11,khong,Ất Dậu,khong,khong,khong,khong,khong,khong,0,tinh-toan,
2029-12-22,2029-12-22,18,11,khong,Bính Tuất,co,khong,khong,khong,khong,khong,1,tinh-toan,
2029-12-23,2029-12-23,19,11,khong,Đinh Hợi,khong,khong,khong,khong,khong,khong,0,tinh-toan,
2029-12-24,2029-12-24,20,11,khong,Mậu Tý,khong,khong,khong,khong,khong,khong,0,tinh-toan,
2029-12-25,2029-12-25,21,11,khong,Kỷ Sửu,khong,khong,khong,khong,khong,khong,0,tinh-toan,
2029-12-26,2029-12-26,22,11,khong,Canh Dần,co,khong,co,khong,khong,khong,2,tinh-toan,
2029-12-27,2029-12-27,23,11,khong,Tân Mão,khong,co,khong,khong,co,co,2,tinh-toan,
2029-12-28,2029-12-28,24,11,khong,Nhâm Thìn,khong,khong,khong,khong,khong,khong,0,tinh-toan,
2029-12-29,2029-12-29,25,11,khong,Quý Tỵ,khong,khong,khong,khong,khong,khong,0,tinh-toan,
2029-12-30,2029-12-30,26,11,khong,Giáp Ngọ,khong,khong,khong,khong,khong,khong,0,tinh-toan,
2029-12-31,2029-12-31,27,11,khong,Ất Mùi,co,khong,khong,co,khong,khong,2,tinh-toan,
2030-01-01,2030-01-01,28,11,khong,Bính Thân,khong,khong,khong,khong,khong,khong,0,tinh-toan,
2030-01-02,2030-01-02,29,11,khong,Đinh Dậu,khong,khong,khong,khong,khong,khong,0,tinh-toan,
2030-01-03,2030-01-03,30,11,khong,Mậu Tuất,khong,khong,khong,khong,khong,khong,0,tinh-toan,
2030-01-04,2030-01-04,1,12,khong,Kỷ Hợi,khong,khong,khong,khong,khong,khong,0,tinh-toan,
2030-01-05,2030-01-05,2,12,khong,Canh Tý,khong,khong,khong,khong,khong,khong,0,tinh-toan,
2030-01-06,2030-01-06,3,12,khong,Tân Sửu,co,khong,khong,khong,khong,khong,1,tinh-toan,
2030-01-07,2030-01-07,4,12,khong,Nhâm Dần,khong,khong,khong,khong,khong,khong,0,tinh-toan,
2030-01-08,2030-01-08,5,12,khong,Quý Mão,khong,co,khong,khong,khong,khong,1,tinh-toan,
2030-01-09,2030-01-09,6,12,khong,Giáp Thìn,khong,khong,co,co,khong,khong,1,tinh-toan,
2030-01-10,2030-01-10,7,12,khong,Ất Tỵ,co,khong,khong,khong,khong,khong,1,tinh-toan,
2030-01-11,2030-01-11,8,12,khong,Bính Ngọ,khong,khong,khong,khong,khong,khong,0,tinh-toan,
2030-01-12,2030-01-12,9,12,khong,Đinh Mùi,khong,khong,khong,khong,khong,khong,0,tinh-toan,
2030-01-13,2030-01-13,10,12,khong,Mậu Thân,khong,khong,khong,khong,khong,khong,0,tinh-toan,
2030-01-14,2030-01-14,11,12,khong,Kỷ Dậu,khong,khong,khong,khong,khong,co,0,tinh-toan,
2030-01-15,2030-01-15,12,12,khong,Canh Tuất,khong,khong,khong,khong,khong,khong,0,tinh-toan,
2030-01-16,2030-01-16,13,12,khong,Tân Hợi,co,khong,khong,khong,khong,khong,1,tinh-toan,
2030-01-17,2030-01-17,14,12,khong,Nhâm Tý,khong,co,khong,khong,khong,khong,1,tinh-toan,
2030-01-18,2030-01-18,15,12,khong,Quý Sửu,khong,khong,khong,khong,khong,khong,0,tinh-toan,
2030-01-19,2030-01-19,16,12,khong,Giáp Dần,khong,khong,khong,khong,khong,khong,0,tinh-toan,
2030-01-20,2030-01-20,17,12,khong,Ất Mão,khong,khong,khong,khong,khong,khong,0,tinh-toan,
2030-01-21,2030-01-21,18,12,khong,Bính Thìn,co,khong,co,co,khong,khong,2,tinh-toan,
2030-01-22,2030-01-22,19,12,khong,Đinh Tỵ,khong,khong,khong,khong,khong,khong,0,tinh-toan,
2030-01-23,2030-01-23,20,12,khong,Mậu Ngọ,khong,khong,khong,khong,khong,khong,0,tinh-toan,
2030-01-24,2030-01-24,21,12,khong,Kỷ Mùi,khong,khong,khong,khong,khong,khong,0,tinh-toan,
2030-01-25,2030-01-25,22,12,khong,Canh Thân,co,khong,khong,khong,khong,khong,1,tinh-toan,
2030-01-26,2030-01-26,23,12,khong,Tân Dậu,khong,co,khong,khong,co,co,2,tinh-toan,
2030-01-27,2030-01-27,24,12,khong,Nhâm Tuất,khong,khong,khong,khong,khong,khong,0,tinh-toan,
2030-01-28,2030-01-28,25,12,khong,Quý Hợi,khong,khong,khong,khong,khong,khong,0,tinh-toan,
2030-01-29,2030-01-29,26,12,khong,Giáp Tý,khong,khong,khong,khong,khong,khong,0,tinh-toan,
2030-01-30,2030-01-30,27,12,khong,Ất Sửu,co,khong,khong,khong,khong,khong,1,tinh-toan,
2030-01-31,2030-01-31,28,12,khong,Bính Dần,khong,khong,khong,khong,khong,khong,0,tinh-toan,
2030-02-01,2030-02-01,29,12,khong,Đinh Mão,khong,khong,khong,khong,khong,khong,0,tinh-toan,
2030-02-02,2030-02-02,1,1,khong,Mậu Thìn,khong,khong,khong,khong,khong,khong,0,tinh-toan,
2030-02-03,2030-02-03,2,1,khong,Kỷ Tỵ,khong,khong,co,khong,khong,khong,1,tinh-toan,
2030-02-04,2030-02-04,3,1,khong,Canh Ngọ,co,khong,khong,khong,khong,khong,1,tinh-toan,
2030-02-05,2030-02-05,4,1,khong,Tân Mùi,khong,khong,khong,khong,khong,khong,0,tinh-toan,
2030-02-06,2030-02-06,5,1,khong,Nhâm Thân,khong,co,khong,khong,khong,khong,1,tinh-toan,
2030-02-07,2030-02-07,6,1,khong,Quý Dậu,khong,khong,khong,khong,khong,khong,0,tinh-toan,
2030-02-08,2030-02-08,7,1,khong,Giáp Tuất,co,khong,khong,khong,khong,co,1,tinh-toan,
2030-02-09,2030-02-09,8,1,khong,Ất Hợi,khong,khong,khong,khong,khong,khong,0,tinh-toan,
2030-02-10,2030-02-10,9,1,khong,Bính Tý,khong,khong,khong,co,khong,khong,1,tinh-toan,
2030-02-11,2030-02-11,10,1,khong,Đinh Sửu,khong,khong,khong,khong,khong,khong,0,tinh-toan,
2030-02-12,2030-02-12,11,1,khong,Mậu Dần,khong,khong,khong,khong,khong,khong,0,tinh-toan,
2030-02-13,2030-02-13,12,1,khong,Kỷ Mão,khong,khong,khong,khong,khong,khong,0,tinh-toan,
2030-02-14,2030-02-14,13,1,khong,Canh Thìn,co,khong,khong,khong,khong,khong,1,tinh-toan,
2030-02-15,2030-02-15,14,1,khong,Tân Tỵ,khong,co,co,khong,khong,khong,2,tinh-toan,
2030-02-16,2030-02-16,15,1,khong,Nhâm Ngọ,khong,khong,khong,khong,khong,khong,0,tinh-toan,
2030-02-17,2030-02-17,16,1,khong,Quý Mùi,khong,khong,khong,khong,khong,khong,0,tinh-toan,
2030-02-18,2030-02-18,17,1,khong,Giáp Thân,khong,khong,khong,khong,khong,khong,0,tinh-toan,
2030-02-19,2030-02-19,18,1,khong,Ất Dậu,co,khong,khong,khong,khong,khong,1,tinh-toan,
2030-02-20,2030-02-20,19,1,khong,Bính Tuất,khong,khong,khong,khong,co,co,1,tinh-toan,
2030-02-21,2030-02-21,20,1,khong,Đinh Hợi,khong,khong,khong,khong,khong,khong,0,tinh-toan,
2030-02-22,2030-02-22,21,1,khong,Mậu Tý,khong,khong,khong,co,khong,khong,1,tinh-toan,
2030-02-23,2030-02-23,22,1,khong,Kỷ Sửu,co,khong,khong,khong,khong,khong,1,tinh-toan,
2030-02-24,2030-02-24,23,1,khong,Canh Dần,khong,co,khong,khong,khong,khong,1,tinh-toan,
2030-02-25,2030-02-25,24,1,khong,Tân Mão,khong,khong,khong,khong,khong,khong,0,tinh-toan,
2030-02-26,2030-02-26,25,1,khong,Nhâm Thìn,khong,khong,khong,khong,khong,khong,0,tinh-toan,
2030-02-27,2030-02-27,26,1,khong,Quý Tỵ,khong,khong,co,khong,khong,khong,1,tinh-toan,
2030-02-28,2030-02-28,27,1,khong,Giáp Ngọ,co,khong,khong,khong,khong,khong,1,tinh-toan,
2030-03-01,2030-03-01,28,1,khong,Ất Mùi,khong,khong,khong,khong,khong,khong,0,tinh-toan,
2030-03-02,2030-03-02,29,1,khong,Bính Thân,khong,khong,khong,khong,khong,khong,0,tinh-toan,
2030-03-03,2030-03-03,30,1,khong,Đinh Dậu,khong,khong,khong,khong,khong,khong,0,tinh-toan,
2030-03-04,2030-03-04,1,2,khong,Mậu Tuất,khong,khong,khong,khong,khong,khong,0,tinh-toan,
2030-03-05,2030-03-05,2,2,khong,Kỷ Hợi,khong,khong,khong,khong,khong,khong,0,tinh-toan,
2030-03-06,2030-03-06,3,2,khong,Canh Tý,co,khong,co,khong,khong,khong,2,tinh-toan,
2030-03-07,2030-03-07,4,2,khong,Tân Sửu,khong,khong,khong,co,khong,khong,1,tinh-toan,
2030-03-08,2030-03-08,5,2,khong,Nhâm Dần,khong,co,khong,khong,khong,khong,1,tinh-toan,
2030-03-09,2030-03-09,6,2,khong,Quý Mão,khong,khong,khong,khong,khong,khong,0,tinh-toan,
2030-03-10,2030-03-10,7,2,khong,Giáp Thìn,co,khong,khong,khong,khong,co,1,tinh-toan,
2030-03-11,2030-03-11,8,2,khong,Ất Tỵ,khong,khong,khong,khong,khong,khong,0,tinh-toan,
2030-03-12,2030-03-12,9,2,khong,Bính Ngọ,khong,khong,khong,khong,khong,khong,0,tinh-toan,
2030-03-13,2030-03-13,10,2,khong,Đinh Mùi,khong,khong,khong,khong,khong,khong,0,tinh-toan,
2030-03-14,2030-03-14,11,2,khong,Mậu Thân,khong,khong,khong,khong,khong,khong,0,tinh-toan,
2030-03-15,2030-03-15,12,2,khong,Kỷ Dậu,khong,khong,khong,khong,khong,khong,0,tinh-toan,
2030-03-16,2030-03-16,13,2,khong,Canh Tuất,co,khong,khong,khong,khong,khong,1,tinh-toan,
2030-03-17,2030-03-17,14,2,khong,Tân Hợi,khong,co,khong,khong,khong,khong,1,tinh-toan,
2030-03-18,2030-03-18,15,2,khong,Nhâm Tý,khong,khong,co,khong,khong,khong,1,tinh-toan,
2030-03-19,2030-03-19,16,2,khong,Quý Sửu,khong,khong,khong,co,khong,khong,1,tinh-toan,
2030-03-20,2030-03-20,17,2,khong,Giáp Dần,khong,khong,khong,khong,khong,khong,0,tinh-toan,
2030-03-21,2030-03-21,18,2,khong,Ất Mão,co,khong,khong,khong,khong,khong,1,tinh-toan,
2030-03-22,2030-03-22,19,2,khong,Bính Thìn,khong,khong,khong,khong,khong,co,0,tinh-toan,
2030-03-23,2030-03-23,20,2,khong,Đinh Tỵ,khong,khong,khong,khong,khong,khong,0,tinh-toan,
2030-03-24,2030-03-24,21,2,khong,Mậu Ngọ,khong,khong,khong,khong,khong,khong,0,tinh-toan,
2030-03-25,2030-03-25,22,2,khong,Kỷ Mùi,co,khong,khong,khong,khong,khong,1,tinh-toan,
2030-03-26,2030-03-26,23,2,khong,Canh Thân,khong,co,khong,khong,khong,khong,1,tinh-toan,
2030-03-27,2030-03-27,24,2,khong,Tân Dậu,khong,khong,khong,khong,khong,khong,0,tinh-toan,
2030-03-28,2030-03-28,25,2,khong,Nhâm Tuất,khong,khong,khong,khong,khong,khong,0,tinh-toan,
2030-03-29,2030-03-29,26,2,khong,Quý Hợi,khong,khong,khong,khong,khong,khong,0,tinh-toan,
2030-03-30,2030-03-30,27,2,khong,Giáp Tý,co,khong,co,khong,khong,khong,2,tinh-toan,
2030-03-31,2030-03-31,28,2,khong,Ất Sửu,khong,khong,khong,co,khong,khong,1,tinh-toan,
2030-04-01,2030-04-01,29,2,khong,Bính Dần,khong,khong,khong,khong,khong,khong,0,tinh-toan,
2030-04-02,2030-04-02,30,2,khong,Đinh Mão,khong,khong,khong,khong,khong,khong,0,tinh-toan,
2030-04-03,2030-04-03,1,3,khong,Mậu Thìn,khong,khong,khong,khong,khong,khong,0,tinh-toan,
2030-04-04,2030-04-04,2,3,khong,Kỷ Tỵ,khong,khong,khong,khong,khong,khong,0,tinh-toan,
2030-04-05,2030-04-05,3,3,khong,Canh Ngọ,co,khong,khong,khong,khong,khong,1,tinh-toan,
2030-04-06,2030-04-06,4,3,khong,Tân Mùi,khong,khong,co,khong,khong,khong,1,tinh-toan,
2030-04-07,2030-04-07,5,3,khong,Nhâm Thân,khong,co,khong,khong,khong,khong,1,tinh-toan,
2030-04-08,2030-04-08,6,3,khong,Quý Dậu,khong,khong,khong,khong,khong,khong,0,tinh-toan,
2030-04-09,2030-04-09,7,3,khong,Giáp Tuất,co,khong,khong,khong,khong,khong,1,tinh-toan,
2030-04-10,2030-04-10,8,3,khong,Ất Hợi,khong,khong,khong,khong,khong,co,0,tinh-toan,
2030-04-11,2030-04-11,9,3,khong,Bính Tý,khong,khong,khong,khong,khong,khong,0,tinh-toan,
2030-04-12,2030-04-12,10,3,khong,Đinh Sửu,khong,khong,khong,co,khong,khong,1,tinh-toan,
2030-04-13,2030-04-13,11,3,khong,Mậu Dần,khong,khong,khong,khong,khong,khong,0,tinh-toan,
2030-04-14,2030-04-14,12,3,khong,Kỷ Mão,khong,khong,khong,khong,khong,khong,0,tinh-toan,
2030-04-15,2030-04-15,13,3,khong,Canh Thìn,co,khong,khong,khong,khong,khong,1,tinh-toan,
2030-04-16,2030-04-16,14,3,khong,Tân Tỵ,khong,co,khong,khong,khong,khong,1,tinh-toan,
2030-04-17,2030-04-17,15,3,khong,Nhâm Ngọ,khong,khong,khong,khong,khong,khong,0,tinh-toan,
2030-04-18,2030-04-18,16,3,khong,Quý Mùi,khong,khong,co,khong,khong,khong,1,tinh-toan,
2030-04-19,2030-04-19,17,3,khong,Giáp Thân,khong,khong,khong,khong,khong,khong,0,tinh-toan,
2030-04-20,2030-04-20,18,3,khong,Ất Dậu,co,khong,khong,khong,khong,khong,1,tinh-toan,
2030-04-21,2030-04-21,19,3,khong,Bính Tuất,khong,khong,khong,khong,khong,khong,0,tinh-toan,
2030-04-22,2030-04-22,20,3,khong,Đinh Hợi,khong,khong,khong,khong,khong,co,0,tinh-toan,
2030-04-23,2030-04-23,21,3,khong,Mậu Tý,khong,khong,khong,khong,khong,khong,0,tinh-toan,
2030-04-24,2030-04-24,22,3,khong,Kỷ Sửu,co,khong,khong,co,khong,khong,2,tinh-toan,
2030-04-25,2030-04-25,23,3,khong,Canh Dần,khong,co,khong,khong,khong,khong,1,tinh-toan,
2030-04-26,2030-04-26,24,3,khong,Tân Mão,khong,khong,khong,khong,khong,khong,0,tinh-toan,
2030-04-27,2030-04-27,25,3,khong,Nhâm Thìn,khong,khong,khong,khong,khong,khong,0,tinh-toan,
2030-04-28,2030-04-28,26,3,khong,Quý Tỵ,khong,khong,khong,khong,khong,khong,0,tinh-toan,
2030-04-29,2030-04-29,27,3,khong,Giáp Ngọ,co,khong,khong,khong,khong,khong,1,tinh-toan,
2030-04-30,2030-04-30,28,3,khong,Ất Mùi,khong,khong,co,khong,khong,khong,1,tinh-toan,
2030-05-01,2030-05-01,29,3,khong,Bính Thân,khong,khong,khong,khong,khong,khong,0,tinh-toan,
2030-05-02,2030-05-02,1,4,khong,Đinh Dậu,khong,khong,khong,khong,khong,khong,0,tinh-toan,
2030-05-03,2030-05-03,2,4,khong,Mậu Tuất,khong,khong,khong,co,khong,khong,1,tinh-toan,
2030-05-04,2030-05-04,3,4,khong,Kỷ Hợi,co,khong,khong,khong,khong,khong,1,tinh-toan,
2030-05-05,2030-05-05,4,4,khong,Canh Tý,khong,khong,khong,khong,khong,khong,0,tinh-toan,
2030-05-06,2030-05-06,5,4,khong,Tân Sửu,khong,co,khong,khong,khong,khong,1,tinh-toan,
2030-05-07,2030-05-07,6,4,khong,Nhâm Dần,khong,khong,khong,khong,khong,khong,0,tinh-toan,
2030-05-08,2030-05-08,7,4,khong,Quý Mão,co,khong,co,khong,khong,khong,2,tinh-toan,
2030-05-09,2030-05-09,8,4,khong,Giáp Thìn,khong,khong,khong,khong,khong,khong,0,tinh-toan,
2030-05-10,2030-05-10,9,4,khong,Ất Tỵ,khong,khong,khong,khong,khong,co,0,tinh-toan,
2030-05-11,2030-05-11,10,4,khong,Bính Ngọ,khong,khong,khong,khong,khong,khong,0,tinh-toan,
2030-05-12,2030-05-12,11,4,khong,Đinh Mùi,khong,khong,khong,khong,khong,khong,0,tinh-toan,
2030-05-13,2030-05-13,12,4,khong,Mậu Thân,khong,khong,khong,khong,khong,khong,0,tinh-toan,
2030-05-14,2030-05-14,13,4,khong,Kỷ Dậu,co,khong,khong,khong,khong,khong,1,tinh-toan,
2030-05-15,2030-05-15,14,4,khong,Canh Tuất,khong,co,khong,co,khong,khong,2,tinh-toan,
2030-05-16,2030-05-16,15,4,khong,Tân Hợi,khong,khong,khong,khong,khong,khong,0,tinh-toan,
2030-05-17,2030-05-17,16,4,khong,Nhâm Tý,khong,khong,khong,khong,khong,khong,0,tinh-toan,
2030-05-18,2030-05-18,17,4,khong,Quý Sửu,khong,khong,khong,khong,khong,khong,0,tinh-toan,
2030-05-19,2030-05-19,18,4,khong,Giáp Dần,co,khong,khong,khong,khong,khong,1,tinh-toan,
2030-05-20,2030-05-20,19,4,khong,Ất Mão,khong,khong,co,khong,khong,khong,1,tinh-toan,
2030-05-21,2030-05-21,20,4,khong,Bính Thìn,khong,khong,khong,khong,khong,khong,0,tinh-toan,
2030-05-22,2030-05-22,21,4,khong,Đinh Tỵ,khong,khong,khong,khong,co,co,1,tinh-toan,
2030-05-23,2030-05-23,22,4,khong,Mậu Ngọ,co,khong,khong,khong,khong,khong,1,tinh-toan,
2030-05-24,2030-05-24,23,4,khong,Kỷ Mùi,khong,co,khong,khong,khong,khong,1,tinh-toan,
2030-05-25,2030-05-25,24,4,khong,Canh Thân,khong,khong,khong,khong,khong,khong,0,tinh-toan,
2030-05-26,2030-05-26,25,4,khong,Tân Dậu,khong,khong,khong,khong,khong,khong,0,tinh-toan,
2030-05-27,2030-05-27,26,4,khong,Nhâm Tuất,khong,khong,khong,co,khong,khong,1,tinh-toan,
2030-05-28,2030-05-28,27,4,khong,Quý Hợi,co,khong,khong,khong,khong,khong,1,tinh-toan,
2030-05-29,2030-05-29,28,4,khong,Giáp Tý,khong,khong,khong,khong,khong,khong,0,tinh-toan,
2030-05-30,2030-05-30,29,4,khong,Ất Sửu,khong,khong,khong,khong,khong,khong,0,tinh-toan,
2030-05-31,2030-05-31,30,4,khong,Bính Dần,khong,khong,khong,khong,khong,khong,0,tinh-toan,
2030-06-01,2030-06-01,1,5,khong,Đinh Mão,khong,khong,khong,khong,khong,khong,0,tinh-toan,
2030-06-02,2030-06-02,2,5,khong,Mậu Thìn,khong,khong,khong,co,khong,khong,1,tinh-toan,
2030-06-03,2030-06-03,3,5,khong,Kỷ Tỵ,co,khong,khong,khong,khong,khong,1,tinh-toan,
2030-06-04,2030-06-04,4,5,khong,Canh Ngọ,khong,khong,khong,khong,khong,khong,0,tinh-toan,
2030-06-05,2030-06-05,5,5,khong,Tân Mùi,khong,co,khong,khong,khong,khong,1,tinh-toan,
2030-06-06,2030-06-06,6,5,khong,Nhâm Thân,khong,khong,co,khong,khong,khong,1,tinh-toan,
2030-06-07,2030-06-07,7,5,khong,Quý Dậu,co,khong,khong,khong,khong,khong,1,tinh-toan,
2030-06-08,2030-06-08,8,5,khong,Giáp Tuất,khong,khong,khong,khong,khong,khong,0,tinh-toan,
2030-06-09,2030-06-09,9,5,khong,Ất Hợi,khong,khong,khong,khong,khong,khong,0,tinh-toan,
2030-06-10,2030-06-10,10,5,khong,Bính Tý,khong,khong,khong,khong,khong,co,0,tinh-toan,
2030-06-11,2030-06-11,11,5,khong,Đinh Sửu,khong,khong,khong,khong,khong,khong,0,tinh-toan,
2030-06-12,2030-06-12,12,5,khong,Mậu Dần,khong,khong,khong,khong,khong,khong,0,tinh-toan,
2030-06-13,2030-06-13,13,5,khong,Kỷ Mão,co,khong,khong,khong,khong,khong,1,tinh-toan,
2030-06-14,2030-06-14,14,5,khong,Canh Thìn,khong,co,khong,co,khong,khong,2,tinh-toan,
2030-06-15,2030-06-15,15,5,khong,Tân Tỵ,khong,khong,khong,khong,khong,khong,0,tinh-toan,
2030-06-16,2030-06-16,16,5,khong,Nhâm Ngọ,khong,khong,khong,khong,khong,khong,0,tinh-toan,
2030-06-17,2030-06-17,17,5,khong,Quý Mùi,khong,khong,khong,khong,khong,khong,0,tinh-toan,
2030-06-18,2030-06-18,18,5,khong,Giáp Thân,co,khong,co,khong,khong,khong,2,tinh-toan,
2030-06-19,2030-06-19,19,5,khong,Ất Dậu,khong,khong,khong,khong,khong,khong,0,tinh-toan,
2030-06-20,2030-06-20,20,5,khong,Bính Tuất,khong,khong,khong,khong,khong,khong,0,tinh-toan,
2030-06-21,2030-06-21,21,5,khong,Đinh Hợi,khong,khong,khong,khong,khong,khong,0,tinh-toan,
2030-06-22,2030-06-22,22,5,khong,Mậu Tý,co,khong,khong,khong,co,co,2,tinh-toan,
2030-06-23,2030-06-23,23,5,khong,Kỷ Sửu,khong,co,khong,khong,khong,khong,1,tinh-toan,
2030-06-24,2030-06-24,24,5,khong,Canh Dần,khong,khong,khong,khong,khong,khong,0,tinh-toan,
2030-06-25,2030-06-25,25,5,khong,Tân Mão,khong,khong,khong,khong,khong,khong,0,tinh-toan,
2030-06-26,2030-06-26,26,5,khong,Nhâm Thìn,khong,khong,khong,co,khong,khong,1,tinh-toan,
2030-06-27,2030-06-27,27,5,khong,Quý Tỵ,co,khong,khong,khong,khong,khong,1,tinh-toan,
2030-06-28,2030-06-28,28,5,khong,Giáp Ngọ,khong,khong,khong,khong,khong,khong,0,tinh-toan,
2030-06-29,2030-06-29,29,5,khong,Ất Mùi,khong,khong,khong,khong,khong,khong,0,tinh-toan,
2030-06-30,2030-06-30,30,5,khong,Bính Thân,khong,khong,co,khong,khong,khong,1,tinh-toan,
2030-07-01,2030-07-01,1,6,khong,Đinh Dậu,khong,khong,khong,khong,khong,khong,0,tinh-toan,
2030-07-02,2030-07-02,2,6,khong,Mậu Tuất,khong,khong,co,khong,khong,khong,1,tinh-toan,
2030-07-03,2030-07-03,3,6,khong,Kỷ Hợi,co,khong,khong,khong,khong,khong,1,tinh-toan,
2030-07-04,2030-07-04,4,6,khong,Canh Tý,khong,khong,khong,khong,khong,khong,0,tinh-toan,
2030-07-05,2030-07-05,5,6,khong,Tân Sửu,khong,co,khong,khong,khong,khong,1,tinh-toan,
2030-07-06,2030-07-06,6,6,khong,Nhâm Dần,khong,khong,khong,khong,khong,khong,0,tinh-toan,
2030-07-07,2030-07-07,7,6,khong,Quý Mão,co,khong,khong,khong,khong,khong,1,tinh-toan,
2030-07-08,2030-07-08,8,6,khong,Giáp Thìn,khong,khong,khong,co,khong,khong,1,tinh-toan,
2030-07-09,2030-07-09,9,6,khong,Ất Tỵ,khong,khong,khong,khong,khong,khong,0,tinh-toan,
2030-07-10,2030-07-10,10,6,khong,Bính Ngọ,khong,khong,khong,khong,co,co,1,tinh-toan,
2030-07-11,2030-07-11,11,6,khong,Đinh Mùi,khong,khong,khong,khong,khong,khong,0,tinh-toan,
2030-07-12,2030-07-12,12,6,khong,Mậu Thân,khong,khong,khong,khong,khong,khong,0,tinh-toan,
2030-07-13,2030-07-13,13,6,khong,Kỷ Dậu,co,khong,khong,khong,khong,khong,1,tinh-toan,
2030-07-14,2030-07-14,14,6,khong,Canh Tuất,khong,co,co,khong,khong,khong,2,tinh-toan,
2030-07-15,2030-07-15,15,6,khong,Tân Hợi,khong,khong,khong,khong,khong,khong,0,tinh-toan,
2030-07-16,2030-07-16,16,6,khong,Nhâm Tý,khong,khong,khong,khong,khong,khong,0,tinh-toan,
2030-07-17,2030-07-17,17,6,khong,Quý Sửu,khong,khong,khong,khong,khong,khong,0,tinh-toan,
2030-07-18,2030-07-18,18,6,khong,Giáp Dần,co,khong,khong,khong,khong,khong,1,tinh-toan,
2030-07-19,2030-07-19,19,6,khong,Ất Mão,khong,khong,khong,khong,khong,khong,0,tinh-toan,
2030-07-20,2030-07-20,20,6,khong,Bính Thìn,khong,khong,khong,co,khong,khong,1,tinh-toan,
2030-07-21,2030-07-21,21,6,khong,Đinh Tỵ,khong,khong,khong,khong,khong,khong,0,tinh-toan,
2030-07-22,2030-07-22,22,6,khong,Mậu Ngọ,co,khong,khong,khong,khong,co,1,tinh-toan,
2030-07-23,2030-07-23,23,6,khong,Kỷ Mùi,khong,co,khong,khong,khong,khong,1,tinh-toan,
2030-07-24,2030-07-24,24,6,khong,Canh Thân,khong,khong,khong,khong,khong,khong,0,tinh-toan,
2030-07-25,2030-07-25,25,6,khong,Tân Dậu,khong,khong,khong,khong,khong,khong,0,tinh-toan,
2030-07-26,2030-07-26,26,6,khong,Nhâm Tuất,khong,khong,co,khong,khong,khong,1,tinh-toan,
2030-07-27,2030-07-27,27,6,khong,Quý Hợi,co,khong,khong,khong,khong,khong,1,tinh-toan,
2030-07-28,2030-07-28,28,6,khong,Giáp Tý,khong,khong,khong,khong,khong,khong,0,tinh-toan,
2030-07-29,2030-07-29,29,6,khong,Ất Sửu,khong,khong,khong,khong,khong,khong,0,tinh-toan,
2030-07-30,2030-07-30,1,7,khong,Bính Dần,khong,khong,khong,khong,khong,khong,0,tinh-toan,
2030-07-31,2030-07-31,2,7,khong,Đinh Mão,khong,khong,khong,khong,khong,khong,0,tinh-toan,
2030-08-01,2030-08-01,3,7,khong,Mậu Thìn,co,khong,khong,khong,khong,khong,1,tinh-toan,
2030-08-02,2030-08-02,4,7,khong,Kỷ Tỵ,khong,khong,khong,khong,khong,khong,0,tinh-toan,
2030-08-03,2030-08-03,5,7,khong,Canh Ngọ,khong,co,khong,khong,khong,khong,1,tinh-toan,
2030-08-04,2030-08-04,6,7,khong,Tân Mùi,khong,khong,khong,khong,khong,khong,0,tinh-toan,
2030-08-05,2030-08-05,7,7,khong,Nhâm Thân,co,khong,khong,khong,khong,khong,1,tinh-toan,
2030-08-06,2030-08-06,8,7,khong,Quý Dậu,khong,khong,khong,khong,khong,khong,0,tinh-toan,
2030-08-07,2030-08-07,9,7,khong,Giáp Tuất,khong,khong,khong,khong,khong,khong,0,tinh-toan,
2030-08-08,2030-08-08,10,7,khong,Ất Hợi,khong,khong,co,khong,khong,khong,1,tinh-toan,
2030-08-09,2030-08-09,11,7,khong,Bính Tý,khong,khong,khong,khong,khong,khong,0,tinh-toan,
2030-08-10,2030-08-10,12,7,khong,Đinh Sửu,khong,khong,khong,co,khong,co,1,tinh-toan,
2030-08-11,2030-08-11,13,7,khong,Mậu Dần,co,khong,khong,khong,khong,khong,1,tinh-toan,
2030-08-12,2030-08-12,14,7,khong,Kỷ Mão,khong,co,khong,khong,khong,khong,1,tinh-toan,
2030-08-13,2030-08-13,15,7,khong,Canh Thìn,khong,khong,khong,khong,khong,khong,0,tinh-toan,
2030-08-14,2030-08-14,16,7,khong,Tân Tỵ,khong,khong,khong,khong,khong,khong,0,tinh-toan,
2030-08-15,2030-08-15,17,7,khong,Nhâm Ngọ,khong,khong,khong,khong,khong,khong,0,tinh-toan,
2030-08-16,2030-08-16,18,7,khong,Quý Mùi,co,khong,khong,khong,khong,khong,1,tinh-toan,
2030-08-17,2030-08-17,19,7,khong,Giáp Thân,khong,khong,khong,khong,khong,khong,0,tinh-toan,
2030-08-18,2030-08-18,20,7,khong,Ất Dậu,khong,khong,khong,khong,khong,khong,0,tinh-toan,
2030-08-19,2030-08-19,21,7,khong,Bính Tuất,khong,khong,khong,khong,khong,khong,0,tinh-toan,
2030-08-20,2030-08-20,22,7,khong,Đinh Hợi,co,khong,co,khong,khong,khong,2,tinh-toan,
2030-08-21,2030-08-21,23,7,khong,Mậu Tý,khong,co,khong,khong,khong,khong,1,tinh-toan,
2030-08-22,2030-08-22,24,7,khong,Kỷ Sửu,khong,khong,khong,co,khong,co,1,tinh-toan,
2030-08-23,2030-08-23,25,7,khong,Canh Dần,khong,khong,khong,khong,khong,khong,0,tinh-toan,
2030-08-24,2030-08-24,26,7,khong,Tân Mão,khong,khong,khong,khong,khong,khong,0,tinh-toan,
2030-08-25,2030-08-25,27,7,khong,Nhâm Thìn,co,khong,khong,khong,khong,khong,1,tinh-toan,
2030-08-26,2030-08-26,28,7,khong,Quý Tỵ,khong,khong,khong,khong,khong,khong,0,tinh-toan,
2030-08-27,2030-08-27,29,7,khong,Giáp Ngọ,khong,khong,khong,khong,khong,khong,0,tinh-toan,
2030-08-28,2030-08-28,30,7,khong,Ất Mùi,khong,khong,khong,khong,khong,khong,0,tinh-toan,
2030-08-29,2030-08-29,1,8,khong,Bính Thân,khong,khong,khong,khong,khong,khong,0,tinh-toan,
2030-08-30,2030-08-30,2,8,khong,Đinh Dậu,khong,khong,khong,khong,khong,khong,0,tinh-toan,
2030-08-31,2030-08-31,3,8,khong,Mậu Tuất,co,khong,khong,khong,khong,khong,1,tinh-toan,
2030-09-01,2030-09-01,4,8,khong,Kỷ Hợi,khong,khong,khong,khong,khong,khong,0,tinh-toan,
2030-09-02,2030-09-02,5,8,khong,Canh Tý,khong,co,khong,khong,khong,khong,1,tinh-toan,
2030-09-03,2030-09-03,6,8,khong,Tân Sửu,khong,khong,co,khong,khong,khong,1,tinh-toan,
2030-09-04,2030-09-04,7,8,khong,Nhâm Dần,co,khong,khong,khong,khong,khong,1,tinh-toan,
2030-09-05,2030-09-05,8,8,khong,Quý Mão,khong,khong,khong,khong,khong,khong,0,tinh-toan,
2030-09-06,2030-09-06,9,8,khong,Giáp Thìn,khong,khong,khong,co,khong,khong,1,tinh-toan,
2030-09-07,2030-09-07,10,8,khong,Ất Tỵ,khong,khong,khong,khong,khong,khong,0,tinh-toan,
2030-09-08,2030-09-08,11,8,khong,Bính Ngọ,khong,khong,khong,khong,khong,khong,0,tinh-toan,
2030-09-09,2030-09-09,12,8,khong,Đinh Mùi,khong,khong,khong,khong,khong,co,0,tinh-toan,
2030-09-10,2030-09-10,13,8,khong,Mậu Thân,co,khong,khong,khong,khong,khong,1,tinh-toan,
2030-09-11,2030-09-11,14,8,khong,Kỷ Dậu,khong,co,khong,khong,khong,khong,1,tinh-toan,
2030-09-12,2030-09-12,15,8,khong,Canh Tuất,khong,khong,khong,khong,khong,khong,0,tinh-toan,
2030-09-13,2030-09-13,16,8,khong,Tân Hợi,khong,khong,khong,khong,khong,khong,0,tinh-toan,
2030-09-14,2030-09-14,17,8,khong,Nhâm Tý,khong,khong,khong,khong,khong,khong,0,tinh-toan,
2030-09-15,2030-09-15,18,8,khong,Quý Sửu,co,khong,co,khong,khong,khong,2,tinh-toan,
2030-09-16,2030-09-16,19,8,khong,Giáp Dần,khong,khong,khong,khong,khong,khong,0,tinh-toan,
2030-09-17,2030-09-17,20,8,khong,Ất Mão,khong,khong,khong,khong,khong,khong,0,tinh-toan,
2030-09-18,2030-09-18,21,8,khong,Bính Thìn,khong,khong,khong,co,khong,khong,1,tinh-toan,
2030-09-19,2030-09-19,22,8,khong,Đinh Tỵ,co,khong,khong,khong,khong,khong,1,tinh-toan,
2030-09-20,2030-09-20,23,8,khong,Mậu Ngọ,khong,co,khong,khong,khong,khong,1,tinh-toan,
2030-09-21,2030-09-21,24,8,khong,Kỷ Mùi,khong,khong,khong,khong,khong,co,0,tinh-toan,
2030-09-22,2030-09-22,25,8,khong,Canh Thân,khong,khong,khong,khong,khong,khong,0,tinh-toan,
2030-09-23,2030-09-23,26,8,khong,Tân Dậu,khong,khong,khong,khong,khong,khong,0,tinh-toan,
2030-09-24,2030-09-24,27,8,khong,Nhâm Tuất,co,khong,khong,khong,khong,khong,1,tinh-toan,
2030-09-25,2030-09-25,28,8,khong,Quý Hợi,khong,khong,khong,khong,khong,khong,0,tinh-toan,
2030-09-26,2030-09-26,29,8,khong,Giáp Tý,khong,khong,khong,khong,khong,khong,0,tinh-toan,
2030-09-27,2030-09-27,1,9,khong,Ất Sửu,khong,khong,khong,co,khong,khong,1,tinh-toan,
2030-09-28,2030-09-28,2,9,khong,Bính Dần,khong,khong,khong,khong,khong,co,0,tinh-toan,
2030-09-29,2030-09-29,3,9,khong,Đinh Mão,co,khong,khong,khong,khong,khong,1,tinh-toan,
2030-09-30,2030-09-30,4,9,khong,Mậu Thìn,khong,khong,khong,khong,khong,khong,0,tinh-toan,
2030-10-01,2030-10-01,5,9,khong,Kỷ Tỵ,khong,co,khong,khong,khong,khong,1,tinh-toan,
2030-10-02,2030-10-02,6,9,khong,Canh Ngọ,khong,khong,co,khong,khong,khong,1,tinh-toan,
2030-10-03,2030-10-03,7,9,khong,Tân Mùi,co,khong,khong,khong,khong,khong,1,tinh-toan,
2030-10-04,2030-10-04,8,9,khong,Nhâm Thân,khong,khong,khong,khong,khong,khong,0,tinh-toan,
2030-10-05,2030-10-05,9,9,khong,Quý Dậu,khong,khong,khong,khong,khong,khong,0,tinh-toan,
2030-10-06,2030-10-06,10,9,khong,Giáp Tuất,khong,khong,khong,khong,khong,khong,0,tinh-toan,
2030-10-07,2030-10-07,11,9,khong,Ất Hợi,khong,khong,khong,khong,khong,khong,0,tinh-toan,
2030-10-08,2030-10-08,12,9,khong,Bính Tý,khong,khong,khong,khong,khong,khong,0,tinh-toan,
2030-10-09,2030-10-09,13,9,khong,Đinh Sửu,co,khong,khong,co,khong,khong,2,tinh-toan,
2030-10-10,2030-10-10,14,9,khong,Mậu Dần,khong,co,khong,khong,khong,co,1,tinh-toan,
2030-10-11,2030-10-11,15,9,khong,Kỷ Mão,khong,khong,khong,khong,khong,khong,0,tinh-toan,
2030-10-12,2030-10-12,16,9,khong,Canh Thìn,khong,khong,khong,khong,khong,khong,0,tinh-toan,
2030-10-13,2030-10-13,17,9,khong,Tân Tỵ,khong,khong,khong,khong,khong,khong,0,tinh-toan,
2030-10-14,2030-10-14,18,9,khong,Nhâm Ngọ,co,khong,co,khong,khong,khong,2,tinh-toan,
2030-10-15,2030-10-15,19,9,khong,Quý Mùi,khong,khong,khong,khong,khong,khong,0,tinh-toan,
2030-10-16,2030-10-16,20,9,khong,Giáp Thân,khong,khong,khong,khong,khong,khong,0,tinh-toan,
2030-10-17,2030-10-17,21,9,khong,Ất Dậu,khong,khong,khong,khong,khong,khong,0,tinh-toan,
2030-10-18,2030-10-18,22,9,khong,Bính Tuất,co,khong,khong,khong,khong,khong,1,tinh-toan,
2030-10-19,2030-10-19,23,9,khong,Đinh Hợi,khong,co,khong,khong,khong,khong,1,tinh-toan,
2030-10-20,2030-10-20,24,9,khong,Mậu Tý,khong,khong,khong,khong,khong,khong,0,tinh-toan,
2030-10-21,2030-10-21,25,9,khong,Kỷ Sửu,khong,khong,khong,co,khong,khong,1,tinh-toan,
2030-10-22,2030-10-22,26,9,khong,Canh Dần,khong,khong,khong,khong,khong,co,0,tinh-toan,
2030-10-23,2030-10-23,27,9,khong,Tân Mão,co,khong,khong,khong,khong,khong,1,tinh-toan,
2030-10-24,2030-10-24,28,9,khong,Nhâm Thìn,khong,khong,khong,khong,khong,khong,0,tinh-toan,
2030-10-25,2030-10-25,29,9,khong,Quý Tỵ,khong,khong,khong,khong,khong,khong,0,tinh-toan,
2030-10-26,2030-10-26,30,9,khong,Giáp Ngọ,khong,khong,co,khong,khong,khong,1,tinh-toan,
2030-10-27,2030-10-27,1,10,khong,Ất Mùi,khong,khong,khong,khong,khong,khong,0,tinh-toan,
2030-10-28,2030-10-28,2,10,khong,Bính Thân,khong,khong,khong,khong,khong,co,0,tinh-toan,
2030-10-29,2030-10-29,3,10,khong,Đinh Dậu,co,khong,co,khong,khong,khong,2,tinh-toan,
2030-10-30,2030-10-30,4,10,khong,Mậu Tuất,khong,khong,khong,khong,khong,khong,0,tinh-toan,
2030-10-31,2030-10-31,5,10,khong,Kỷ Hợi,khong,co,khong,khong,khong,khong,1,tinh-toan,
2030-11-01,2030-11-01,6,10,khong,Canh Tý,khong,khong,khong,khong,khong,khong,0,tinh-toan,
2030-11-02,2030-11-02,7,10,khong,Tân Sửu,co,khong,khong,khong,khong,khong,1,tinh-toan,
2030-11-03,2030-11-03,8,10,khong,Nhâm Dần,khong,khong,khong,khong,khong,khong,0,tinh-toan,
2030-11-04,2030-11-04,9,10,khong,Quý Mão,khong,khong,khong,khong,khong,khong,0,tinh-toan,
2030-11-05,2030-11-05,10,10,khong,Giáp Thìn,khong,khong,khong,co,khong,khong,1,tinh-toan,
2030-11-06,2030-11-06,11,10,khong,Ất Tỵ,khong,khong,khong,khong,khong,khong,0,tinh-toan,
2030-11-07,2030-11-07,12,10,khong,Bính Ngọ,khong,khong,khong,khong,khong,khong,0,tinh-toan,
2030-11-08,2030-11-08,13,10,khong,Đinh Mùi,co,khong,khong,khong,khong,khong,1,tinh-toan,
2030-11-09,2030-11-09,14,10,khong,Mậu Thân,khong,co,khong,khong,co,co,2,tinh-toan,
2030-11-10,2030-11-10,15,10,khong,Kỷ Dậu,khong,khong,co,khong,khong,khong,1,tinh-toan,
2030-11-11,2030-11-11,16,10,khong,Canh Tuất,khong,khong,khong,khong,khong,khong,0,tinh-toan,
2030-11-12,2030-11-12,17,10,khong,Tân Hợi,khong,khong,khong,khong,khong,khong,0,tinh-toan,
2030-11-13,2030-11-13,18,10,khong,Nhâm Tý,co,khong,khong,khong,khong,khong,1,tinh-toan,
2030-11-14,2030-11-14,19,10,khong,Quý Sửu,khong,khong,khong,khong,khong,khong,0,tinh-toan,
2030-11-15,2030-11-15,20,10,khong,Giáp Dần,khong,khong,khong,khong,khong,khong,0,tinh-toan,
2030-11-16,2030-11-16,21,10,khong,Ất Mão,khong,khong,khong,khong,khong,khong,0,tinh-toan,
2030-11-17,2030-11-17,22,10,khong,Bính Thìn,co,khong,khong,co,khong,khong,2,tinh-toan,
2030-11-18,2030-11-18,23,10,khong,Đinh Tỵ,khong,co,khong,khong,khong,khong,1,tinh-toan,
2030-11-19,2030-11-19,24,10,khong,Mậu Ngọ,khong,khong,khong,khong,khong,khong,0,tinh-toan,
2030-11-20,2030-11-20,25,10,khong,Kỷ Mùi,khong,khong,khong,khong,khong,khong,0,tinh-toan,
2030-11-21,2030-11-21,26,10,khong,Canh Thân,khong,khong,khong,khong,khong,co,0,tinh-toan,
2030-11-22,2030-11-22,27,10,khong,Tân Dậu,co,khong,co,khong,khong,khong,2,tinh-toan,
2030-11-23,2030-11-23,28,10,khong,Nhâm Tuất,khong,khong,khong,khong,khong,khong,0,tinh-toan,
2030-11-24,2030-11-24,29,10,khong,Quý Hợi,khong,khong,khong,khong,khong,khong,0,tinh-toan,
2030-11-25,2030-11-25,1,11,khong,Giáp Tý,khong,khong,khong,khong,khong,khong,0,tinh-toan,
2030-11-26,2030-11-26,2,11,khong,Ất Sửu,khong,khong,khong,khong,khong,khong,0,tinh-toan,
2030-11-27,2030-11-27,3,11,khong,Bính Dần,co,khong,co,khong,khong,khong,2,tinh-toan,
2030-11-28,2030-11-28,4,11,khong,Đinh Mão,khong,khong,khong,khong,khong,co,0,tinh-toan,
2030-11-29,2030-11-29,5,11,khong,Mậu Thìn,khong,co,khong,khong,khong,khong,1,tinh-toan,
2030-11-30,2030-11-30,6,11,khong,Kỷ Tỵ,khong,khong,khong,khong,khong,khong,0,tinh-toan,
2030-12-01,2030-12-01,7,11,khong,Canh Ngọ,co,khong,khong,khong,khong,khong,1,tinh-toan,
2030-12-02,2030-12-02,8,11,khong,Tân Mùi,khong,khong,khong,co,khong,khong,1,tinh-toan,
2030-12-03,2030-12-03,9,11,khong,Nhâm Thân,khong,khong,khong,khong,khong,khong,0,tinh-toan,
2030-12-04,2030-12-04,10,11,khong,Quý Dậu,khong,khong,khong,khong,khong,khong,0,tinh-toan,
2030-12-05,2030-12-05,11,11,khong,Giáp Tuất,khong,khong,khong,khong,khong,khong,0,tinh-toan,
2030-12-06,2030-12-06,12,11,khong,Ất Hợi,khong,khong,khong,khong,khong,khong,0,tinh-toan,
2030-12-07,2030-12-07,13,11,khong,Bính Tý,co,khong,khong,khong,khong,khong,1,tinh-toan,
2030-12-08,2030-12-08,14,11,khong,Đinh Sửu,khong,co,khong,khong,khong,khong,1,tinh-toan,
2030-12-09,2030-12-09,15,11,khong,Mậu Dần,khong,khong,co,khong,khong,khong,1,tinh-toan,
2030-12-10,2030-12-10,16,11,khong,Kỷ Mão,khong,khong,khong,khong,khong,co,0,tinh-toan,
2030-12-11,2030-12-11,17,11,khong,Canh Thìn,khong,khong,khong,khong,khong,khong,0,tinh-toan,
2030-12-12,2030-12-12,18,11,khong,Tân Tỵ,co,khong,khong,khong,khong,khong,1,tinh-toan,
2030-12-13,2030-12-13,19,11,khong,Nhâm Ngọ,khong,khong,khong,khong,khong,khong,0,tinh-toan,
2030-12-14,2030-12-14,20,11,khong,Quý Mùi,khong,khong,khong,co,khong,khong,1,tinh-toan,
2030-12-15,2030-12-15,21,11,khong,Giáp Thân,khong,khong,khong,khong,khong,khong,0,tinh-toan,
2030-12-16,2030-12-16,22,11,khong,Ất Dậu,co,khong,khong,khong,khong,khong,1,tinh-toan,
2030-12-17,2030-12-17,23,11,khong,Bính Tuất,khong,co,khong,khong,khong,khong,1,tinh-toan,
2030-12-18,2030-12-18,24,11,khong,Đinh Hợi,khong,khong,khong,khong,khong,khong,0,tinh-toan,
2030-12-19,2030-12-19,25,11,khong,Mậu Tý,khong,khong,khong,khong,khong,khong,0,tinh-toan,
2030-12-20,2030-12-20,26,11,khong,Kỷ Sửu,khong,khong,khong,khong,khong,khong,0,tinh-toan,
2030-12-21,2030-12-21,27,11,khong,Canh Dần,co,khong,co,khong,khong,khong,2,tinh-toan,
2030-12-22,2030-12-22,28,11,khong,Tân Mão,khong,khong,khong,khong,co,co,1,tinh-toan,
2030-12-23,2030-12-23,29,11,khong,Nhâm Thìn,khong,khong,khong,khong,khong,khong,0,tinh-toan,
2030-12-24,2030-12-24,30,11,khong,Quý Tỵ,khong,khong,khong,khong,khong,khong,0,tinh-toan,
2030-12-25,2030-12-25,1,12,khong,Giáp Ngọ,khong,khong,khong,khong,khong,khong,0,tinh-toan,
2030-12-26,2030-12-26,2,12,khong,Ất Mùi,khong,khong,khong,khong,khong,khong,0,tinh-toan,
2030-12-27,2030-12-27,3,12,khong,Bính Thân,co,khong,khong,khong,khong,khong,1,tinh-toan,
2030-12-28,2030-12-28,4,12,khong,Đinh Dậu,khong,khong,khong,khong,khong,co,0,tinh-toan,
2030-12-29,2030-12-29,5,12,khong,Mậu Tuất,khong,co,khong,khong,khong,khong,1,tinh-toan,
2030-12-30,2030-12-30,6,12,khong,Kỷ Hợi,khong,khong,khong,khong,khong,khong,0,tinh-toan,
2030-12-31,2030-12-31,7,12,khong,Canh Tý,co,khong,khong,khong,khong,khong,1,tinh-toan,
2031-01-01,2031-01-01,8,12,khong,Tân Sửu,khong,khong,khong,khong,khong,khong,0,tinh-toan,
2031-01-02,2031-01-02,9,12,khong,Nhâm Dần,khong,khong,khong,khong,khong,khong,0,tinh-toan,
2031-01-03,2031-01-03,10,12,khong,Quý Mão,khong,khong,khong,khong,khong,khong,0,tinh-toan,
2031-01-04,2031-01-04,11,12,khong,Giáp Thìn,khong,khong,co,co,khong,khong,1,tinh-toan,
2031-01-05,2031-01-05,12,12,khong,Ất Tỵ,khong,khong,khong,khong,khong,khong,0,tinh-toan,
2031-01-06,2031-01-06,13,12,khong,Bính Ngọ,co,khong,khong,khong,khong,khong,1,tinh-toan,
2031-01-07,2031-01-07,14,12,khong,Đinh Mùi,khong,co,khong,khong,khong,khong,1,tinh-toan,
2031-01-08,2031-01-08,15,12,khong,Mậu Thân,khong,khong,khong,khong,khong,khong,0,tinh-toan,
2031-01-09,2031-01-09,16,12,khong,Kỷ Dậu,khong,khong,khong,khong,khong,co,0,tinh-toan,
2031-01-10,2031-01-10,17,12,khong,Canh Tuất,khong,khong,khong,khong,khong,khong,0,tinh-toan,
2031-01-11,2031-01-11,18,12,khong,Tân Hợi,co,khong,khong,khong,khong,khong,1,tinh-toan,
2031-01-12,2031-01-12,19,12,khong,Nhâm Tý,khong,khong,khong,khong,khong,khong,0,tinh-toan,
2031-01-13,2031-01-13,20,12,khong,Quý Sửu,khong,khong,khong,khong,khong,khong,0,tinh-toan,
2031-01-14,2031-01-14,21,12,khong,Giáp Dần,khong,khong,khong,khong,khong,khong,0,tinh-toan,
2031-01-15,2031-01-15,22,12,khong,Ất Mão,co,khong,khong,khong,khong,khong,1,tinh-toan,
2031-01-16,2031-01-16,23,12,khong,Bính Thìn,khong,co,co,co,khong,khong,2,tinh-toan,
2031-01-17,2031-01-17,24,12,khong,Đinh Tỵ,khong,khong,khong,khong,khong,khong,0,tinh-toan,
2031-01-18,2031-01-18,25,12,khong,Mậu Ngọ,khong,khong,khong,khong,khong,khong,0,tinh-toan,
2031-01-19,2031-01-19,26,12,khong,Kỷ Mùi,khong,khong,khong,khong,khong,khong,0,tinh-toan,
2031-01-20,2031-01-20,27,12,khong,Canh Thân,co,khong,khong,khong,khong,khong,1,tinh-toan,
2031-01-21,2031-01-21,28,12,khong,Tân Dậu,khong,khong,khong,khong,co,co,1,tinh-toan,
2031-01-22,2031-01-22,29,12,khong,Nhâm Tuất,khong,khong,khong,khong,khong,khong,0,tinh-toan,
2031-01-23,2031-01-23,1,1,khong,Quý Hợi,khong,khong,khong,khong,khong,khong,0,tinh-toan,
2031-01-24,2031-01-24,2,1,khong,Giáp Tý,khong,khong,khong,co,khong,khong,1,tinh-toan,
2031-01-25,2031-01-25,3,1,khong,Ất Sửu,co,khong,khong,khong,khong,khong,1,tinh-toan,
2031-01-26,2031-01-26,4,1,khong,Bính Dần,khong,khong,khong,khong,khong,khong,0,tinh-toan,
2031-01-27,2031-01-27,5,1,khong,Đinh Mão,khong,co,khong,khong,khong,khong,1,tinh-toan,
2031-01-28,2031-01-28,6,1,khong,Mậu Thìn,khong,khong,khong,khong,khong,khong,0,tinh-toan,
2031-01-29,2031-01-29,7,1,khong,Kỷ Tỵ,co,khong,co,khong,khong,khong,2,tinh-toan,
2031-01-30,2031-01-30,8,1,khong,Canh Ngọ,khong,khong,khong,khong,khong,khong,0,tinh-toan,
2031-01-31,2031-01-31,9,1,khong,Tân Mùi,khong,khong,khong,khong,khong,khong,0,tinh-toan,
2031-02-01,2031-02-01,10,1,khong,Nhâm Thân,khong,khong,khong,khong,khong,khong,0,tinh-toan,
2031-02-02,2031-02-02,11,1,khong,Quý Dậu,khong,khong,khong,khong,khong,khong,0,tinh-toan,
2031-02-03,2031-02-03,12,1,khong,Giáp Tuất,khong,khong,khong,khong,khong,co,0,tinh-toan,
2031-02-04,2031-02-04,13,1,khong,Ất Hợi,co,khong,khong,khong,khong,khong,1,tinh-toan,
2031-02-05,2031-02-05,14,1,khong,Bính Tý,khong,co,khong,co,khong,khong,2,tinh-toan,
2031-02-06,2031-02-06,15,1,khong,Đinh Sửu,khong,khong,khong,khong,khong,khong,0,tinh-toan,
2031-02-07,2031-02-07,16,1,khong,Mậu Dần,khong,khong,khong,khong,khong,khong,0,tinh-toan,
2031-02-08,2031-02-08,17,1,khong,Kỷ Mão,khong,khong,khong,khong,khong,khong,0,tinh-toan,
2031-02-09,2031-02-09,18,1,khong,Canh Thìn,co,khong,khong,khong,khong,khong,1,tinh-toan,
2031-02-10,2031-02-10,19,1,khong,Tân Tỵ,khong,khong,co,khong,khong,khong,1,tinh-toan,
2031-02-11,2031-02-11,20,1,khong,Nhâm Ngọ,khong,khong,khong,khong,khong,khong,0,tinh-toan,
2031-02-12,2031-02-12,21,1,khong,Quý Mùi,khong,khong,khong,khong,khong,khong,0,tinh-toan,
2031-02-13,2031-02-13,22,1,khong,Giáp Thân,co,khong,khong,khong,khong,khong,1,tinh-toan,
2031-02-14,2031-02-14,23,1,khong,Ất Dậu,khong,co,khong,khong,khong,khong,1,tinh-toan,
2031-02-15,2031-02-15,24,1,khong,Bính Tuất,khong,khong,khong,khong,co,co,1,tinh-toan,
2031-02-16,2031-02-16,25,1,khong,Đinh Hợi,khong,khong,khong,khong,khong,khong,0,tinh-toan,
2031-02-17,2031-02-17,26,1,khong,Mậu Tý,khong,khong,khong,co,khong,khong,1,tinh-toan,
2031-02-18,2031-02-18,27,1,khong,Kỷ Sửu,co,khong,khong,khong,khong,khong,1,tinh-toan,
2031-02-19,2031-02-19,28,1,khong,Canh Dần,khong,khong,khong,khong,khong,khong,0,tinh-toan,
2031-02-20,2031-02-20,29,1,khong,Tân Mão,khong,khong,khong,khong,khong,khong,0,tinh-toan,
2031-02-21,2031-02-21,1,2,khong,Nhâm Thìn,khong,khong,khong,khong,co,co,1,tinh-toan,
2031-02-22,2031-02-22,2,2,khong,Quý Tỵ,khong,khong,khong,khong,khong,khong,0,tinh-toan,
2031-02-23,2031-02-23,3,2,khong,Giáp Ngọ,co,khong,khong,khong,khong,khong,1,tinh-toan,
2031-02-24,2031-02-24,4,2,khong,Ất Mùi,khong,khong,khong,khong,khong,khong,0,tinh-toan,
2031-02-25,2031-02-25,5,2,khong,Bính Thân,khong,co,khong,khong,khong,khong,1,tinh-toan,
2031-02-26,2031-02-26,6,2,khong,Đinh Dậu,khong,khong,khong,khong,khong,khong,0,tinh-toan,
2031-02-27,2031-02-27,7,2,khong,Mậu Tuất,co,khong,khong,khong,khong,khong,1,tinh-toan,
2031-02-28,2031-02-28,8,2,khong,Kỷ Hợi,khong,khong,khong,khong,khong,khong,0,tinh-toan,
2031-03-01,2031-03-01,9,2,khong,Canh Tý,khong,khong,co,khong,khong,khong,1,tinh-toan,
2031-03-02,2031-03-02,10,2,khong,Tân Sửu,khong,khong,khong,co,khong,khong,1,tinh-toan,
2031-03-03,2031-03-03,11,2,khong,Nhâm Dần,khong,khong,khong,khong,khong,khong,0,tinh-toan,
2031-03-04,2031-03-04,12,2,khong,Quý Mão,khong,khong,khong,khong,khong,khong,0,tinh-toan,
2031-03-05,2031-03-05,13,2,khong,Giáp Thìn,co,khong,khong,khong,khong,co,1,tinh-toan,
2031-03-06,2031-03-06,14,2,khong,Ất Tỵ,khong,co,khong,khong,khong,khong,1,tinh-toan,
2031-03-07,2031-03-07,15,2,khong,Bính Ngọ,khong,khong,khong,khong,khong,khong,0,tinh-toan,
2031-03-08,2031-03-08,16,2,khong,Đinh Mùi,khong,khong,khong,khong,khong,khong,0,tinh-toan,
2031-03-09,2031-03-09,17,2,khong,Mậu Thân,khong,khong,khong,khong,khong,khong,0,tinh-toan,
2031-03-10,2031-03-10,18,2,khong,Kỷ Dậu,co,khong,khong,khong,khong,khong,1,tinh-toan,
2031-03-11,2031-03-11,19,2,khong,Canh Tuất,khong,khong,khong,khong,khong,khong,0,tinh-toan,
2031-03-12,2031-03-12,20,2,khong,Tân Hợi,khong,khong,khong,khong,khong,khong,0,tinh-toan,
2031-03-13,2031-03-13,21,2,khong,Nhâm Tý,khong,khong,co,khong,khong,khong,1,tinh-toan,
2031-03-14,2031-03-14,22,2,khong,Quý Sửu,co,khong,khong,co,khong,khong,2,tinh-toan,
2031-03-15,2031-03-15,23,2,khong,Giáp Dần,khong,co,khong,khong,khong,khong,1,tinh-toan,
2031-03-16,2031-03-16,24,2,khong,Ất Mão,khong,khong,khong,khong,khong,khong,0,tinh-toan,
2031-03-17,2031-03-17,25,2,khong,Bính Thìn,khong,khong,khong,khong,khong,co,0,tinh-toan,
2031-03-18,2031-03-18,26,2,khong,Đinh Tỵ,khong,khong,khong,khong,khong,khong,0,tinh-toan,
2031-03-19,2031-03-19,27,2,khong,Mậu Ngọ,co,khong,khong,khong,khong,khong,1,tinh-toan,
2031-03-20,2031-03-20,28,2,khong,Kỷ Mùi,khong,khong,khong,khong,khong,khong,0,tinh-toan,
2031-03-21,2031-03-21,29,2,khong,Canh Thân,khong,khong,khong,khong,khong,khong,0,tinh-toan,
2031-03-22,2031-03-22,30,2,khong,Tân Dậu,khong,khong,khong,khong,khong,khong,0,tinh-toan,
2031-03-23,2031-03-23,1,3,khong,Nhâm Tuất,khong,khong,khong,khong,khong,khong,0,tinh-toan,
2031-03-24,2031-03-24,2,3,khong,Quý Hợi,khong,khong,khong,khong,khong,co,0,tinh-toan,
2031-03-25,2031-03-25,3,3,khong,Giáp Tý,co,khong,khong,khong,khong,khong,1,tinh-toan,
2031-03-26,2031-03-26,4,3,khong,Ất Sửu,khong,khong,khong,co,khong,khong,1,tinh-toan,
2031-03-27,2031-03-27,5,3,khong,Bính Dần,khong,co,khong,khong,khong,khong,1,tinh-toan,
2031-03-28,2031-03-28,6,3,khong,Đinh Mão,khong,khong,khong,khong,khong,khong,0,tinh-toan,
2031-03-29,2031-03-29,7,3,khong,Mậu Thìn,co,khong,khong,khong,khong,khong,1,tinh-toan,
2031-03-30,2031-03-30,8,3,khong,Kỷ Tỵ,khong,khong,khong,khong,khong,khong,0,tinh-toan,
2031-03-31,2031-03-31,9,3,khong,Canh Ngọ,khong,khong,khong,khong,khong,khong,0,tinh-toan,
2031-04-01,2031-04-01,10,3,khong,Tân Mùi,khong,khong,co,khong,khong,khong,1,tinh-toan,
2031-04-02,2031-04-02,11,3,khong,Nhâm Thân,khong,khong,khong,khong,khong,khong,0,tinh-toan,
2031-04-03,2031-04-03,12,3,khong,Quý Dậu,khong,khong,khong,khong,khong,khong,0,tinh-toan,
2031-04-04,2031-04-04,13,3,khong,Giáp Tuất,co,khong,khong,khong,khong,khong,1,tinh-toan,
2031-04-05,2031-04-05,14,3,khong,Ất Hợi,khong,co,khong,khong,khong,co,1,tinh-toan,
2031-04-06,2031-04-06,15,3,khong,Bính Tý,khong,khong,khong,khong,khong,khong,0,tinh-toan,
2031-04-07,2031-04-07,16,3,khong,Đinh Sửu,khong,khong,khong,co,khong,khong,1,tinh-toan,
2031-04-08,2031-04-08,17,3,khong,Mậu Dần,khong,khong,khong,khong,khong,khong,0,tinh-toan,
2031-04-09,2031-04-09,18,3,khong,Kỷ Mão,co,khong,khong,khong,khong,khong,1,tinh-toan,
2031-04-10,2031-04-10,19,3,khong,Canh Thìn,khong,khong,khong,khong,khong,khong,0,tinh-toan,
2031-04-11,2031-04-11,20,3,khong,Tân Tỵ,khong,khong,khong,khong,khong,khong,0,tinh-toan,
2031-04-12,2031-04-12,21,3,khong,Nhâm Ngọ,khong,khong,khong,khong,khong,khong,0,tinh-toan,
2031-04-13,2031-04-13,22,3,khong,Quý Mùi,co,khong,co,khong,khong,khong,2,tinh-toan,
2031-04-14,2031-04-14,23,3,khong,Giáp Thân,khong,co,khong,khong,khong,khong,1,tinh-toan,
2031-04-15,2031-04-15,24,3,khong,Ất Dậu,khong,khong,khong,khong,khong,khong,0,tinh-toan,
2031-04-16,2031-04-16,25,3,khong,Bính Tuất,khong,khong,khong,khong,khong,khong,0,tinh-toan,
2031-04-17,2031-04-17,26,3,khong,Đinh Hợi,khong,khong,khong,khong,khong,co,0,tinh-toan,
2031-04-18,2031-04-18,27,3,khong,Mậu Tý,co,khong,khong,khong,khong,khong,1,tinh-toan,
2031-04-19,2031-04-19,28,3,khong,Kỷ Sửu,khong,khong,khong,co,khong,khong,1,tinh-toan,
2031-04-20,2031-04-20,29,3,khong,Canh Dần,khong,khong,khong,khong,khong,khong,0,tinh-toan,
2031-04-21,2031-04-21,1,3,co,Tân Mão,khong,khong,khong,khong,khong,khong,0,tinh-toan,Tháng nhuận dùng chung bảng với tháng chính; vài phái xét theo tháng trước đó
2031-04-22,2031-04-22,2,3,co,Nhâm Thìn,khong,khong,khong,khong,khong,khong,0,tinh-toan,Tháng nhuận dùng chung bảng với tháng chính; vài phái xét theo tháng trước đó
2031-04-23,2031-04-23,3,3,co,Quý Tỵ,co,khong,khong,khong,khong,khong,1,tinh-toan,Tháng nhuận dùng chung bảng với tháng chính; vài phái xét theo tháng trước đó
2031-04-24,2031-04-24,4,3,co,Giáp Ngọ,khong,khong,khong,khong,khong,khong,0,tinh-toan,Tháng nhuận dùng chung bảng với tháng chính; vài phái xét theo tháng trước đó
2031-04-25,2031-04-25,5,3,co,Ất Mùi,khong,co,co,khong,khong,khong,2,tinh-toan,Tháng nhuận dùng chung bảng với tháng chính; vài phái xét theo tháng trước đó
2031-04-26,2031-04-26,6,3,co,Bính Thân,khong,khong,khong,khong,khong,khong,0,tinh-toan,Tháng nhuận dùng chung bảng với tháng chính; vài phái xét theo tháng trước đó
2031-04-27,2031-04-27,7,3,co,Đinh Dậu,co,khong,khong,khong,khong,khong,1,tinh-toan,Tháng nhuận dùng chung bảng với tháng chính; vài phái xét theo tháng trước đó
2031-04-28,2031-04-28,8,3,co,Mậu Tuất,khong,khong,khong,khong,khong,khong,0,tinh-toan,Tháng nhuận dùng chung bảng với tháng chính; vài phái xét theo tháng trước đó
2031-04-29,2031-04-29,9,3,co,Kỷ Hợi,khong,khong,khong,khong,khong,co,0,tinh-toan,Tháng nhuận dùng chung bảng với tháng chính; vài phái xét theo tháng trước đó
2031-04-30,2031-04-30,10,3,co,Canh Tý,khong,khong,khong,khong,khong,khong,0,tinh-toan,Tháng nhuận dùng chung bảng với tháng chính; vài phái xét theo tháng trước đó
2031-05-01,2031-05-01,11,3,co,Tân Sửu,khong,khong,khong,co,khong,khong,1,tinh-toan,Tháng nhuận dùng chung bảng với tháng chính; vài phái xét theo tháng trước đó
2031-05-02,2031-05-02,12,3,co,Nhâm Dần,khong,khong,khong,khong,khong,khong,0,tinh-toan,Tháng nhuận dùng chung bảng với tháng chính; vài phái xét theo tháng trước đó
2031-05-03,2031-05-03,13,3,co,Quý Mão,co,khong,khong,khong,khong,khong,1,tinh-toan,Tháng nhuận dùng chung bảng với tháng chính; vài phái xét theo tháng trước đó
2031-05-04,2031-05-04,14,3,co,Giáp Thìn,khong,co,khong,khong,khong,khong,1,tinh-toan,Tháng nhuận dùng chung bảng với tháng chính; vài phái xét theo tháng trước đó
2031-05-05,2031-05-05,15,3,co,Ất Tỵ,khong,khong,khong,khong,khong,khong,0,tinh-toan,Tháng nhuận dùng chung bảng với tháng chính; vài phái xét theo tháng trước đó
2031-05-06,2031-05-06,16,3,co,Bính Ngọ,khong,khong,khong,khong,khong,khong,0,tinh-toan,Tháng nhuận dùng chung bảng với tháng chính; vài phái xét theo tháng trước đó
2031-05-07,2031-05-07,17,3,co,Đinh Mùi,khong,khong,co,khong,khong,khong,1,tinh-toan,Tháng nhuận dùng chung bảng với tháng chính; vài phái xét theo tháng trước đó
2031-05-08,2031-05-08,18,3,co,Mậu Thân,co,khong,khong,khong,khong,khong,1,tinh-toan,Tháng nhuận dùng chung bảng với tháng chính; vài phái xét theo tháng trước đó
2031-05-09,2031-05-09,19,3,co,Kỷ Dậu,khong,khong,khong,khong,khong,khong,0,tinh-toan,Tháng nhuận dùng chung bảng với tháng chính; vài phái xét theo tháng trước đó
2031-05-10,2031-05-10,20,3,co,Canh Tuất,khong,khong,khong,khong,khong,khong,0,tinh-toan,Tháng nhuận dùng chung bảng với tháng chính; vài phái xét theo tháng trước đó
2031-05-11,2031-05-11,21,3,co,Tân Hợi,khong,khong,khong,khong,co,co,1,tinh-toan,Tháng nhuận dùng chung bảng với tháng chính; vài phái xét theo tháng trước đó
2031-05-12,2031-05-12,22,3,co,Nhâm Tý,co,khong,khong,khong,khong,khong,1,tinh-toan,Tháng nhuận dùng chung bảng với tháng chính; vài phái xét theo tháng trước đó
2031-05-13,2031-05-13,23,3,co,Quý Sửu,khong,co,khong,co,khong,khong,2,tinh-toan,Tháng nhuận dùng chung bảng với tháng chính; vài phái xét theo tháng trước đó
2031-05-14,2031-05-14,24,3,co,Giáp Dần,khong,khong,khong,khong,khong,khong,0,tinh-toan,Tháng nhuận dùng chung bảng với tháng chính; vài phái xét theo tháng trước đó
2031-05-15,2031-05-15,25,3,co,Ất Mão,khong,khong,khong,khong,khong,khong,0,tinh-toan,Tháng nhuận dùng chung bảng với tháng chính; vài phái xét theo tháng trước đó
2031-05-16,2031-05-16,26,3,co,Bính Thìn,khong,khong,khong,khong,khong,khong,0,tinh-toan,Tháng nhuận dùng chung bảng với tháng chính; vài phái xét theo tháng trước đó
2031-05-17,2031-05-17,27,3,co,Đinh Tỵ,co,khong,khong,khong,khong,khong,1,tinh-toan,Tháng nhuận dùng chung bảng với tháng chính; vài phái xét theo tháng trước đó
2031-05-18,2031-05-18,28,3,co,Mậu Ngọ,khong,khong,khong,khong,khong,khong,0,tinh-toan,Tháng nhuận dùng chung bảng với tháng chính; vài phái xét theo tháng trước đó
2031-05-19,2031-05-19,29,3,co,Kỷ Mùi,khong,khong,co,khong,khong,khong,1,tinh-toan,Tháng nhuận dùng chung bảng với tháng chính; vài phái xét theo tháng trước đó
2031-05-20,2031-05-20,30,3,co,Canh Thân,khong,khong,khong,khong,khong,khong,0,tinh-toan,Tháng nhuận dùng chung bảng với tháng chính; vài phái xét theo tháng trước đó
2031-05-21,2031-05-21,1,4,khong,Tân Dậu,khong,khong,khong,khong,khong,khong,0,tinh-toan,
2031-05-22,2031-05-22,2,4,khong,Nhâm Tuất,khong,khong,khong,co,khong,khong,1,tinh-toan,
2031-05-23,2031-05-23,3,4,khong,Quý Hợi,co,khong,khong,khong,khong,khong,1,tinh-toan,
2031-05-24,2031-05-24,4,4,khong,Giáp Tý,khong,khong,khong,khong,khong,khong,0,tinh-toan,
2031-05-25,2031-05-25,5,4,khong,Ất Sửu,khong,co,khong,khong,khong,khong,1,tinh-toan,
2031-05-26,2031-05-26,6,4,khong,Bính Dần,khong,khong,khong,khong,khong,khong,0,tinh-toan,
2031-05-27,2031-05-27,7,4,khong,Đinh Mão,co,khong,co,khong,khong,khong,2,tinh-toan,
2031-05-28,2031-05-28,8,4,khong,Mậu Thìn,khong,khong,khong,khong,khong,khong,0,tinh-toan,
2031-05-29,2031-05-29,9,4,khong,Kỷ Tỵ,khong,khong,khong,khong,khong,co,0,tinh-toan,
2031-05-30,2031-05-30,10,4,khong,Canh Ngọ,khong,khong,khong,khong,khong,khong,0,tinh-toan,
2031-05-31,2031-05-31,11,4,khong,Tân Mùi,khong,khong,khong,khong,khong,khong,0,tinh-toan,
2031-06-01,2031-06-01,12,4,khong,Nhâm Thân,khong,khong,khong,khong,khong,khong,0,tinh-toan,
2031-06-02,2031-06-02,13,4,khong,Quý Dậu,co,khong,khong,khong,khong,khong,1,tinh-toan,
2031-06-03,2031-06-03,14,4,khong,Giáp Tuất,khong,co,khong,co,khong,khong,2,tinh-toan,
2031-06-04,2031-06-04,15,4,khong,Ất Hợi,khong,khong,khong,khong,khong,khong,0,tinh-toan,
2031-06-05,2031-06-05,16,4,khong,Bính Tý,khong,khong,khong,khong,khong,khong,0,tinh-toan,
2031-06-06,2031-06-06,17,4,khong,Đinh Sửu,khong,khong,khong,khong,khong,khong,0,tinh-toan,
2031-06-07,2031-06-07,18,4,khong,Mậu Dần,co,khong,khong,khong,khong,khong,1,tinh-toan,
2031-06-08,2031-06-08,19,4,khong,Kỷ Mão,khong,khong,co,khong,khong,khong,1,tinh-toan,
2031-06-09,2031-06-09,20,4,khong,Canh Thìn,khong,khong,khong,khong,khong,khong,0,tinh-toan,
2031-06-10,2031-06-10,21,4,khong,Tân Tỵ,khong,khong,khong,khong,khong,co,0,tinh-toan,
2031-06-11,2031-06-11,22,4,khong,Nhâm Ngọ,co,khong,khong,khong,khong,khong,1,tinh-toan,
2031-06-12,2031-06-12,23,4,khong,Quý Mùi,khong,co,khong,khong,khong,khong,1,tinh-toan,
2031-06-13,2031-06-13,24,4,khong,Giáp Thân,khong,khong,khong,khong,khong,khong,0,tinh-toan,
2031-06-14,2031-06-14,25,4,khong,Ất Dậu,khong,khong,khong,khong,khong,khong,0,tinh-toan,
2031-06-15,2031-06-15,26,4,khong,Bính Tuất,khong,khong,khong,co,khong,khong,1,tinh-toan,
2031-06-16,2031-06-16,27,4,khong,Đinh Hợi,co,khong,khong,khong,khong,khong,1,tinh-toan,
2031-06-17,2031-06-17,28,4,khong,Mậu Tý,khong,khong,khong,khong,khong,khong,0,tinh-toan,
2031-06-18,2031-06-18,29,4,khong,Kỷ Sửu,khong,khong,khong,khong,khong,khong,0,tinh-toan,
2031-06-19,2031-06-19,30,4,khong,Canh Dần,khong,khong,khong,khong,khong,khong,0,tinh-toan,
2031-06-20,2031-06-20,1,5,khong,Tân Mão,khong,khong,khong,khong,khong,khong,0,tinh-toan,
2031-06-21,2031-06-21,2,5,khong,Nhâm Thìn,khong,khong,khong,co,khong,khong,1,tinh-toan,
2031-06-22,2031-06-22,3,5,khong,Quý Tỵ,co,khong,khong,khong,khong,khong,1,tinh-toan,
2031-06-23,2031-06-23,4,5,khong,Giáp Ngọ,khong,khong,khong,khong,khong,khong,0,tinh-toan,
2031-06-24,2031-06-24,5,5,khong,Ất Mùi,khong,co,khong,khong,khong,khong,1,tinh-toan,
2031-06-25,2031-06-25,6,5,khong,Bính Thân,khong,khong,co,khong,khong,khong,1,tinh-toan,
2031-06-26,2031-06-26,7,5,khong,Đinh Dậu,co,khong,khong,khong,khong,khong,1,tinh-toan,
2031-06-27,2031-06-27,8,5,khong,Mậu Tuất,khong,khong,khong,khong,khong,khong,0,tinh-toan,
2031-06-28,2031-06-28,9,5,khong,Kỷ Hợi,khong,khong,khong,khong,khong,khong,0,tinh-toan,
2031-06-29,2031-06-29,10,5,khong,Canh Tý,khong,khong,khong,khong,khong,co,0,tinh-toan,
2031-06-30,2031-06-30,11,5,khong,Tân Sửu,khong,khong,khong,khong,khong,khong,0,tinh-toan,
2031-07-01,2031-07-01,12,5,khong,Nhâm Dần,khong,khong,khong,khong,khong,khong,0,tinh-toan,
2031-07-02,2031-07-02,13,5,khong,Quý Mão,co,khong,khong,khong,khong,khong,1,tinh-toan,
2031-07-03,2031-07-03,14,5,khong,Giáp Thìn,khong,co,khong,co,khong,khong,2,tinh-toan,
2031-07-04,2031-07-04,15,5,khong,Ất Tỵ,khong,khong,khong,khong,khong,khong,0,tinh-toan,
2031-07-05,2031-07-05,16,5,khong,Bính Ngọ,khong,khong,khong,khong,khong,khong,0,tinh-toan,
2031-07-06,2031-07-06,17,5,khong,Đinh Mùi,khong,khong,khong,khong,khong,khong,0,tinh-toan,
2031-07-07,2031-07-07,18,5,khong,Mậu Thân,co,khong,co,khong,khong,khong,2,tinh-toan,
2031-07-08,2031-07-08,19,5,khong,Kỷ Dậu,khong,khong,khong,khong,khong,khong,0,tinh-toan,
2031-07-09,2031-07-09,20,5,khong,Canh Tuất,khong,khong,khong,khong,khong,khong,0,tinh-toan,
2031-07-10,2031-07-10,21,5,khong,Tân Hợi,khong,khong,khong,khong,khong,khong,0,tinh-toan,
2031-07-11,2031-07-11,22,5,khong,Nhâm Tý,co,khong,khong,khong,khong,co,1,tinh-toan,
2031-07-12,2031-07-12,23,5,khong,Quý Sửu,khong,co,khong,khong,khong,khong,1,tinh-toan,
2031-07-13,2031-07-13,24,5,khong,Giáp Dần,khong,khong,khong,khong,khong,khong,0,tinh-toan,
2031-07-14,2031-07-14,25,5,khong,Ất Mão,khong,khong,khong,khong,khong,khong,0,tinh-toan,
2031-07-15,2031-07-15,26,5,khong,Bính Thìn,khong,khong,khong,co,khong,khong,1,tinh-toan,
2031-07-16,2031-07-16,27,5,khong,Đinh Tỵ,co,khong,khong,khong,khong,khong,1,tinh-toan,
2031-07-17,2031-07-17,28,5,khong,Mậu Ngọ,khong,khong,khong,khong,khong,khong,0,tinh-toan,
2031-07-18,2031-07-18,29,5,khong,Kỷ Mùi,khong,khong,khong,khong,khong,khong,0,tinh-toan,
2031-07-19,2031-07-19,1,6,khong,Canh Thân,khong,khong,khong,khong,khong,khong,0,tinh-toan,
2031-07-20,2031-07-20,2,6,khong,Tân Dậu,khong,khong,khong,khong,khong,khong,0,tinh-toan,
2031-07-21,2031-07-21,3,6,khong,Nhâm Tuất,co,khong,co,khong,khong,khong,2,tinh-toan,
2031-07-22,2031-07-22,4,6,khong,Quý Hợi,khong,khong,khong,khong,khong,khong,0,tinh-toan,
2031-07-23,2031-07-23,5,6,khong,Giáp Tý,khong,co,khong,khong,khong,khong,1,tinh-toan,
2031-07-24,2031-07-24,6,6,khong,Ất Sửu,khong,khong,khong,khong,khong,khong,0,tinh-toan,
2031-07-25,2031-07-25,7,6,khong,Bính Dần,co,khong,khong,khong,khong,khong,1,tinh-toan,
2031-07-26,2031-07-26,8,6,khong,Đinh Mão,khong,khong,khong,khong,khong,khong,0,tinh-toan,
2031-07-27,2031-07-27,9,6,khong,Mậu Thìn,khong,khong,khong,co,khong,khong,1,tinh-toan,
2031-07-28,2031-07-28,10,6,khong,Kỷ Tỵ,khong,khong,khong,khong,khong,khong,0,tinh-toan,
2031-07-29,2031-07-29,11,6,khong,Canh Ngọ,khong,khong,khong,khong,khong,co,0,tinh-toan,
2031-07-30,2031-07-30,12,6,khong,Tân Mùi,khong,khong,khong,khong,khong,khong,0,tinh-toan,
2031-07-31,2031-07-31,13,6,khong,Nhâm Thân,co,khong,khong,khong,khong,khong,1,tinh-toan,
2031-08-01,2031-08-01,14,6,khong,Quý Dậu,khong,co,khong,khong,khong,khong,1,tinh-toan,
2031-08-02,2031-08-02,15,6,khong,Giáp Tuất,khong,khong,co,khong,khong,khong,1,tinh-toan,
2031-08-03,2031-08-03,16,6,khong,Ất Hợi,khong,khong,khong,khong,khong,khong,0,tinh-toan,
2031-08-04,2031-08-04,17,6,khong,Bính Tý,khong,khong,khong,khong,khong,khong,0,tinh-toan,
2031-08-05,2031-08-05,18,6,khong,Đinh Sửu,co,khong,khong,khong,khong,khong,1,tinh-toan,
2031-08-06,2031-08-06,19,6,khong,Mậu Dần,khong,khong,khong,khong,khong,khong,0,tinh-toan,
2031-08-07,2031-08-07,20,6,khong,Kỷ Mão,khong,khong,khong,khong,khong,khong,0,tinh-toan,
2031-08-08,2031-08-08,21,6,khong,Canh Thìn,khong,khong,khong,co,khong,khong,1,tinh-toan,
2031-08-09,2031-08-09,22,6,khong,Tân Tỵ,co,khong,khong,khong,khong,khong,1,tinh-toan,
2031-08-10,2031-08-10,23,6,khong,Nhâm Ngọ,khong,co,khong,khong,khong,co,1,tinh-toan,
2031-08-11,2031-08-11,24,6,khong,Quý Mùi,khong,khong,khong,khong,khong,khong,0,tinh-toan,
2031-08-12,2031-08-12,25,6,khong,Giáp Thân,khong,khong,khong,khong,khong,khong,0,tinh-toan,
2031-08-13,2031-08-13,26,6,khong,Ất Dậu,khong,khong,khong,khong,khong,khong,0,tinh-toan,
2031-08-14,2031-08-14,27,6,khong,Bính Tuất,co,khong,co,khong,khong,khong,2,tinh-toan,
2031-08-15,2031-08-15,28,6,khong,Đinh Hợi,khong,khong,khong,khong,khong,khong,0,tinh-toan,
2031-08-16,2031-08-16,29,6,khong,Mậu Tý,khong,khong,khong,khong,khong,khong,0,tinh-toan,
2031-08-17,2031-08-17,30,6,khong,Kỷ Sửu,khong,khong,khong,khong,khong,khong,0,tinh-toan,
2031-08-18,2031-08-18,1,7,khong,Canh Dần,khong,khong,khong,khong,khong,khong,0,tinh-toan,
2031-08-19,2031-08-19,2,7,khong,Tân Mão,khong,khong,khong,khong,khong,khong,0,tinh-toan,
2031-08-20,2031-08-20,3,7,khong,Nhâm Thìn,co,khong,khong,khong,khong,khong,1,tinh-toan,
2031-08-21,2031-08-21,4,7,khong,Quý Tỵ,khong,khong,khong,khong,khong,khong,0,tinh-toan,
2031-08-22,2031-08-22,5,7,khong,Giáp Ngọ,khong,co,khong,khong,khong,khong,1,tinh-toan,
2031-08-23,2031-08-23,6,7,khong,Ất Mùi,khong,khong,khong,khong,khong,khong,0,tinh-toan,
2031-08-24,2031-08-24,7,7,khong,Bính Thân,co,khong,khong,khong,khong,khong,1,tinh-toan,
2031-08-25,2031-08-25,8,7,khong,Đinh Dậu,khong,khong,khong,khong,khong,khong,0,tinh-toan,
2031-08-26,2031-08-26,9,7,khong,Mậu Tuất,khong,khong,khong,khong,khong,khong,0,tinh-toan,
2031-08-27,2031-08-27,10,7,khong,Kỷ Hợi,khong,khong,co,khong,khong,khong,1,tinh-toan,
2031-08-28,2031-08-28,11,7,khong,Canh Tý,khong,khong,khong,khong,khong,khong,0,tinh-toan,
2031-08-29,2031-08-29,12,7,khong,Tân Sửu,khong,khong,khong,co,khong,co,1,tinh-toan,
2031-08-30,2031-08-30,13,7,khong,Nhâm Dần,co,khong,khong,khong,khong,khong,1,tinh-toan,
2031-08-31,2031-08-31,14,7,khong,Quý Mão,khong,co,khong,khong,khong,khong,1,tinh-toan,
2031-09-01,2031-09-01,15,7,khong,Giáp Thìn,khong,khong,khong,khong,khong,khong,0,tinh-toan,
2031-09-02,2031-09-02,16,7,khong,Ất Tỵ,khong,khong,khong,khong,khong,khong,0,tinh-toan,
2031-09-03,2031-09-03,17,7,khong,Bính Ngọ,khong,khong,khong,khong,khong,khong,0,tinh-toan,
2031-09-04,2031-09-04,18,7,khong,Đinh Mùi,co,khong,khong,khong,khong,khong,1,tinh-toan,
2031-09-05,2031-09-05,19,7,khong,Mậu Thân,khong,khong,khong,khong,khong,khong,0,tinh-toan,
2031-09-06,2031-09-06,20,7,khong,Kỷ Dậu,khong,khong,khong,khong,khong,khong,0,tinh-toan,
2031-09-07,2031-09-07,21,7,khong,Canh Tuất,khong,khong,khong,khong,khong,khong,0,tinh-toan,
2031-09-08,2031-09-08,22,7,khong,Tân Hợi,co,khong,co,khong,khong,khong,2,tinh-toan,
2031-09-09,2031-09-09,23,7,khong,Nhâm Tý,khong,co,khong,khong,khong,khong,1,tinh-toan,
2031-09-10,2031-09-10,24,7,khong,Quý Sửu,khong,khong,khong,co,khong,co,1,tinh-toan,
2031-09-11,2031-09-11,25,7,khong,Giáp Dần,khong,khong,khong,khong,khong,khong,0,tinh-toan,
2031-09-12,2031-09-12,26,7,khong,Ất Mão,khong,khong,khong,khong,khong,khong,0,tinh-toan,
2031-09-13,2031-09-13,27,7,khong,Bính Thìn,co,khong,khong,khong,khong,khong,1,tinh-toan,
2031-09-14,2031-09-14,28,7,khong,Đinh Tỵ,khong,khong,khong,khong,khong,khong,0,tinh-toan,
2031-09-15,2031-09-15,29,7,khong,Mậu Ngọ,khong,khong,khong,khong,khong,khong,0,tinh-toan,
2031-09-16,2031-09-16,30,7,khong,Kỷ Mùi,khong,khong,khong,khong,khong,khong,0,tinh-toan,
2031-09-17,2031-09-17,1,8,khong,Canh Thân,khong,khong,khong,khong,khong,khong,0,tinh-toan,
2031-09-18,2031-09-18,2,8,khong,Tân Dậu,khong,khong,khong,khong,khong,khong,0,tinh-toan,
2031-09-19,2031-09-19,3,8,khong,Nhâm Tuất,co,khong,khong,khong,khong,khong,1,tinh-toan,
2031-09-20,2031-09-20,4,8,khong,Quý Hợi,khong,khong,khong,khong,khong,khong,0,tinh-toan,
2031-09-21,2031-09-21,5,8,khong,Giáp Tý,khong,co,khong,khong,khong,khong,1,tinh-toan,
2031-09-22,2031-09-22,6,8,khong,Ất Sửu,khong,khong,co,khong,khong,khong,1,tinh-toan,
2031-09-23,2031-09-23,7,8,khong,Bính Dần,co,khong,khong,khong,khong,khong,1,tinh-toan,
2031-09-24,2031-09-24,8,8,khong,Đinh Mão,khong,khong,khong,khong,khong,khong,0,tinh-toan,
2031-09-25,2031-09-25,9,8,khong,Mậu Thìn,khong,khong,khong,co,khong,khong,1,tinh-toan,
2031-09-26,2031-09-26,10,8,khong,Kỷ Tỵ,khong,khong,khong,khong,khong,khong,0,tinh-toan,
2031-09-27,2031-09-27,11,8,khong,Canh Ngọ,khong,khong,khong,khong,khong,khong,0,tinh-toan,
2031-09-28,2031-09-28,12,8,khong,Tân Mùi,khong,khong,khong,khong,khong,co,0,tinh-toan,
2031-09-29,2031-09-29,13,8,khong,Nhâm Thân,co,khong,khong,khong,khong,khong,1,tinh-toan,
2031-09-30,2031-09-30,14,8,khong,Quý Dậu,khong,co,khong,khong,khong,khong,1,tinh-toan,
2031-10-01,2031-10-01,15,8,khong,Giáp Tuất,khong,khong,khong,khong,khong,khong,0,tinh-toan,
2031-10-02,2031-10-02,16,8,khong,Ất Hợi,khong,khong,khong,khong,khong,khong,0,tinh-toan,
2031-10-03,2031-10-03,17,8,khong,Bính Tý,khong,khong,khong,khong,khong,khong,0,tinh-toan,
2031-10-04,2031-10-04,18,8,khong,Đinh Sửu,co,khong,co,khong,khong,khong,2,tinh-toan,
2031-10-05,2031-10-05,19,8,khong,Mậu Dần,khong,khong,khong,khong,khong,khong,0,tinh-toan,
2031-10-06,2031-10-06,20,8,khong,Kỷ Mão,khong,khong,khong,khong,khong,khong,0,tinh-toan,
2031-10-07,2031-10-07,21,8,khong,Canh Thìn,khong,khong,khong,co,khong,khong,1,tinh-toan,
2031-10-08,2031-10-08,22,8,khong,Tân Tỵ,co,khong,khong,khong,khong,khong,1,tinh-toan,
2031-10-09,2031-10-09,23,8,khong,Nhâm Ngọ,khong,co,khong,khong,khong,khong,1,tinh-toan,
2031-10-10,2031-10-10,24,8,khong,Quý Mùi,khong,khong,khong,khong,co,co,1,tinh-toan,
2031-10-11,2031-10-11,25,8,khong,Giáp Thân,khong,khong,khong,khong,khong,khong,0,tinh-toan,
2031-10-12,2031-10-12,26,8,khong,Ất Dậu,khong,khong,khong,khong,khong,khong,0,tinh-toan,
2031-10-13,2031-10-13,27,8,khong,Bính Tuất,co,khong,khong,khong,khong,khong,1,tinh-toan,
2031-10-14,2031-10-14,28,8,khong,Đinh Hợi,khong,khong,khong,khong,khong,khong,0,tinh-toan,
2031-10-15,2031-10-15,29,8,khong,Mậu Tý,khong,khong,khong,khong,khong,khong,0,tinh-toan,
2031-10-16,2031-10-16,1,9,khong,Kỷ Sửu,khong,khong,khong,co,khong,khong,1,tinh-toan,
2031-10-17,2031-10-17,2,9,khong,Canh Dần,khong,khong,khong,khong,khong,co,0,tinh-toan,
2031-10-18,2031-10-18,3,9,khong,Tân Mão,co,khong,khong,khong,khong,khong,1,tinh-toan,
2031-10-19,2031-10-19,4,9,khong,Nhâm Thìn,khong,khong,khong,khong,khong,khong,0,tinh-toan,
2031-10-20,2031-10-20,5,9,khong,Quý Tỵ,khong,co,khong,khong,khong,khong,1,tinh-toan,
2031-10-21,2031-10-21,6,9,khong,Giáp Ngọ,khong,khong,co,khong,khong,khong,1,tinh-toan,
2031-10-22,2031-10-22,7,9,khong,Ất Mùi,co,khong,khong,khong,khong,khong,1,tinh-toan,
2031-10-23,2031-10-23,8,9,khong,Bính Thân,khong,khong,khong,khong,khong,khong,0,tinh-toan,
2031-10-24,2031-10-24,9,9,khong,Đinh Dậu,khong,khong,khong,khong,khong,khong,0,tinh-toan,
2031-10-25,2031-10-25,10,9,khong,Mậu Tuất,khong,khong,khong,khong,khong,khong,0,tinh-toan,
2031-10-26,2031-10-26,11,9,khong,Kỷ Hợi,khong,khong,khong,khong,khong,khong,0,tinh-toan,
2031-10-27,2031-10-27,12,9,khong,Canh Tý,khong,khong,khong,khong,khong,khong,0,tinh-toan,
2031-10-28,2031-10-28,13,9,khong,Tân Sửu,co,khong,khong,co,khong,khong,2,tinh-toan,
2031-10-29,2031-10-29,14,9,khong,Nhâm Dần,khong,co,khong,khong,khong,co,1,tinh-toan,
2031-10-30,2031-10-30,15,9,khong,Quý Mão,khong,khong,khong,khong,khong,khong,0,tinh-toan,
2031-10-31,2031-10-31,16,9,khong,Giáp Thìn,khong,khong,khong,khong,khong,khong,0,tinh-toan,
2031-11-01,2031-11-01,17,9,khong,Ất Tỵ,khong,khong,khong,khong,khong,khong,0,tinh-toan,
2031-11-02,2031-11-02,18,9,khong,Bính Ngọ,co,khong,co,khong,khong,khong,2,tinh-toan,
2031-11-03,2031-11-03,19,9,khong,Đinh Mùi,khong,khong,khong,khong,khong,khong,0,tinh-toan,
2031-11-04,2031-11-04,20,9,khong,Mậu Thân,khong,khong,khong,khong,khong,khong,0,tinh-toan,
2031-11-05,2031-11-05,21,9,khong,Kỷ Dậu,khong,khong,khong,khong,khong,khong,0,tinh-toan,
2031-11-06,2031-11-06,22,9,khong,Canh Tuất,co,khong,khong,khong,khong,khong,1,tinh-toan,
2031-11-07,2031-11-07,23,9,khong,Tân Hợi,khong,co,khong,khong,khong,khong,1,tinh-toan,
2031-11-08,2031-11-08,24,9,khong,Nhâm Tý,khong,khong,khong,khong,khong,khong,0,tinh-toan,
2031-11-09,2031-11-09,25,9,khong,Quý Sửu,khong,khong,khong,co,khong,khong,1,tinh-toan,
2031-11-10,2031-11-10,26,9,khong,Giáp Dần,khong,khong,khong,khong,co,co,1,tinh-toan,
2031-11-11,2031-11-11,27,9,khong,Ất Mão,co,khong,khong,khong,khong,khong,1,tinh-toan,
2031-11-12,2031-11-12,28,9,khong,Bính Thìn,khong,khong,khong,khong,khong,khong,0,tinh-toan,
2031-11-13,2031-11-13,29,9,khong,Đinh Tỵ,khong,khong,khong,khong,khong,khong,0,tinh-toan,
2031-11-14,2031-11-14,30,9,khong,Mậu Ngọ,khong,khong,co,khong,khong,khong,1,tinh-toan,
2031-11-15,2031-11-15,1,10,khong,Kỷ Mùi,khong,khong,khong,khong,khong,khong,0,tinh-toan,
2031-11-16,2031-11-16,2,10,khong,Canh Thân,khong,khong,khong,khong,khong,co,0,tinh-toan,
2031-11-17,2031-11-17,3,10,khong,Tân Dậu,co,khong,co,khong,khong,khong,2,tinh-toan,
2031-11-18,2031-11-18,4,10,khong,Nhâm Tuất,khong,khong,khong,khong,khong,khong,0,tinh-toan,
2031-11-19,2031-11-19,5,10,khong,Quý Hợi,khong,co,khong,khong,khong,khong,1,tinh-toan,
2031-11-20,2031-11-20,6,10,khong,Giáp Tý,khong,khong,khong,khong,khong,khong,0,tinh-toan,
2031-11-21,2031-11-21,7,10,khong,Ất Sửu,co,khong,khong,khong,khong,khong,1,tinh-toan,
2031-11-22,2031-11-22,8,10,khong,Bính Dần,khong,khong,khong,khong,khong,khong,0,tinh-toan,
2031-11-23,2031-11-23,9,10,khong,Đinh Mão,khong,khong,khong,khong,khong,khong,0,tinh-toan,
2031-11-24,2031-11-24,10,10,khong,Mậu Thìn,khong,khong,khong,co,khong,khong,1,tinh-toan,
2031-11-25,2031-11-25,11,10,khong,Kỷ Tỵ,khong,khong,khong,khong,khong,khong,0,tinh-toan,
2031-11-26,2031-11-26,12,10,khong,Canh Ngọ,khong,khong,khong,khong,khong,khong,0,tinh-toan,
2031-11-27,2031-11-27,13,10,khong,Tân Mùi,co,khong,khong,khong,khong,khong,1,tinh-toan,
2031-11-28,2031-11-28,14,10,khong,Nhâm Thân,khong,co,khong,khong,khong,co,1,tinh-toan,
2031-11-29,2031-11-29,15,10,khong,Quý Dậu,khong,khong,co,khong,khong,khong,1,tinh-toan,
2031-11-30,2031-11-30,16,10,khong,Giáp Tuất,khong,khong,khong,khong,khong,khong,0,tinh-toan,
2031-12-01,2031-12-01,17,10,khong,Ất Hợi,khong,khong,khong,khong,khong,khong,0,tinh-toan,
2031-12-02,2031-12-02,18,10,khong,Bính Tý,co,khong,khong,khong,khong,khong,1,tinh-toan,
2031-12-03,2031-12-03,19,10,khong,Đinh Sửu,khong,khong,khong,khong,khong,khong,0,tinh-toan,
2031-12-04,2031-12-04,20,10,khong,Mậu Dần,khong,khong,khong,khong,khong,khong,0,tinh-toan,
2031-12-05,2031-12-05,21,10,khong,Kỷ Mão,khong,khong,khong,khong,khong,khong,0,tinh-toan,
2031-12-06,2031-12-06,22,10,khong,Canh Thìn,co,khong,khong,co,khong,khong,2,tinh-toan,
2031-12-07,2031-12-07,23,10,khong,Tân Tỵ,khong,co,khong,khong,khong,khong,1,tinh-toan,
2031-12-08,2031-12-08,24,10,khong,Nhâm Ngọ,khong,khong,khong,khong,khong,khong,0,tinh-toan,
2031-12-09,2031-12-09,25,10,khong,Quý Mùi,khong,khong,khong,khong,khong,khong,0,tinh-toan,
2031-12-10,2031-12-10,26,10,khong,Giáp Thân,khong,khong,khong,khong,khong,co,0,tinh-toan,
2031-12-11,2031-12-11,27,10,khong,Ất Dậu,co,khong,co,khong,khong,khong,2,tinh-toan,
2031-12-12,2031-12-12,28,10,khong,Bính Tuất,khong,khong,khong,khong,khong,khong,0,tinh-toan,
2031-12-13,2031-12-13,29,10,khong,Đinh Hợi,khong,khong,khong,khong,khong,khong,0,tinh-toan,
2031-12-14,2031-12-14,1,11,khong,Mậu Tý,khong,khong,khong,khong,khong,khong,0,tinh-toan,
2031-12-15,2031-12-15,2,11,khong,Kỷ Sửu,khong,khong,khong,khong,khong,khong,0,tinh-toan,
2031-12-16,2031-12-16,3,11,khong,Canh Dần,co,khong,co,khong,khong,khong,2,tinh-toan,
2031-12-17,2031-12-17,4,11,khong,Tân Mão,khong,khong,khong,khong,co,co,1,tinh-toan,
2031-12-18,2031-12-18,5,11,khong,Nhâm Thìn,khong,co,khong,khong,khong,khong,1,tinh-toan,
2031-12-19,2031-12-19,6,11,khong,Quý Tỵ,khong,khong,khong,khong,khong,khong,0,tinh-toan,
2031-12-20,2031-12-20,7,11,khong,Giáp Ngọ,co,khong,khong,khong,khong,khong,1,tinh-toan,
2031-12-21,2031-12-21,8,11,khong,Ất Mùi,khong,khong,khong,co,khong,khong,1,tinh-toan,
2031-12-22,2031-12-22,9,11,khong,Bính Thân,khong,khong,khong,khong,khong,khong,0,tinh-toan,
2031-12-23,2031-12-23,10,11,khong,Đinh Dậu,khong,khong,khong,khong,khong,khong,0,tinh-toan,
2031-12-24,2031-12-24,11,11,khong,Mậu Tuất,khong,khong,khong,khong,khong,khong,0,tinh-toan,
2031-12-25,2031-12-25,12,11,khong,Kỷ Hợi,khong,khong,khong,khong,khong,khong,0,tinh-toan,
2031-12-26,2031-12-26,13,11,khong,Canh Tý,co,khong,khong,khong,khong,khong,1,tinh-toan,
2031-12-27,2031-12-27,14,11,khong,Tân Sửu,khong,co,khong,khong,khong,khong,1,tinh-toan,
2031-12-28,2031-12-28,15,11,khong,Nhâm Dần,khong,khong,co,khong,khong,khong,1,tinh-toan,
2031-12-29,2031-12-29,16,11,khong,Quý Mão,khong,khong,khong,khong,khong,co,0,tinh-toan,
2031-12-30,2031-12-30,17,11,khong,Giáp Thìn,khong,khong,khong,khong,khong,khong,0,tinh-toan,
2031-12-31,2031-12-31,18,11,khong,Ất Tỵ,co,khong,khong,khong,khong,khong,1,tinh-toan,
2032-01-01,2032-01-01,19,11,khong,Bính Ngọ,khong,khong,khong,khong,khong,khong,0,tinh-toan,
2032-01-02,2032-01-02,20,11,khong,Đinh Mùi,khong,khong,khong,co,khong,khong,1,tinh-toan,
2032-01-03,2032-01-03,21,11,khong,Mậu Thân,khong,khong,khong,khong,khong,khong,0,tinh-toan,
2032-01-04,2032-01-04,22,11,khong,Kỷ Dậu,co,khong,khong,khong,khong,khong,1,tinh-toan,
2032-01-05,2032-01-05,23,11,khong,Canh Tuất,khong,co,khong,khong,khong,khong,1,tinh-toan,
2032-01-06,2032-01-06,24,11,khong,Tân Hợi,khong,khong,khong,khong,khong,khong,0,tinh-toan,
2032-01-07,2032-01-07,25,11,khong,Nhâm Tý,khong,khong,khong,khong,khong,khong,0,tinh-toan,
2032-01-08,2032-01-08,26,11,khong,Quý Sửu,khong,khong,khong,khong,khong,khong,0,tinh-toan,
2032-01-09,2032-01-09,27,11,khong,Giáp Dần,co,khong,co,khong,khong,khong,2,tinh-toan,
2032-01-10,2032-01-10,28,11,khong,Ất Mão,khong,khong,khong,khong,khong,co,0,tinh-toan,
2032-01-11,2032-01-11,29,11,khong,Bính Thìn,khong,khong,khong,khong,khong,khong,0,tinh-toan,
2032-01-12,2032-01-12,30,11,khong,Đinh Tỵ,khong,khong,khong,khong,khong,khong,0,tinh-toan,
2032-01-13,2032-01-13,1,12,khong,Mậu Ngọ,khong,khong,khong,khong,khong,khong,0,tinh-toan,
2032-01-14,2032-01-14,2,12,khong,Kỷ Mùi,khong,khong,khong,khong,khong,khong,0,tinh-toan,
2032-01-15,2032-01-15,3,12,khong,Canh Thân,co,khong,khong,khong,khong,khong,1,tinh-toan,
2032-01-16,2032-01-16,4,12,khong,Tân Dậu,khong,khong,khong,khong,co,co,1,tinh-toan,
2032-01-17,2032-01-17,5,12,khong,Nhâm Tuất,khong,co,khong,khong,khong,khong,1,tinh-toan,
2032-01-18,2032-01-18,6,12,khong,Quý Hợi,khong,khong,khong,khong,khong,khong,0,tinh-toan,
2032-01-19,2032-01-19,7,12,khong,Giáp Tý,co,khong,khong,khong,khong,khong,1,tinh-toan,
2032-01-20,2032-01-20,8,12,khong,Ất Sửu,khong,khong,khong,khong,khong,khong,0,tinh-toan,
2032-01-21,2032-01-21,9,12,khong,Bính Dần,khong,khong,khong,khong,khong,khong,0,tinh-toan,
2032-01-22,2032-01-22,10,12,khong,Đinh Mão,khong,khong,khong,khong,khong,khong,0,tinh-toan,
2032-01-23,2032-01-23,11,12,khong,Mậu Thìn,khong,khong,co,co,khong,khong,1,tinh-toan,
2032-01-24,2032-01-24,12,12,khong,Kỷ Tỵ,khong,khong,khong,khong,khong,khong,0,tinh-toan,
2032-01-25,2032-01-25,13,12,khong,Canh Ngọ,co,khong,khong,khong,khong,khong,1,tinh-toan,
2032-01-26,2032-01-26,14,12,khong,Tân Mùi,khong,co,khong,khong,khong,khong,1,tinh-toan,
2032-01-27,2032-01-27,15,12,khong,Nhâm Thân,khong,khong,khong,khong,khong,khong,0,tinh-toan,
2032-01-28,2032-01-28,16,12,khong,Quý Dậu,khong,khong,khong,khong,khong,co,0,tinh-toan,
2032-01-29,2032-01-29,17,12,khong,Giáp Tuất,khong,khong,khong,khong,khong,khong,0,tinh-toan,
2032-01-30,2032-01-30,18,12,khong,Ất Hợi,co,khong,khong,khong,khong,khong,1,tinh-toan,
2032-01-31,2032-01-31,19,12,khong,Bính Tý,khong,khong,khong,khong,khong,khong,0,tinh-toan,
2032-02-01,2032-02-01,20,12,khong,Đinh Sửu,khong,khong,khong,khong,khong,khong,0,tinh-toan,
2032-02-02,2032-02-02,21,12,khong,Mậu Dần,khong,khong,khong,khong,khong,khong,0,tinh-toan,
2032-02-03,2032-02-03,22,12,khong,Kỷ Mão,co,khong,khong,khong,khong,khong,1,tinh-toan,
2032-02-04,2032-02-04,23,12,khong,Canh Thìn,khong,co,co,co,khong,khong,2,tinh-toan,
2032-02-05,2032-02-05,24,12,khong,Tân Tỵ,khong,khong,khong,khong,khong,khong,0,tinh-toan,
2032-02-06,2032-02-06,25,12,khong,Nhâm Ngọ,khong,khong,khong,khong,khong,khong,0,tinh-toan,
2032-02-07,2032-02-07,26,12,khong,Quý Mùi,khong,khong,khong,khong,khong,khong,0,tinh-toan,
2032-02-08,2032-02-08,27,12,khong,Giáp Thân,co,khong,khong,khong,khong,khong,1,tinh-toan,
2032-02-09,2032-02-09,28,12,khong,Ất Dậu,khong,khong,khong,khong,khong,co,0,tinh-toan,
2032-02-10,2032-02-10,29,12,khong,Bính Tuất,khong,khong,khong,khong,khong,khong,0,tinh-toan,
2032-02-11,2032-02-11,1,1,khong,Đinh Hợi,khong,khong,khong,khong,khong,khong,0,tinh-toan,
2032-02-12,2032-02-12,2,1,khong,Mậu Tý,khong,khong,khong,co,khong,khong,1,tinh-toan,
2032-02-13,2032-02-13,3,1,khong,Kỷ Sửu,co,khong,khong,khong,khong,khong,1,tinh-toan,
2032-02-14,2032-02-14,4,1,khong,Canh Dần,khong,khong,khong,khong,khong,khong,0,tinh-toan,
2032-02-15,2032-02-15,5,1,khong,Tân Mão,khong,co,khong,khong,khong,khong,1,tinh-toan,
2032-02-16,2032-02-16,6,1,khong,Nhâm Thìn,khong,khong,khong,khong,khong,khong,0,tinh-toan,
2032-02-17,2032-02-17,7,1,khong,Quý Tỵ,co,khong,co,khong,khong,khong,2,tinh-toan,
2032-02-18,2032-02-18,8,1,khong,Giáp Ngọ,khong,khong,khong,khong,khong,khong,0,tinh-toan,
2032-02-19,2032-02-19,9,1,khong,Ất Mùi,khong,khong,khong,khong,khong,khong,0,tinh-toan,
2032-02-20,2032-02-20,10,1,khong,Bính Thân,khong,khong,khong,khong,khong,khong,0,tinh-toan,
2032-02-21,2032-02-21,11,1,khong,Đinh Dậu,khong,khong,khong,khong,khong,khong,0,tinh-toan,
2032-02-22,2032-02-22,12,1,khong,Mậu Tuất,khong,khong,khong,khong,khong,co,0,tinh-toan,
2032-02-23,2032-02-23,13,1,khong,Kỷ Hợi,co,khong,khong,khong,khong,khong,1,tinh-toan,
2032-02-24,2032-02-24,14,1,khong,Canh Tý,khong,co,khong,co,khong,khong,2,tinh-toan,
2032-02-25,2032-02-25,15,1,khong,Tân Sửu,khong,khong,khong,khong,khong,khong,0,tinh-toan,
2032-02-26,2032-02-26,16,1,khong,Nhâm Dần,khong,khong,khong,khong,khong,khong,0,tinh-toan,
2032-02-27,2032-02-27,17,1,khong,Quý Mão,khong,khong,khong,khong,khong,khong,0,tinh-toan,
2032-02-28,2032-02-28,18,1,khong,Giáp Thìn,co,khong,khong,khong,khong,khong,1,tinh-toan,
2032-02-29,2032-02-29,19,1,khong,Ất Tỵ,khong,khong,co,khong,khong,khong,1,tinh-toan,
2032-03-01,2032-03-01,20,1,khong,Bính Ngọ,khong,khong,khong,khong,khong,khong,0,tinh-toan,
2032-03-02,2032-03-02,21,1,khong,Đinh Mùi,khong,khong,khong,khong,khong,khong,0,tinh-toan,
2032-03-03,2032-03-03,22,1,khong,Mậu Thân,co,khong,khong,khong,khong,khong,1,tinh-toan,
2032-03-04,2032-03-04,23,1,khong,Kỷ Dậu,khong,co,khong,khong,khong,khong,1,tinh-toan,
2032-03-05,2032-03-05,24,1,khong,Canh Tuất,khong,khong,khong,khong,khong,co,0,tinh-toan,
2032-03-06,2032-03-06,25,1,khong,Tân Hợi,khong,khong,khong,khong,khong,khong,0,tinh-toan,
2032-03-07,2032-03-07,26,1,khong,Nhâm Tý,khong,khong,khong,co,khong,khong,1,tinh-toan,
2032-03-08,2032-03-08,27,1,khong,Quý Sửu,co,khong,khong,khong,khong,khong,1,tinh-toan,
2032-03-09,2032-03-09,28,1,khong,Giáp Dần,khong,khong,khong,khong,khong,khong,0,tinh-toan,
2032-03-10,2032-03-10,29,1,khong,Ất Mão,khong,khong,khong,khong,khong,khong,0,tinh-toan,
2032-03-11,2032-03-11,1,2,khong,Bính Thìn,khong,khong,khong,khong,khong,co,0,tinh-toan,
2032-03-12,2032-03-12,2,2,khong,Đinh Tỵ,khong,khong,khong,khong,khong,khong,0,tinh-toan,
2032-03-13,2032-03-13,3,2,khong,Mậu Ngọ,co,khong,khong,khong,khong,khong,1,tinh-toan,
2032-03-14,2032-03-14,4,2,khong,Kỷ Mùi,khong,khong,khong,khong,khong,khong,0,tinh-toan,
2032-03-15,2032-03-15,5,2,khong,Canh Thân,khong,co,khong,khong,khong,khong,1,tinh-toan,
2032-03-16,2032-03-16,6,2,khong,Tân Dậu,khong,khong,khong,khong,khong,khong,0,tinh-toan,
2032-03-17,2032-03-17,7,2,khong,Nhâm Tuất,co,khong,khong,khong,khong,khong,1,tinh-toan,
2032-03-18,2032-03-18,8,2,khong,Quý Hợi,khong,khong,khong,khong,khong,khong,0,tinh-toan,
2032-03-19,2032-03-19,9,2,khong,Giáp Tý,khong,khong,co,khong,khong,khong,1,tinh-toan,
2032-03-20,2032-03-20,10,2,khong,Ất Sửu,khong,khong,khong,co,khong,khong,1,tinh-toan,
2032-03-21,2032-03-21,11,2,khong,Bính Dần,khong,khong,khong,khong,khong,khong,0,tinh-toan,
2032-03-22,2032-03-22,12,2,khong,Đinh Mão,khong,khong,khong,khong,khong,khong,0,tinh-toan,
2032-03-23,2032-03-23,13,2,khong,Mậu Thìn,co,khong,khong,khong,khong,co,1,tinh-toan,
2032-03-24,2032-03-24,14,2,khong,Kỷ Tỵ,khong,co,khong,khong,khong,khong,1,tinh-toan,
2032-03-25,2032-03-25,15,2,khong,Canh Ngọ,khong,khong,khong,khong,khong,khong,0,tinh-toan,
2032-03-26,2032-03-26,16,2,khong,Tân Mùi,khong,khong,khong,khong,khong,khong,0,tinh-toan,
2032-03-27,2032-03-27,17,2,khong,Nhâm Thân,khong,khong,khong,khong,khong,khong,0,tinh-toan,
2032-03-28,2032-03-28,18,2,khong,Quý Dậu,co,khong,khong,khong,khong,khong,1,tinh-toan,
2032-03-29,2032-03-29,19,2,khong,Giáp Tuất,khong,khong,khong,khong,khong,khong,0,tinh-toan,
2032-03-30,2032-03-30,20,2,khong,Ất Hợi,khong,khong,khong,khong,khong,khong,0,tinh-toan,
2032-03-31,2032-03-31,21,2,khong,Bính Tý,khong,khong,co,khong,khong,khong,1,tinh-toan,
2032-04-01,2032-04-01,22,2,khong,Đinh Sửu,co,khong,khong,co,khong,khong,2,tinh-toan,
2032-04-02,2032-04-02,23,2,khong,Mậu Dần,khong,co,khong,khong,khong,khong,1,tinh-toan,
2032-04-03,2032-04-03,24,2,khong,Kỷ Mão,khong,khong,khong,khong,khong,khong,0,tinh-toan,
2032-04-04,2032-04-04,25,2,khong,Canh Thìn,khong,khong,khong,khong,khong,co,0,tinh-toan,
2032-04-05,2032-04-05,26,2,khong,Tân Tỵ,khong,khong,khong,khong,khong,khong,0,tinh-toan,
2032-04-06,2032-04-06,27,2,khong,Nhâm Ngọ,co,khong,khong,khong,khong,khong,1,tinh-toan,
2032-04-07,2032-04-07,28,2,khong,Quý Mùi,khong,khong,khong,khong,khong,khong,0,tinh-toan,
2032-04-08,2032-04-08,29,2,khong,Giáp Thân,khong,khong,khong,khong,khong,khong,0,tinh-toan,
2032-04-09,2032-04-09,30,2,khong,Ất Dậu,khong,khong,khong,khong,khong,khong,0,tinh-toan,
2032-04-10,2032-04-10,1,3,khong,Bính Tuất,khong,khong,khong,khong,khong,khong,0,tinh-toan,
2032-04-11,2032-04-11,2,3,khong,Đinh Hợi,khong,khong,khong,khong,khong,co,0,tinh-toan,
2032-04-12,2032-04-12,3,3,khong,Mậu Tý,co,khong,khong,khong,khong,khong,1,tinh-toan,
2032-04-13,2032-04-13,4,3,khong,Kỷ Sửu,khong,khong,khong,co,khong,khong,1,tinh-toan,
2032-04-14,2032-04-14,5,3,khong,Canh Dần,khong,co,khong,khong,khong,khong,1,tinh-toan,
2032-04-15,2032-04-15,6,3,khong,Tân Mão,khong,khong,khong,khong,khong,khong,0,tinh-toan,
2032-04-16,2032-04-16,7,3,khong,Nhâm Thìn,co,khong,khong,khong,khong,khong,1,tinh-toan,
2032-04-17,2032-04-17,8,3,khong,Quý Tỵ,khong,khong,khong,khong,khong,khong,0,tinh-toan,
2032-04-18,2032-04-18,9,3,khong,Giáp Ngọ,khong,khong,khong,khong,khong,khong,0,tinh-toan,
2032-04-19,2032-04-19,10,3,khong,Ất Mùi,khong,khong,co,khong,khong,khong,1,tinh-toan,
2032-04-20,2032-04-20,11,3,khong,Bính Thân,khong,khong,khong,khong,khong,khong,0,tinh-toan,
2032-04-21,2032-04-21,12,3,khong,Đinh Dậu,khong,khong,khong,khong,khong,khong,0,tinh-toan,
2032-04-22,2032-04-22,13,3,khong,Mậu Tuất,co,khong,khong,khong,khong,khong,1,tinh-toan,
2032-04-23,2032-04-23,14,3,khong,Kỷ Hợi,khong,co,khong,khong,khong,co,1,tinh-toan,
2032-04-24,2032-04-24,15,3,khong,Canh Tý,khong,khong,khong,khong,khong,khong,0,tinh-toan,
2032-04-25,2032-04-25,16,3,khong,Tân Sửu,khong,khong,khong,co,khong,khong,1,tinh-toan,
2032-04-26,2032-04-26,17,3,khong,Nhâm Dần,khong,khong,khong,khong,khong,khong,0,tinh-toan,
2032-04-27,2032-04-27,18,3,khong,Quý Mão,co,khong,khong,khong,khong,khong,1,tinh-toan,
2032-04-28,2032-04-28,19,3,khong,Giáp Thìn,khong,khong,khong,khong,khong,khong,0,tinh-toan,
2032-04-29,2032-04-29,20,3,khong,Ất Tỵ,khong,khong,khong,khong,khong,khong,0,tinh-toan,
2032-04-30,2032-04-30,21,3,khong,Bính Ngọ,khong,khong,khong,khong,khong,khong,0,tinh-toan,
2032-05-01,2032-05-01,22,3,khong,Đinh Mùi,co,khong,co,khong,khong,khong,2,tinh-toan,
2032-05-02,2032-05-02,23,3,khong,Mậu Thân,khong,co,khong,khong,khong,khong,1,tinh-toan,
2032-05-03,2032-05-03,24,3,khong,Kỷ Dậu,khong,khong,khong,khong,khong,khong,0,tinh-toan,
2032-05-04,2032-05-04,25,3,khong,Canh Tuất,khong,khong,khong,khong,khong,khong,0,tinh-toan,
2032-05-05,2032-05-05,26,3,khong,Tân Hợi,khong,khong,khong,khong,co,co,1,tinh-toan,
2032-05-06,2032-05-06,27,3,khong,Nhâm Tý,co,khong,khong,khong,khong,khong,1,tinh-toan,
2032-05-07,2032-05-07,28,3,khong,Quý Sửu,khong,khong,khong,co,khong,khong,1,tinh-toan,
2032-05-08,2032-05-08,29,3,khong,Giáp Dần,khong,khong,khong,khong,khong,khong,0,tinh-toan,
2032-05-09,2032-05-09,1,4,khong,Ất Mão,khong,khong,co,khong,khong,khong,1,tinh-toan,
2032-05-10,2032-05-10,2,4,khong,Bính Thìn,khong,khong,khong,khong,khong,khong,0,tinh-toan,
2032-05-11,2032-05-11,3,4,khong,Đinh Tỵ,co,khong,khong,khong,co,co,2,tinh-toan,
2032-05-12,2032-05-12,4,4,khong,Mậu Ngọ,khong,khong,khong,khong,khong,khong,0,tinh-toan,
2032-05-13,2032-05-13,5,4,khong,Kỷ Mùi,khong,co,khong,khong,khong,khong,1,tinh-toan,
2032-05-14,2032-05-14,6,4,khong,Canh Thân,khong,khong,khong,khong,khong,khong,0,tinh-toan,
2032-05-15,2032-05-15,7,4,khong,Tân Dậu,co,khong,khong,khong,khong,khong,1,tinh-toan,
2032-05-16,2032-05-16,8,4,khong,Nhâm Tuất,khong,khong,khong,co,khong,khong,1,tinh-toan,
2032-05-17,2032-05-17,9,4,khong,Quý Hợi,khong,khong,khong,khong,khong,khong,0,tinh-toan,
2032-05-18,2032-05-18,10,4,khong,Giáp Tý,khong,khong,khong,khong,khong,khong,0,tinh-toan,
2032-05-19,2032-05-19,11,4,khong,Ất Sửu,khong,khong,khong,khong,khong,khong,0,tinh-toan,
2032-05-20,2032-05-20,12,4,khong,Bính Dần,khong,khong,khong,khong,khong,khong,0,tinh-toan,
2032-05-21,2032-05-21,13,4,khong,Đinh Mão,co,khong,co,khong,khong,khong,2,tinh-toan,
2032-05-22,2032-05-22,14,4,khong,Mậu Thìn,khong,co,khong,khong,khong,khong,1,tinh-toan,
2032-05-23,2032-05-23,15,4,khong,Kỷ Tỵ,khong,khong,khong,khong,khong,co,0,tinh-toan,
2032-05-24,2032-05-24,16,4,khong,Canh Ngọ,khong,khong,khong,khong,khong,khong,0,tinh-toan,
2032-05-25,2032-05-25,17,4,khong,Tân Mùi,khong,khong,khong,khong,khong,khong,0,tinh-toan,
2032-05-26,2032-05-26,18,4,khong,Nhâm Thân,co,khong,khong,khong,khong,khong,1,tinh-toan,
2032-05-27,2032-05-27,19,4,khong,Quý Dậu,khong,khong,khong,khong,khong,khong,0,tinh-toan,
2032-05-28,2032-05-28,20,4,khong,Giáp Tuất,khong,khong,khong,co,khong,khong,1,tinh-toan,
2032-05-29,2032-05-29,21,4,khong,Ất Hợi,khong,khong,khong,khong,khong,khong,0,tinh-toan,
2032-05-30,2032-05-30,22,4,khong,Bính Tý,co,khong,khong,khong,khong,khong,1,tinh-toan,
2032-05-31,2032-05-31,23,4,khong,Đinh Sửu,khong,co,khong,khong,khong,khong,1,tinh-toan,
2032-06-01,2032-06-01,24,4,khong,Mậu Dần,khong,khong,khong,khong,khong,khong,0,tinh-toan,
2032-06-02,2032-06-02,25,4,khong,Kỷ Mão,khong,khong,co,khong,khong,khong,1,tinh-toan,
2032-06-03,2032-06-03,26,4,khong,Canh Thìn,khong,khong,khong,khong,khong,khong,0,tinh-toan,
2032-06-04,2032-06-04,27,4,khong,Tân Tỵ,co,khong,khong,khong,khong,co,1,tinh-toan,
2032-06-05,2032-06-05,28,4,khong,Nhâm Ngọ,khong,khong,khong,khong,khong,khong,0,tinh-toan,
2032-06-06,2032-06-06,29,4,khong,Quý Mùi,khong,khong,khong,khong,khong,khong,0,tinh-toan,
2032-06-07,2032-06-07,30,4,khong,Giáp Thân,khong,khong,khong,khong,khong,khong,0,tinh-toan,
2032-06-08,2032-06-08,1,5,khong,Ất Dậu,khong,khong,khong,khong,khong,khong,0,tinh-toan,
2032-06-09,2032-06-09,2,5,khong,Bính Tuất,khong,khong,khong,khong,khong,khong,0,tinh-toan,
2032-06-10,2032-06-10,3,5,khong,Đinh Hợi,co,khong,khong,khong,khong,khong,1,tinh-toan,
2032-06-11,2032-06-11,4,5,khong,Mậu Tý,khong,khong,khong,khong,co,co,1,tinh-toan,
2032-06-12,2032-06-12,5,5,khong,Kỷ Sửu,khong,co,khong,khong,khong,khong,1,tinh-toan,
2032-06-13,2032-06-13,6,5,khong,Canh Dần,khong,khong,khong,khong,khong,khong,0,tinh-toan,
2032-06-14,2032-06-14,7,5,khong,Tân Mão,co,khong,khong,khong,khong,khong,1,tinh-toan,
2032-06-15,2032-06-15,8,5,khong,Nhâm Thìn,khong,khong,khong,co,khong,khong,1,tinh-toan,
2032-06-16,2032-06-16,9,5,khong,Quý Tỵ,khong,khong,khong,khong,khong,khong,0,tinh-toan,
2032-06-17,2032-06-17,10,5,khong,Giáp Ngọ,khong,khong,khong,khong,khong,khong,0,tinh-toan,
2032-06-18,2032-06-18,11,5,khong,Ất Mùi,khong,khong,khong,khong,khong,khong,0,tinh-toan,
2032-06-19,2032-06-19,12,5,khong,Bính Thân,khong,khong,co,khong,khong,khong,1,tinh-toan,
2032-06-20,2032-06-20,13,5,khong,Đinh Dậu,co,khong,khong,khong,khong,khong,1,tinh-toan,
2032-06-21,2032-06-21,14,5,khong,Mậu Tuất,khong,co,khong,khong,khong,khong,1,tinh-toan,
2032-06-22,2032-06-22,15,5,khong,Kỷ Hợi,khong,khong,khong,khong,khong,khong,0,tinh-toan,
2032-06-23,2032-06-23,16,5,khong,Canh Tý,khong,khong,khong,khong,khong,co,0,tinh-toan,
2032-06-24,2032-06-24,17,5,khong,Tân Sửu,khong,khong,khong,khong,khong,khong,0,tinh-toan,
2032-06-25,2032-06-25,18,5,khong,Nhâm Dần,co,khong,khong,khong,khong,khong,1,tinh-toan,
2032-06-26,2032-06-26,19,5,khong,Quý Mão,khong,khong,khong,khong,khong,khong,0,tinh-toan,
2032-06-27,2032-06-27,20,5,khong,Giáp Thìn,khong,khong,khong,co,khong,khong,1,tinh-toan,
2032-06-28,2032-06-28,21,5,khong,Ất Tỵ,khong,khong,khong,khong,khong,khong,0,tinh-toan,
2032-06-29,2032-06-29,22,5,khong,Bính Ngọ,co,khong,khong,khong,khong,khong,1,tinh-toan,
2032-06-30,2032-06-30,23,5,khong,Đinh Mùi,khong,co,khong,khong,khong,khong,1,tinh-toan,
2032-07-01,2032-07-01,24,5,khong,Mậu Thân,khong,khong,co,khong,khong,khong,1,tinh-toan,
2032-07-02,2032-07-02,25,5,khong,Kỷ Dậu,khong,khong,khong,khong,khong,khong,0,tinh-toan,
2032-07-03,2032-07-03,26,5,khong,Canh Tuất,khong,khong,khong,khong,khong,khong,0,tinh-toan,
2032-07-04,2032-07-04,27,5,khong,Tân Hợi,co,khong,khong,khong,khong,khong,1,tinh-toan,
2032-07-05,2032-07-05,28,5,khong,Nhâm Tý,khong,khong,khong,khong,khong,co,0,tinh-toan,
2032-07-06,2032-07-06,29,5,khong,Quý Sửu,khong,khong,khong,khong,khong,khong,0,tinh-toan,
2032-07-07,2032-07-07,1,6,khong,Giáp Dần,khong,khong,khong,khong,khong,khong,0,tinh-toan,
2032-07-08,2032-07-08,2,6,khong,Ất Mão,khong,khong,khong,khong,khong,khong,0,tinh-toan,
2032-07-09,2032-07-09,3,6,khong,Bính Thìn,co,khong,khong,co,khong,khong,2,tinh-toan,
2032-07-10,2032-07-10,4,6,khong,Đinh Tỵ,khong,khong,khong,khong,khong,khong,0,tinh-toan,
2032-07-11,2032-07-11,5,6,khong,Mậu Ngọ,khong,co,khong,khong,khong,co,1,tinh-toan,
2032-07-12,2032-07-12,6,6,khong,Kỷ Mùi,khong,khong,khong,khong,khong,khong,0,tinh-toan,
2032-07-13,2032-07-13,7,6,khong,Canh Thân,co,khong,khong,khong,khong,khong,1,tinh-toan,
2032-07-14,2032-07-14,8,6,khong,Tân Dậu,khong,khong,khong,khong,khong,khong,0,tinh-toan,
2032-07-15,2032-07-15,9,6,khong,Nhâm Tuất,khong,khong,co,khong,khong,khong,1,tinh-toan,
2032-07-16,2032-07-16,10,6,khong,Quý Hợi,khong,khong,khong,khong,khong,khong,0,tinh-toan,
2032-07-17,2032-07-17,11,6,khong,Giáp Tý,khong,khong,khong,khong,khong,khong,0,tinh-toan,
2032-07-18,2032-07-18,12,6,khong,Ất Sửu,khong,khong,khong,khong,khong,khong,0,tinh-toan,
2032-07-19,2032-07-19,13,6,khong,Bính Dần,co,khong,khong,khong,khong,khong,1,tinh-toan,
2032-07-20,2032-07-20,14,6,khong,Đinh Mão,khong,co,khong,khong,khong,khong,1,tinh-toan,
2032-07-21,2032-07-21,15,6,khong,Mậu Thìn,khong,khong,khong,co,khong,khong,1,tinh-toan,
2032-07-22,2032-07-22,16,6,khong,Kỷ Tỵ,khong,khong,khong,khong,khong,khong,0,tinh-toan,
2032-07-23,2032-07-23,17,6,khong,Canh Ngọ,khong,khong,khong,khong,khong,co,0,tinh-toan,
2032-07-24,2032-07-24,18,6,khong,Tân Mùi,co,khong,khong,khong,khong,khong,1,tinh-toan,
2032-07-25,2032-07-25,19,6,khong,Nhâm Thân,khong,khong,khong,khong,khong,khong,0,tinh-toan,
2032-07-26,2032-07-26,20,6,khong,Quý Dậu,khong,khong,khong,khong,khong,khong,0,tinh-toan,
2032-07-27,2032-07-27,21,6,khong,Giáp Tuất,khong,khong,co,khong,khong,khong,1,tinh-toan,
2032-07-28,2032-07-28,22,6,khong,Ất Hợi,co,khong,khong,khong,khong,khong,1,tinh-toan,
2032-07-29,2032-07-29,23,6,khong,Bính Tý,khong,co,khong,khong,khong,khong,1,tinh-toan,
2032-07-30,2032-07-30,24,6,khong,Đinh Sửu,khong,khong,khong,khong,khong,khong,0,tinh-toan,
2032-07-31,2032-07-31,25,6,khong,Mậu Dần,khong,khong,khong,khong,khong,khong,0,tinh-toan,
2032-08-01,2032-08-01,26,6,khong,Kỷ Mão,khong,khong,khong,khong,khong,khong,0,tinh-toan,
2032-08-02,2032-08-02,27,6,khong,Canh Thìn,co,khong,khong,co,khong,khong,2,tinh-toan,
2032-08-03,2032-08-03,28,6,khong,Tân Tỵ,khong,khong,khong,khong,khong,khong,0,tinh-toan,
2032-08-04,2032-08-04,29,6,khong,Nhâm Ngọ,khong,khong,khong,khong,khong,co,0,tinh-toan,
2032-08-05,2032-08-05,30,6,khong,Quý Mùi,khong,khong,khong,khong,khong,khong,0,tinh-toan,
2032-08-06,2032-08-06,1,7,khong,Giáp Thân,khong,khong,khong,khong,khong,khong,0,tinh-toan,
2032-08-07,2032-08-07,2,7,khong,Ất Dậu,khong,khong,khong,khong,khong,khong,0,tinh-toan,
2032-08-08,2032-08-08,3,7,khong,Bính Tuất,co,khong,khong,khong,khong,khong,1,tinh-toan,
2032-08-09,2032-08-09,4,7,khong,Đinh Hợi,khong,khong,co,khong,khong,khong,1,tinh-toan,
2032-08-10,2032-08-10,5,7,khong,Mậu Tý,khong,co,khong,khong,khong,khong,1,tinh-toan,
2032-08-11,2032-08-11,6,7,khong,Kỷ Sửu,khong,khong,khong,co,khong,co,1,tinh-toan,
2032-08-12,2032-08-12,7,7,khong,Canh Dần,co,khong,khong,khong,khong,khong,1,tinh-toan,
2032-08-13,2032-08-13,8,7,khong,Tân Mão,khong,khong,khong,khong,khong,khong,0,tinh-toan,
2032-08-14,2032-08-14,9,7,khong,Nhâm Thìn,khong,khong,khong,khong,khong,khong,0,tinh-toan,
2032-08-15,2032-08-15,10,7,khong,Quý Tỵ,khong,khong,khong,khong,khong,khong,0,tinh-toan,
2032-08-16,2032-08-16,11,7,khong,Giáp Ngọ,khong,khong,khong,khong,khong,khong,0,tinh-toan,
2032-08-17,2032-08-17,12,7,khong,Ất Mùi,khong,khong,khong,khong,khong,khong,0,tinh-toan,
2032-08-18,2032-08-18,13,7,khong,Bính Thân,co,khong,khong,khong,khong,khong,1,tinh-toan,
2032-08-19,2032-08-19,14,7,khong,Đinh Dậu,khong,co,khong,khong,khong,khong,1,tinh-toan,
2032-08-20,2032-08-20,15,7,khong,Mậu Tuất,khong,khong,khong,khong,khong,khong,0,tinh-toan,
2032-08-21,2032-08-21,16,7,khong,Kỷ Hợi,khong,khong,co,khong,khong,khong,1,tinh-toan,
2032-08-22,2032-08-22,17,7,khong,Canh Tý,khong,khong,khong,khong,khong,khong,0,tinh-toan,
2032-08-23,2032-08-23,18,7,khong,Tân Sửu,co,khong,khong,co,khong,co,2,tinh-toan,
2032-08-24,2032-08-24,19,7,khong,Nhâm Dần,khong,khong,khong,khong,khong,khong,0,tinh-toan,
2032-08-25,2032-08-25,20,7,khong,Quý Mão,khong,khong,khong,khong,khong,khong,0,tinh-toan,
2032-08-26,2032-08-26,21,7,khong,Giáp Thìn,khong,khong,khong,khong,khong,khong,0,tinh-toan,
2032-08-27,2032-08-27,22,7,khong,Ất Tỵ,co,khong,khong,khong,khong,khong,1,tinh-toan,
2032-08-28,2032-08-28,23,7,khong,Bính Ngọ,khong,co,khong,khong,khong,khong,1,tinh-toan,
2032-08-29,2032-08-29,24,7,khong,Đinh Mùi,khong,khong,khong,khong,khong,khong,0,tinh-toan,
2032-08-30,2032-08-30,25,7,khong,Mậu Thân,khong,khong,khong,khong,khong,khong,0,tinh-toan,
2032-08-31,2032-08-31,26,7,khong,Kỷ Dậu,khong,khong,khong,khong,khong,khong,0,tinh-toan,
2032-09-01,2032-09-01,27,7,khong,Canh Tuất,co,khong,khong,khong,khong,khong,1,tinh-toan,
2032-09-02,2032-09-02,28,7,khong,Tân Hợi,khong,khong,co,khong,khong,khong,1,tinh-toan,
2032-09-03,2032-09-03,29,7,khong,Nhâm Tý,khong,khong,khong,khong,khong,khong,0,tinh-toan,
2032-09-04,2032-09-04,30,7,khong,Quý Sửu,khong,khong,khong,co,khong,co,1,tinh-toan,
2032-09-05,2032-09-05,1,8,khong,Giáp Dần,khong,khong,khong,khong,khong,khong,0,tinh-toan,
2032-09-06,2032-09-06,2,8,khong,Ất Mão,khong,khong,khong,khong,khong,khong,0,tinh-toan,
2032-09-07,2032-09-07,3,8,khong,Bính Thìn,co,khong,khong,co,khong,khong,2,tinh-toan,
2032-09-08,2032-09-08,4,8,khong,Đinh Tỵ,khong,khong,khong,khong,khong,khong,0,tinh-toan,
2032-09-09,2032-09-09,5,8,khong,Mậu Ngọ,khong,co,khong,khong,khong,khong,1,tinh-toan,
2032-09-10,2032-09-10,6,8,khong,Kỷ Mùi,khong,khong,khong,khong,khong,co,0,tinh-toan,
2032-09-11,2032-09-11,7,8,khong,Canh Thân,co,khong,khong,khong,khong,khong,1,tinh-toan,
2032-09-12,2032-09-12,8,8,khong,Tân Dậu,khong,khong,khong,khong,khong,khong,0,tinh-toan,
2032-09-13,2032-09-13,9,8,khong,Nhâm Tuất,khong,khong,khong,khong,khong,khong,0,tinh-toan,
2032-09-14,2032-09-14,10,8,khong,Quý Hợi,khong,khong,khong,khong,khong,khong,0,tinh-toan,
2032-09-15,2032-09-15,11,8,khong,Giáp Tý,khong,khong,khong,khong,khong,khong,0,tinh-toan,
2032-09-16,2032-09-16,12,8,khong,Ất Sửu,khong,khong,co,khong,khong,khong,1,tinh-toan,
2032-09-17,2032-09-17,13,8,khong,Bính Dần,co,khong,khong,khong,khong,khong,1,tinh-toan,
2032-09-18,2032-09-18,14,8,khong,Đinh Mão,khong,co,khong,khong,khong,khong,1,tinh-toan,
2032-09-19,2032-09-19,15,8,khong,Mậu Thìn,khong,khong,khong,co,khong,khong,1,tinh-toan,
2032-09-20,2032-09-20,16,8,khong,Kỷ Tỵ,khong,khong,khong,khong,khong,khong,0,tinh-toan,
2032-09-21,2032-09-21,17,8,khong,Canh Ngọ,khong,khong,khong,khong,khong,khong,0,tinh-toan,
2032-09-22,2032-09-22,18,8,khong,Tân Mùi,co,khong,khong,khong,khong,co,1,tinh-toan,
2032-09-23,2032-09-23,19,8,khong,Nhâm Thân,khong,khong,khong,khong,khong,khong,0,tinh-toan,
2032-09-24,2032-09-24,20,8,khong,Quý Dậu,khong,khong,khong,khong,khong,khong,0,tinh-toan,
2032-09-25,2032-09-25,21,8,khong,Giáp Tuất,khong,khong,khong,khong,khong,khong,0,tinh-toan,
2032-09-26,2032-09-26,22,8,khong,Ất Hợi,co,khong,khong,khong,khong,khong,1,tinh-toan,
2032-09-27,2032-09-27,23,8,khong,Bính Tý,khong,co,khong,khong,khong,khong,1,tinh-toan,
2032-09-28,2032-09-28,24,8,khong,Đinh Sửu,khong,khong,co,khong,khong,khong,1,tinh-toan,
2032-09-29,2032-09-29,25,8,khong,Mậu Dần,khong,khong,khong,khong,khong,khong,0,tinh-toan,
2032-09-30,2032-09-30,26,8,khong,Kỷ Mão,khong,khong,khong,khong,khong,khong,0,tinh-toan,
2032-10-01,2032-10-01,27,8,khong,Canh Thìn,co,khong,khong,co,khong,khong,2,tinh-toan,
2032-10-02,2032-10-02,28,8,khong,Tân Tỵ,khong,khong,khong,khong,khong,khong,0,tinh-toan,
2032-10-03,2032-10-03,29,8,khong,Nhâm Ngọ,khong,khong,khong,khong,khong,khong,0,tinh-toan,
2032-10-04,2032-10-04,1,9,khong,Quý Mùi,khong,khong,khong,khong,khong,khong,0,tinh-toan,
2032-10-05,2032-10-05,2,9,khong,Giáp Thân,khong,khong,khong,khong,khong,khong,0,tinh-toan,
2032-10-06,2032-10-06,3,9,khong,Ất Dậu,co,khong,khong,khong,khong,khong,1,tinh-toan,
2032-10-07,2032-10-07,4,9,khong,Bính Tuất,khong,khong,khong,khong,khong,khong,0,tinh-toan,
2032-10-08,2032-10-08,5,9,khong,Đinh Hợi,khong,co,khong,khong,khong,khong,1,tinh-toan,
2032-10-09,2032-10-09,6,9,khong,Mậu Tý,khong,khong,khong,khong,khong,khong,0,tinh-toan,
2032-10-10,2032-10-10,7,9,khong,Kỷ Sửu,co,khong,khong,co,khong,khong,2,tinh-toan,
2032-10-11,2032-10-11,8,9,khong,Canh Dần,khong,khong,khong,khong,khong,co,0,tinh-toan,
2032-10-12,2032-10-12,9,9,khong,Tân Mão,khong,khong,khong,khong,khong,khong,0,tinh-toan,
2032-10-13,2032-10-13,10,9,khong,Nhâm Thìn,khong,khong,khong,khong,khong,khong,0,tinh-toan,
2032-10-14,2032-10-14,11,9,khong,Quý Tỵ,khong,khong,khong,khong,khong,khong,0,tinh-toan,
2032-10-15,2032-10-15,12,9,khong,Giáp Ngọ,khong,khong,co,khong,khong,khong,1,tinh-toan,
2032-10-16,2032-10-16,13,9,khong,Ất Mùi,co,khong,khong,khong,khong,khong,1,tinh-toan,
2032-10-17,2032-10-17,14,9,khong,Bính Thân,khong,co,khong,khong,khong,khong,1,tinh-toan,
2032-10-18,2032-10-18,15,9,khong,Đinh Dậu,khong,khong,khong,khong,khong,khong,0,tinh-toan,
2032-10-19,2032-10-19,16,9,khong,Mậu Tuất,khong,khong,khong,khong,khong,khong,0,tinh-toan,
2032-10-20,2032-10-20,17,9,khong,Kỷ Hợi,khong,khong,khong,khong,khong,khong,0,tinh-toan,
2032-10-21,2032-10-21,18,9,khong,Canh Tý,co,khong,khong,khong,khong,khong,1,tinh-toan,
2032-10-22,2032-10-22,19,9,khong,Tân Sửu,khong,khong,khong,co,khong,khong,1,tinh-toan,
2032-10-23,2032-10-23,20,9,khong,Nhâm Dần,khong,khong,khong,khong,khong,co,0,tinh-toan,
2032-10-24,2032-10-24,21,9,khong,Quý Mão,khong,khong,khong,khong,khong,khong,0,tinh-toan,
2032-10-25,2032-10-25,22,9,khong,Giáp Thìn,co,khong,khong,khong,khong,khong,1,tinh-toan,
2032-10-26,2032-10-26,23,9,khong,Ất Tỵ,khong,co,khong,khong,khong,khong,1,tinh-toan,
2032-10-27,2032-10-27,24,9,khong,Bính Ngọ,khong,khong,co,khong,khong,khong,1,tinh-toan,
2032-10-28,2032-10-28,25,9,khong,Đinh Mùi,khong,khong,khong,khong,khong,khong,0,tinh-toan,
2032-10-29,2032-10-29,26,9,khong,Mậu Thân,khong,khong,khong,khong,khong,khong,0,tinh-toan,
2032-10-30,2032-10-30,27,9,khong,Kỷ Dậu,co,khong,khong,khong,khong,khong,1,tinh-toan,
2032-10-31,2032-10-31,28,9,khong,Canh Tuất,khong,khong,khong,khong,khong,khong,0,tinh-toan,
2032-11-01,2032-11-01,29,9,khong,Tân Hợi,khong,khong,khong,khong,khong,khong,0,tinh-toan,
2032-11-02,2032-11-02,30,9,khong,Nhâm Tý,khong,khong,khong,khong,khong,khong,0,tinh-toan,
2032-11-03,2032-11-03,1,10,khong,Quý Sửu,khong,khong,khong,khong,khong,khong,0,tinh-toan,
2032-11-04,2032-11-04,2,10,khong,Giáp Dần,khong,khong,khong,khong,khong,khong,0,tinh-toan,
2032-11-05,2032-11-05,3,10,khong,Ất Mão,co,khong,khong,khong,khong,khong,1,tinh-toan,
2032-11-06,2032-11-06,4,10,khong,Bính Thìn,khong,khong,khong,co,khong,khong,1,tinh-toan,
2032-11-07,2032-11-07,5,10,khong,Đinh Tỵ,khong,co,khong,khong,khong,khong,1,tinh-toan,
2032-11-08,2032-11-08,6,10,khong,Mậu Ngọ,khong,khong,khong,khong,khong,khong,0,tinh-toan,
2032-11-09,2032-11-09,7,10,khong,Kỷ Mùi,co,khong,khong,khong,khong,khong,1,tinh-toan,
2032-11-10,2032-11-10,8,10,khong,Canh Thân,khong,khong,khong,khong,khong,co,0,tinh-toan,
2032-11-11,2032-11-11,9,10,khong,Tân Dậu,khong,khong,co,khong,khong,khong,1,tinh-toan,
2032-11-12,2032-11-12,10,10,khong,Nhâm Tuất,khong,khong,khong,khong,khong,khong,0,tinh-toan,
2032-11-13,2032-11-13,11,10,khong,Quý Hợi,khong,khong,khong,khong,khong,khong,0,tinh-toan,
2032-11-14,2032-11-14,12,10,khong,Giáp Tý,khong,khong,khong,khong,khong,khong,0,tinh-toan,
2032-11-15,2032-11-15,13,10,khong,Ất Sửu,co,khong,khong,khong,khong,khong,1,tinh-toan,
2032-11-16,2032-11-16,14,10,khong,Bính Dần,khong,co,khong,khong,khong,khong,1,tinh-toan,
2032-11-17,2032-11-17,15,10,khong,Đinh Mão,khong,khong,khong,khong,khong,khong,0,tinh-toan,
2032-11-18,2032-11-18,16,10,khong,Mậu Thìn,khong,khong,khong,co,khong,khong,1,tinh-toan,
2032-11-19,2032-11-19,17,10,khong,Kỷ Tỵ,khong,khong,khong,khong,khong,khong,0,tinh-toan,
2032-11-20,2032-11-20,18,10,khong,Canh Ngọ,co,khong,khong,khong,khong,khong,1,tinh-toan,
2032-11-21,2032-11-21,19,10,khong,Tân Mùi,khong,khong,khong,khong,khong,khong,0,tinh-toan,
2032-11-22,2032-11-22,20,10,khong,Nhâm Thân,khong,khong,khong,khong,khong,co,0,tinh-toan,
2032-11-23,2032-11-23,21,10,khong,Quý Dậu,khong,khong,co,khong,khong,khong,1,tinh-toan,
2032-11-24,2032-11-24,22,10,khong,Giáp Tuất,co,khong,khong,khong,khong,khong,1,tinh-toan,
2032-11-25,2032-11-25,23,10,khong,Ất Hợi,khong,co,khong,khong,khong,khong,1,tinh-toan,
2032-11-26,2032-11-26,24,10,khong,Bính Tý,khong,khong,khong,khong,khong,khong,0,tinh-toan,
2032-11-27,2032-11-27,25,10,khong,Đinh Sửu,khong,khong,khong,khong,khong,khong,0,tinh-toan,
2032-11-28,2032-11-28,26,10,khong,Mậu Dần,khong,khong,khong,khong,khong,khong,0,tinh-toan,
2032-11-29,2032-11-29,27,10,khong,Kỷ Mão,co,khong,khong,khong,khong,khong,1,tinh-toan,
2032-11-30,2032-11-30,28,10,khong,Canh Thìn,khong,khong,khong,co,khong,khong,1,tinh-toan,
2032-12-01,2032-12-01,29,10,khong,Tân Tỵ,khong,khong,khong,khong,khong,khong,0,tinh-toan,
2032-12-02,2032-12-02,30,10,khong,Nhâm Ngọ,khong,khong,khong,khong,khong,khong,0,tinh-toan,
2032-12-03,2032-12-03,1,11,khong,Quý Mùi,khong,khong,khong,co,khong,khong,1,tinh-toan,
2032-12-04,2032-12-04,2,11,khong,Giáp Thân,khong,khong,khong,khong,khong,khong,0,tinh-toan,
2032-12-05,2032-12-05,3,11,khong,Ất Dậu,co,khong,khong,khong,khong,khong,1,tinh-toan,
2032-12-06,2032-12-06,4,11,khong,Bính Tuất,khong,khong,khong,khong,khong,khong,0,tinh-toan,
2032-12-07,2032-12-07,5,11,khong,Đinh Hợi,khong,co,khong,khong,khong,khong,1,tinh-toan,
2032-12-08,2032-12-08,6,11,khong,Mậu Tý,khong,khong,khong,khong,khong,khong,0,tinh-toan,
2032-12-09,2032-12-09,7,11,khong,Kỷ Sửu,co,khong,khong,khong,khong,khong,1,tinh-toan,
2032-12-10,2032-12-10,8,11,khong,Canh Dần,khong,khong,co,khong,khong,khong,1,tinh-toan,
2032-12-11,2032-12-11,9,11,khong,Tân Mão,khong,khong,khong,khong,co,co,1,tinh-toan,
2032-12-12,2032-12-12,10,11,khong,Nhâm Thìn,khong,khong,khong,khong,khong,khong,0,tinh-toan,
2032-12-13,2032-12-13,11,11,khong,Quý Tỵ,khong,khong,khong,khong,khong,khong,0,tinh-toan,
2032-12-14,2032-12-14,12,11,khong,Giáp Ngọ,khong,khong,khong,khong,khong,khong,0,tinh-toan,
2032-12-15,2032-12-15,13,11,khong,Ất Mùi,co,khong,khong,co,khong,khong,2,tinh-toan,
2032-12-16,2032-12-16,14,11,khong,Bính Thân,khong,co,khong,khong,khong,khong,1,tinh-toan,
2032-12-17,2032-12-17,15,11,khong,Đinh Dậu,khong,khong,khong,khong,khong,khong,0,tinh-toan,
2032-12-18,2032-12-18,16,11,khong,Mậu Tuất,khong,khong,khong,khong,khong,khong,0,tinh-toan,
2032-12-19,2032-12-19,17,11,khong,Kỷ Hợi,khong,khong,khong,khong,khong,khong,0,tinh-toan,
2032-12-20,2032-12-20,18,11,khong,Canh Tý,co,khong,khong,khong,khong,khong,1,tinh-toan,
2032-12-21,2032-12-21,19,11,khong,Tân Sửu,khong,khong,khong,khong,khong,khong,0,tinh-toan,
2032-12-22,2032-12-22,20,11,khong,Nhâm Dần,khong,khong,co,khong,khong,khong,1,tinh-toan,
2032-12-23,2032-12-23,21,11,khong,Quý Mão,khong,khong,khong,khong,khong,co,0,tinh-toan,
2032-12-24,2032-12-24,22,11,khong,Giáp Thìn,co,khong,khong,khong,khong,khong,1,tinh-toan,
2032-12-25,2032-12-25,23,11,khong,Ất Tỵ,khong,co,khong,khong,khong,khong,1,tinh-toan,
2032-12-26,2032-12-26,24,11,khong,Bính Ngọ,khong,khong,khong,khong,khong,khong,0,tinh-toan,
2032-12-27,2032-12-27,25,11,khong,Đinh Mùi,khong,khong,khong,co,khong,khong,1,tinh-toan,
2032-12-28,2032-12-28,26,11,khong,Mậu Thân,khong,khong,khong,khong,khong,khong,0,tinh-toan,
2032-12-29,2032-12-29,27,11,khong,Kỷ Dậu,co,khong,khong,khong,khong,khong,1,tinh-toan,
2032-12-30,2032-12-30,28,11,khong,Canh Tuất,khong,khong,khong,khong,khong,khong,0,tinh-toan,
2032-12-31,2032-12-31,29,11,khong,Tân Hợi,khong,khong,khong,khong,khong,khong,0,tinh-toan,
2033-01-01,2033-01-01,1,12,khong,Nhâm Tý,khong,khong,khong,khong,khong,khong,0,tinh-toan,
2033-01-02,2033-01-02,2,12,khong,Quý Sửu,khong,khong,khong,khong,khong,khong,0,tinh-toan,
2033-01-03,2033-01-03,3,12,khong,Giáp Dần,co,khong,khong,khong,khong,khong,1,tinh-toan,
2033-01-04,2033-01-04,4,12,khong,Ất Mão,khong,khong,khong,khong,khong,khong,0,tinh-toan,
2033-01-05,2033-01-05,5,12,khong,Bính Thìn,khong,co,co,co,khong,khong,2,tinh-toan,
2033-01-06,2033-01-06,6,12,khong,Đinh Tỵ,khong,khong,khong,khong,khong,khong,0,tinh-toan,
2033-01-07,2033-01-07,7,12,khong,Mậu Ngọ,co,khong,khong,khong,khong,khong,1,tinh-toan,
2033-01-08,2033-01-08,8,12,khong,Kỷ Mùi,khong,khong,khong,khong,khong,khong,0,tinh-toan,
2033-01-09,2033-01-09,9,12,khong,Canh Thân,khong,khong,khong,khong,khong,khong,0,tinh-toan,
2033-01-10,2033-01-10,10,12,khong,Tân Dậu,khong,khong,khong,khong,co,co,1,tinh-toan,
2033-01-11,2033-01-11,11,12,khong,Nhâm Tuất,khong,khong,khong,khong,khong,khong,0,tinh-toan,
2033-01-12,2033-01-12,12,12,khong,Quý Hợi,khong,khong,khong,khong,khong,khong,0,tinh-toan,
2033-01-13,2033-01-13,13,12,khong,Giáp Tý,co,khong,khong,khong,khong,khong,1,tinh-toan,
2033-01-14,2033-01-14,14,12,khong,Ất Sửu,khong,co,khong,khong,khong,khong,1,tinh-toan,
2033-01-15,2033-01-15,15,12,khong,Bính Dần,khong,khong,khong,khong,khong,khong,0,tinh-toan,
2033-01-16,2033-01-16,16,12,khong,Đinh Mão,khong,khong,khong,khong,khong,khong,0,tinh-toan,
2033-01-17,2033-01-17,17,12,khong,Mậu Thìn,khong,khong,co,co,khong,khong,1,tinh-toan,
2033-01-18,2033-01-18,18,12,khong,Kỷ Tỵ,co,khong,khong,khong,khong,khong,1,tinh-toan,
2033-01-19,2033-01-19,19,12,khong,Canh Ngọ,khong,khong,khong,khong,khong,khong,0,tinh-toan,
2033-01-20,2033-01-20,20,12,khong,Tân Mùi,khong,khong,khong,khong,khong,khong,0,tinh-toan,
2033-01-21,2033-01-21,21,12,khong,Nhâm Thân,khong,khong,khong,khong,khong,khong,0,tinh-toan,
2033-01-22,2033-01-22,22,12,khong,Quý Dậu,co,khong,khong,khong,khong,co,1,tinh-toan,
2033-01-23,2033-01-23,23,12,khong,Giáp Tuất,khong,co,khong,khong,khong,khong,1,tinh-toan,
2033-01-24,2033-01-24,24,12,khong,Ất Hợi,khong,khong,khong,khong,khong,khong,0,tinh-toan,
2033-01-25,2033-01-25,25,12,khong,Bính Tý,khong,khong,khong,khong,khong,khong,0,tinh-toan,
2033-01-26,2033-01-26,26,12,khong,Đinh Sửu,khong,khong,khong,khong,khong,khong,0,tinh-toan,
2033-01-27,2033-01-27,27,12,khong,Mậu Dần,co,khong,khong,khong,khong,khong,1,tinh-toan,
2033-01-28,2033-01-28,28,12,khong,Kỷ Mão,khong,khong,khong,khong,khong,khong,0,tinh-toan,
2033-01-29,2033-01-29,29,12,khong,Canh Thìn,khong,khong,co,co,khong,khong,1,tinh-toan,
2033-01-30,2033-01-30,30,12,khong,Tân Tỵ,khong,khong,khong,khong,khong,khong,0,tinh-toan,
2033-01-31,2033-01-31,1,1,khong,Nhâm Ngọ,khong,khong,khong,khong,khong,khong,0,tinh-toan,
2033-02-01,2033-02-01,2,1,khong,Quý Mùi,khong,khong,khong,khong,khong,khong,0,tinh-toan,
2033-02-02,2033-02-02,3,1,khong,Giáp Thân,co,khong,khong,khong,khong,khong,1,tinh-toan,
2033-02-03,2033-02-03,4,1,khong,Ất Dậu,khong,khong,khong,khong,khong,khong,0,tinh-toan,
2033-02-04,2033-02-04,5,1,khong,Bính Tuất,khong,co,khong,khong,co,co,2,tinh-toan,
2033-02-05,2033-02-05,6,1,khong,Đinh Hợi,khong,khong,khong,khong,khong,khong,0,tinh-toan,
2033-02-06,2033-02-06,7,1,khong,Mậu Tý,co,khong,khong,co,khong,khong,2,tinh-toan,
2033-02-07,2033-02-07,8,1,khong,Kỷ Sửu,khong,khong,khong,khong,khong,khong,0,tinh-toan,
2033-02-08,2033-02-08,9,1,khong,Canh Dần,khong,khong,khong,khong,khong,khong,0,tinh-toan,
2033-02-09,2033-02-09,10,1,khong,Tân Mão,khong,khong,khong,khong,khong,khong,0,tinh-toan,
2033-02-10,2033-02-10,11,1,khong,Nhâm Thìn,khong,khong,khong,khong,khong,khong,0,tinh-toan,
2033-02-11,2033-02-11,12,1,khong,Quý Tỵ,khong,khong,co,khong,khong,khong,1,tinh-toan,
2033-02-12,2033-02-12,13,1,khong,Giáp Ngọ,co,khong,khong,khong,khong,khong,1,tinh-toan,
2033-02-13,2033-02-13,14,1,khong,Ất Mùi,khong,co,khong,khong,khong,khong,1,tinh-toan,
2033-02-14,2033-02-14,15,1,khong,Bính Thân,khong,khong,khong,khong,khong,khong,0,tinh-toan,
2033-02-15,2033-02-15,16,1,khong,Đinh Dậu,khong,khong,khong,khong,khong,khong,0,tinh-toan,
2033-02-16,2033-02-16,17,1,khong,Mậu Tuất,khong,khong,khong,khong,khong,co,0,tinh-toan,
2033-02-17,2033-02-17,18,1,khong,Kỷ Hợi,co,khong,khong,khong,khong,khong,1,tinh-toan,
2033-02-18,2033-02-18,19,1,khong,Canh Tý,khong,khong,khong,co,khong,khong,1,tinh-toan,
2033-02-19,2033-02-19,20,1,khong,Tân Sửu,khong,khong,khong,khong,khong,khong,0,tinh-toan,
2033-02-20,2033-02-20,21,1,khong,Nhâm Dần,khong,khong,khong,khong,khong,khong,0,tinh-toan,
2033-02-21,2033-02-21,22,1,khong,Quý Mão,co,khong,khong,khong,khong,khong,1,tinh-toan,
2033-02-22,2033-02-22,23,1,khong,Giáp Thìn,khong,co,khong,khong,khong,khong,1,tinh-toan,
2033-02-23,2033-02-23,24,1,khong,Ất Tỵ,khong,khong,co,khong,khong,khong,1,tinh-toan,
2033-02-24,2033-02-24,25,1,khong,Bính Ngọ,khong,khong,khong,khong,khong,khong,0,tinh-toan,
2033-02-25,2033-02-25,26,1,khong,Đinh Mùi,khong,khong,khong,khong,khong,khong,0,tinh-toan,
2033-02-26,2033-02-26,27,1,khong,Mậu Thân,co,khong,khong,khong,khong,khong,1,tinh-toan,
2033-02-27,2033-02-27,28,1,khong,Kỷ Dậu,khong,khong,khong,khong,khong,khong,0,tinh-toan,
2033-02-28,2033-02-28,29,1,khong,Canh Tuất,khong,khong,khong,khong,khong,co,0,tinh-toan,
2033-03-01,2033-03-01,1,2,khong,Tân Hợi,khong,khong,khong,khong,khong,khong,0,tinh-toan,
2033-03-02,2033-03-02,2,2,khong,Nhâm Tý,khong,khong,co,khong,khong,khong,1,tinh-toan,
2033-03-03,2033-03-03,3,2,khong,Quý Sửu,co,khong,khong,co,khong,khong,2,tinh-toan,
2033-03-04,2033-03-04,4,2,khong,Giáp Dần,khong,khong,khong,khong,khong,khong,0,tinh-toan,
2033-03-05,2033-03-05,5,2,khong,Ất Mão,khong,co,khong,khong,khong,khong,1,tinh-toan,
2033-03-06,2033-03-06,6,2,khong,Bính Thìn,khong,khong,khong,khong,khong,co,0,tinh-toan,
2033-03-07,2033-03-07,7,2,khong,Đinh Tỵ,co,khong,khong,khong,khong,khong,1,tinh-toan,
2033-03-08,2033-03-08,8,2,khong,Mậu Ngọ,khong,khong,khong,khong,khong,khong,0,tinh-toan,
2033-03-09,2033-03-09,9,2,khong,Kỷ Mùi,khong,khong,khong,khong,khong,khong,0,tinh-toan,
2033-03-10,2033-03-10,10,2,khong,Canh Thân,khong,khong,khong,khong,khong,khong,0,tinh-toan,
2033-03-11,2033-03-11,11,2,khong,Tân Dậu,khong,khong,khong,khong,khong,khong,0,tinh-toan,
2033-03-12,2033-03-12,12,2,khong,Nhâm Tuất,khong,khong,khong,khong,khong,khong,0,tinh-toan,
2033-03-13,2033-03-13,13,2,khong,Quý Hợi,co,khong,khong,khong,khong,khong,1,tinh-toan,
2033-03-14,2033-03-14,14,2,khong,Giáp Tý,khong,co,co,khong,khong,khong,2,tinh-toan,
2033-03-15,2033-03-15,15,2,khong,Ất Sửu,khong,khong,khong,co,khong,khong,1,tinh-toan,
2033-03-16,2033-03-16,16,2,khong,Bính Dần,khong,khong,khong,khong,khong,khong,0,tinh-toan,
2033-03-17,2033-03-17,17,2,khong,Đinh Mão,khong,khong,khong,khong,khong,khong,0,tinh-toan,
2033-03-18,2033-03-18,18,2,khong,Mậu Thìn,co,khong,khong,khong,khong,co,1,tinh-toan,
2033-03-19,2033-03-19,19,2,khong,Kỷ Tỵ,khong,khong,khong,khong,khong,khong,0,tinh-toan,
2033-03-20,2033-03-20,20,2,khong,Canh Ngọ,khong,khong,khong,khong,khong,khong,0,tinh-toan,
2033-03-21,2033-03-21,21,2,khong,Tân Mùi,khong,khong,khong,khong,khong,khong,0,tinh-toan,
2033-03-22,2033-03-22,22,2,khong,Nhâm Thân,co,khong,khong,khong,khong,khong,1,tinh-toan,
2033-03-23,2033-03-23,23,2,khong,Quý Dậu,khong,co,khong,khong,khong,khong,1,tinh-toan,
2033-03-24,2033-03-24,24,2,khong,Giáp Tuất,khong,khong,khong,khong,khong,khong,0,tinh-toan,
2033-03-25,2033-03-25,25,2,khong,Ất Hợi,khong,khong,khong,khong,khong,khong,0,tinh-toan,
2033-03-26,2033-03-26,26,2,khong,Bính Tý,khong,khong,co,khong,khong,khong,1,tinh-toan,
2033-03-27,2033-03-27,27,2,khong,Đinh Sửu,co,khong,khong,co,khong,khong,2,tinh-toan,
2033-03-28,2033-03-28,28,2,khong,Mậu Dần,khong,khong,khong,khong,khong,khong,0,tinh-toan,
2033-03-29,2033-03-29,29,2,khong,Kỷ Mão,khong,khong,khong,khong,khong,khong,0,tinh-toan,
2033-03-30,2033-03-30,30,2,khong,Canh Thìn,khong,khong,khong,khong,khong,co,0,tinh-toan,
2033-03-31,2033-03-31,1,3,khong,Tân Tỵ,khong,khong,khong,khong,khong,khong,0,tinh-toan,
2033-04-01,2033-04-01,2,3,khong,Nhâm Ngọ,khong,khong,khong,khong,khong,khong,0,tinh-toan,
2033-04-02,2033-04-02,3,3,khong,Quý Mùi,co,khong,co,khong,khong,khong,2,tinh-toan,
2033-04-03,2033-04-03,4,3,khong,Giáp Thân,khong,khong,khong,khong,khong,khong,0,tinh-toan,
2033-04-04,2033-04-04,5,3,khong,Ất Dậu,khong,co,khong,khong,khong,khong,1,tinh-toan,
2033-04-05,2033-04-05,6,3,khong,Bính Tuất,khong,khong,khong,khong,khong,khong,0,tinh-toan,
2033-04-06,2033-04-06,7,3,khong,Đinh Hợi,co,khong,khong,khong,khong,co,1,tinh-toan,
2033-04-07,2033-04-07,8,3,khong,Mậu Tý,khong,khong,khong,khong,khong,khong,0,tinh-toan,
2033-04-08,2033-04-08,9,3,khong,Kỷ Sửu,khong,khong,khong,co,khong,khong,1,tinh-toan,
2033-04-09,2033-04-09,10,3,khong,Canh Dần,khong,khong,khong,khong,khong,khong,0,tinh-toan,
2033-04-10,2033-04-10,11,3,khong,Tân Mão,khong,khong,khong,khong,khong,khong,0,tinh-toan,
2033-04-11,2033-04-11,12,3,khong,Nhâm Thìn,khong,khong,khong,khong,khong,khong,0,tinh-toan,
2033-04-12,2033-04-12,13,3,khong,Quý Tỵ,co,khong,khong,khong,khong,khong,1,tinh-toan,
2033-04-13,2033-04-13,14,3,khong,Giáp Ngọ,khong,co,khong,khong,khong,khong,1,tinh-toan,
2033-04-14,2033-04-14,15,3,khong,Ất Mùi,khong,khong,co,khong,khong,khong,1,tinh-toan,
2033-04-15,2033-04-15,16,3,khong,Bính Thân,khong,khong,khong,khong,khong,khong,0,tinh-toan,
2033-04-16,2033-04-16,17,3,khong,Đinh Dậu,khong,khong,khong,khong,khong,khong,0,tinh-toan,
2033-04-17,2033-04-17,18,3,khong,Mậu Tuất,co,khong,khong,khong,khong,khong,1,tinh-toan,
2033-04-18,2033-04-18,19,3,khong,Kỷ Hợi,khong,khong,khong,khong,khong,co,0,tinh-toan,
2033-04-19,2033-04-19,20,3,khong,Canh Tý,khong,khong,khong,khong,khong,khong,0,tinh-toan,
2033-04-20,2033-04-20,21,3,khong,Tân Sửu,khong,khong,khong,co,khong,khong,1,tinh-toan,
2033-04-21,2033-04-21,22,3,khong,Nhâm Dần,co,khong,khong,khong,khong,khong,1,tinh-toan,
2033-04-22,2033-04-22,23,3,khong,Quý Mão,khong,co,khong,khong,khong,khong,1,tinh-toan,
2033-04-23,2033-04-23,24,3,khong,Giáp Thìn,khong,khong,khong,khong,khong,khong,0,tinh-toan,
2033-04-24,2033-04-24,25,3,khong,Ất Tỵ,khong,khong,khong,khong,khong,khong,0,tinh-toan,
2033-04-25,2033-04-25,26,3,khong,Bính Ngọ,khong,khong,khong,khong,khong,khong,0,tinh-toan,
2033-04-26,2033-04-26,27,3,khong,Đinh Mùi,co,khong,co,khong,khong,khong,2,tinh-toan,
2033-04-27,2033-04-27,28,3,khong,Mậu Thân,khong,khong,khong,khong,khong,khong,0,tinh-toan,
2033-04-28,2033-04-28,29,3,khong,Kỷ Dậu,khong,khong,khong,khong,khong,khong,0,tinh-toan,
2033-04-29,2033-04-29,1,4,khong,Canh Tuất,khong,khong,khong,co,khong,khong,1,tinh-toan,
2033-04-30,2033-04-30,2,4,khong,Tân Hợi,khong,khong,khong,khong,khong,khong,0,tinh-toan,
2033-05-01,2033-05-01,3,4,khong,Nhâm Tý,co,khong,khong,khong,khong,khong,1,tinh-toan,
2033-05-02,2033-05-02,4,4,khong,Quý Sửu,khong,khong,khong,khong,khong,khong,0,tinh-toan,
2033-05-03,2033-05-03,5,4,khong,Giáp Dần,khong,co,khong,khong,khong,khong,1,tinh-toan,
2033-05-04,2033-05-04,6,4,khong,Ất Mão,khong,khong,co,khong,khong,khong,1,tinh-toan,
2033-05-05,2033-05-05,7,4,khong,Bính Thìn,co,khong,khong,khong,khong,khong,1,tinh-toan,
2033-05-06,2033-05-06,8,4,khong,Đinh Tỵ,khong,khong,khong,khong,co,co,1,tinh-toan,
2033-05-07,2033-05-07,9,4,khong,Mậu Ngọ,khong,khong,khong,khong,khong,khong,0,tinh-toan,
2033-05-08,2033-05-08,10,4,khong,Kỷ Mùi,khong,khong,khong,khong,khong,khong,0,tinh-toan,
2033-05-09,2033-05-09,11,4,khong,Canh Thân,khong,khong,khong,khong,khong,khong,0,tinh-toan,
2033-05-10,2033-05-10,12,4,khong,Tân Dậu,khong,khong,khong,khong,khong,khong,0,tinh-toan,
2033-05-11,2033-05-11,13,4,khong,Nhâm Tuất,co,khong,khong,co,khong,khong,2,tinh-toan,
2033-05-12,2033-05-12,14,4,khong,Quý Hợi,khong,co,khong,khong,khong,khong,1,tinh-toan,
2033-05-13,2033-05-13,15,4,khong,Giáp Tý,khong,khong,khong,khong,khong,khong,0,tinh-toan,
2033-05-14,2033-05-14,16,4,khong,Ất Sửu,khong,khong,khong,khong,khong,khong,0,tinh-toan,
2033-05-15,2033-05-15,17,4,khong,Bính Dần,khong,khong,khong,khong,khong,khong,0,tinh-toan,
2033-05-16,2033-05-16,18,4,khong,Đinh Mão,co,khong,co,khong,khong,khong,2,tinh-toan,
2033-05-17,2033-05-17,19,4,khong,Mậu Thìn,khong,khong,khong,khong,khong,khong,0,tinh-toan,
2033-05-18,2033-05-18,20,4,khong,Kỷ Tỵ,khong,khong,khong,khong,khong,co,0,tinh-toan,
2033-05-19,2033-05-19,21,4,khong,Canh Ngọ,khong,khong,khong,khong,khong,khong,0,tinh-toan,
2033-05-20,2033-05-20,22,4,khong,Tân Mùi,co,khong,khong,khong,khong,khong,1,tinh-toan,
2033-05-21,2033-05-21,23,4,khong,Nhâm Thân,khong,co,khong,khong,khong,khong,1,tinh-toan,
2033-05-22,2033-05-22,24,4,khong,Quý Dậu,khong,khong,khong,khong,khong,khong,0,tinh-toan,
2033-05-23,2033-05-23,25,4,khong,Giáp Tuất,khong,khong,khong,co,khong,khong,1,tinh-toan,
2033-05-24,2033-05-24,26,4,khong,Ất Hợi,khong,khong,khong,khong,khong,khong,0,tinh-toan,
2033-05-25,2033-05-25,27,4,khong,Bính Tý,co,khong,khong,khong,khong,khong,1,tinh-toan,
2033-05-26,2033-05-26,28,4,khong,Đinh Sửu,khong,khong,khong,khong,khong,khong,0,tinh-toan,
2033-05-27,2033-05-27,29,4,khong,Mậu Dần,khong,khong,khong,khong,khong,khong,0,tinh-toan,
2033-05-28,2033-05-28,1,5,khong,Kỷ Mão,khong,khong,khong,khong,khong,khong,0,tinh-toan,
2033-05-29,2033-05-29,2,5,khong,Canh Thìn,khong,khong,khong,co,khong,khong,1,tinh-toan,
2033-05-30,2033-05-30,3,5,khong,Tân Tỵ,co,khong,khong,khong,khong,khong,1,tinh-toan,
2033-05-31,2033-05-31,4,5,khong,Nhâm Ngọ,khong,khong,khong,khong,khong,khong,0,tinh-toan,
2033-06-01,2033-06-01,5,5,khong,Quý Mùi,khong,co,khong,khong,khong,khong,1,tinh-toan,
2033-06-02,2033-06-02,6,5,khong,Giáp Thân,khong,khong,co,khong,khong,khong,1,tinh-toan,
2033-06-03,2033-06-03,7,5,khong,Ất Dậu,co,khong,khong,khong,khong,khong,1,tinh-toan,
2033-06-04,2033-06-04,8,5,khong,Bính Tuất,khong,khong,khong,khong,khong,khong,0,tinh-toan,
2033-06-05,2033-06-05,9,5,khong,Đinh Hợi,khong,khong,khong,khong,khong,khong,0,tinh-toan,
2033-06-06,2033-06-06,10,5,khong,Mậu Tý,khong,khong,khong,khong,co,co,1,tinh-toan,
2033-06-07,2033-06-07,11,5,khong,Kỷ Sửu,khong,khong,khong,khong,khong,khong,0,tinh-toan,
2033-06-08,2033-06-08,12,5,khong,Canh Dần,khong,khong,khong,khong,khong,khong,0,tinh-toan,
2033-06-09,2033-06-09,13,5,khong,Tân Mão,co,khong,khong,khong,khong,khong,1,tinh-toan,
2033-06-10,2033-06-10,14,5,khong,Nhâm Thìn,khong,co,khong,co,khong,khong,2,tinh-toan,
2033-06-11,2033-06-11,15,5,khong,Quý Tỵ,khong,khong,khong,khong,khong,khong,0,tinh-toan,
2033-06-12,2033-06-12,16,5,khong,Giáp Ngọ,khong,khong,khong,khong,khong,khong,0,tinh-toan,
2033-06-13,2033-06-13,17,5,khong,Ất Mùi,khong,khong,khong,khong,khong,khong,0,tinh-toan,
2033-06-14,2033-06-14,18,5,khong,Bính Thân,co,khong,co,khong,khong,khong,2,tinh-toan,
2033-06-15,2033-06-15,19,5,khong,Đinh Dậu,khong,khong,khong,khong,khong,khong,0,tinh-toan,
2033-06-16,2033-06-16,20,5,khong,Mậu Tuất,khong,khong,khong,khong,khong,khong,0,tinh-toan,
2033-06-17,2033-06-17,21,5,khong,Kỷ Hợi,khong,khong,khong,khong,khong,khong,0,tinh-toan,
2033-06-18,2033-06-18,22,5,khong,Canh Tý,co,khong,khong,khong,khong,co,1,tinh-toan,
2033-06-19,2033-06-19,23,5,khong,Tân Sửu,khong,co,khong,khong,khong,khong,1,tinh-toan,
2033-06-20,2033-06-20,24,5,khong,Nhâm Dần,khong,khong,khong,khong,khong,khong,0,tinh-toan,
2033-06-21,2033-06-21,25,5,khong,Quý Mão,khong,khong,khong,khong,khong,khong,0,tinh-toan,
2033-06-22,2033-06-22,26,5,khong,Giáp Thìn,khong,khong,khong,co,khong,khong,1,tinh-toan,
2033-06-23,2033-06-23,27,5,khong,Ất Tỵ,co,khong,khong,khong,khong,khong,1,tinh-toan,
2033-06-24,2033-06-24,28,5,khong,Bính Ngọ,khong,khong,khong,khong,khong,khong,0,tinh-toan,
2033-06-25,2033-06-25,29,5,khong,Đinh Mùi,khong,khong,khong,khong,khong,khong,0,tinh-toan,
2033-06-26,2033-06-26,30,5,khong,Mậu Thân,khong,khong,co,khong,khong,khong,1,tinh-toan,
2033-06-27,2033-06-27,1,6,khong,Kỷ Dậu,khong,khong,khong,khong,khong,khong,0,tinh-toan,
2033-06-28,2033-06-28,2,6,khong,Canh Tuất,khong,khong,co,khong,khong,khong,1,tinh-toan,
2033-06-29,2033-06-29,3,6,khong,Tân Hợi,co,khong,khong,khong,khong,khong,1,tinh-toan,
2033-06-30,2033-06-30,4,6,khong,Nhâm Tý,khong,khong,khong,khong,khong,khong,0,tinh-toan,
2033-07-01,2033-07-01,5,6,khong,Quý Sửu,khong,co,khong,khong,khong,khong,1,tinh-toan,
2033-07-02,2033-07-02,6,6,khong,Giáp Dần,khong,khong,khong,khong,khong,khong,0,tinh-toan,
2033-07-03,2033-07-03,7,6,khong,Ất Mão,co,khong,khong,khong,khong,khong,1,tinh-toan,
2033-07-04,2033-07-04,8,6,khong,Bính Thìn,khong,khong,khong,co,khong,khong,1,tinh-toan,
2033-07-05,2033-07-05,9,6,khong,Đinh Tỵ,khong,khong,khong,khong,khong,khong,0,tinh-toan,
2033-07-06,2033-07-06,10,6,khong,Mậu Ngọ,khong,khong,khong,khong,khong,co,0,tinh-toan,
2033-07-07,2033-07-07,11,6,khong,Kỷ Mùi,khong,khong,khong,khong,khong,khong,0,tinh-toan,
2033-07-08,2033-07-08,12,6,khong,Canh Thân,khong,khong,khong,khong,khong,khong,0,tinh-toan,
2033-07-09,2033-07-09,13,6,khong,Tân Dậu,co,khong,khong,khong,khong,khong,1,tinh-toan,
2033-07-10,2033-07-10,14,6,khong,Nhâm Tuất,khong,co,co,khong,khong,khong,2,tinh-toan,
2033-07-11,2033-07-11,15,6,khong,Quý Hợi,khong,khong,khong,khong,khong,khong,0,tinh-toan,
2033-07-12,2033-07-12,16,6,khong,Giáp Tý,khong,khong,khong,khong,khong,khong,0,tinh-toan,
2033-07-13,2033-07-13,17,6,khong,Ất Sửu,khong,khong,khong,khong,khong,khong,0,tinh-toan,
2033-07-14,2033-07-14,18,6,khong,Bính Dần,co,khong,khong,khong,khong,khong,1,tinh-toan,
2033-07-15,2033-07-15,19,6,khong,Đinh Mão,khong,khong,khong,khong,khong,khong,0,tinh-toan,
2033-07-16,2033-07-16,20,6,khong,Mậu Thìn,khong,khong,khong,co,khong,khong,1,tinh-toan,
2033-07-17,2033-07-17,21,6,khong,Kỷ Tỵ,khong,khong,khong,khong,khong,khong,0,tinh-toan,
2033-07-18,2033-07-18,22,6,khong,Canh Ngọ,co,khong,khong,khong,khong,co,1,tinh-toan,
2033-07-19,2033-07-19,23,6,khong,Tân Mùi,khong,co,khong,khong,khong,khong,1,tinh-toan,
2033-07-20,2033-07-20,24,6,khong,Nhâm Thân,khong,khong,khong,khong,khong,khong,0,tinh-toan,
2033-07-21,2033-07-21,25,6,khong,Quý Dậu,khong,khong,khong,khong,khong,khong,0,tinh-toan,
2033-07-22,2033-07-22,26,6,khong,Giáp Tuất,khong,khong,co,khong,khong,khong,1,tinh-toan,
2033-07-23,2033-07-23,27,6,khong,Ất Hợi,co,khong,khong,khong,khong,khong,1,tinh-toan,
2033-07-24,2033-07-24,28,6,khong,Bính Tý,khong,khong,khong,khong,khong,khong,0,tinh-toan,
2033-07-25,2033-07-25,29,6,khong,Đinh Sửu,khong,khong,khong,khong,khong,khong,0,tinh-toan,
2033-07-26,2033-07-26,1,7,khong,Mậu Dần,khong,khong,khong,khong,khong,khong,0,tinh-toan,
2033-07-27,2033-07-27,2,7,khong,Kỷ Mão,khong,khong,khong,khong,khong,khong,0,tinh-toan,
2033-07-28,2033-07-28,3,7,khong,Canh Thìn,co,khong,khong,khong,khong,khong,1,tinh-toan,
2033-07-29,2033-07-29,4,7,khong,Tân Tỵ,khong,khong,khong,khong,khong,khong,0,tinh-toan,
2033-07-30,2033-07-30,5,7,khong,Nhâm Ngọ,khong,co,khong,khong,khong,khong,1,tinh-toan,
2033-07-31,2033-07-31,6,7,khong,Quý Mùi,khong,khong,khong,khong,khong,khong,0,tinh-toan,
2033-08-01,2033-08-01,7,7,khong,Giáp Thân,co,khong,khong,khong,khong,khong,1,tinh-toan,
2033-08-02,2033-08-02,8,7,khong,Ất Dậu,khong,khong,khong,khong,khong,khong,0,tinh-toan,
2033-08-03,2033-08-03,9,7,khong,Bính Tuất,khong,khong,khong,khong,khong,khong,0,tinh-toan,
2033-08-04,2033-08-04,10,7,khong,Đinh Hợi,khong,khong,co,khong,khong,khong,1,tinh-toan,
2033-08-05,2033-08-05,11,7,khong,Mậu Tý,khong,khong,khong,khong,khong,khong,0,tinh-toan,
2033-08-06,2033-08-06,12,7,khong,Kỷ Sửu,khong,khong,khong,co,khong,co,1,tinh-toan,
2033-08-07,2033-08-07,13,7,khong,Canh Dần,co,khong,khong,khong,khong,khong,1,tinh-toan,
2033-08-08,2033-08-08,14,7,khong,Tân Mão,khong,co,khong,khong,khong,khong,1,tinh-toan,
2033-08-09,2033-08-09,15,7,khong,Nhâm Thìn,khong,khong,khong,khong,khong,khong,0,tinh-toan,
2033-08-10,2033-08-10,16,7,khong,Quý Tỵ,khong,khong,khong,khong,khong,khong,0,tinh-toan,
2033-08-11,2033-08-11,17,7,khong,Giáp Ngọ,khong,khong,khong,khong,khong,khong,0,tinh-toan,
2033-08-12,2033-08-12,18,7,khong,Ất Mùi,co,khong,khong,khong,khong,khong,1,tinh-toan,
2033-08-13,2033-08-13,19,7,khong,Bính Thân,khong,khong,khong,khong,khong,khong,0,tinh-toan,
2033-08-14,2033-08-14,20,7,khong,Đinh Dậu,khong,khong,khong,khong,khong,khong,0,tinh-toan,
2033-08-15,2033-08-15,21,7,khong,Mậu Tuất,khong,khong,khong,khong,khong,khong,0,tinh-toan,
2033-08-16,2033-08-16,22,7,khong,Kỷ Hợi,co,khong,co,khong,khong,khong,2,tinh-toan,
2033-08-17,2033-08-17,23,7,khong,Canh Tý,khong,co,khong,khong,khong,khong,1,tinh-toan,
2033-08-18,2033-08-18,24,7,khong,Tân Sửu,khong,khong,khong,co,khong,co,1,tinh-toan,
2033-08-19,2033-08-19,25,7,khong,Nhâm Dần,khong,khong,khong,khong,khong,khong,0,tinh-toan,
2033-08-20,2033-08-20,26,7,khong,Quý Mão,khong,khong,khong,khong,khong,khong,0,tinh-toan,
2033-08-21,2033-08-21,27,7,khong,Giáp Thìn,co,khong,khong,khong,khong,khong,1,tinh-toan,
2033-08-22,2033-08-22,28,7,khong,Ất Tỵ,khong,khong,khong,khong,khong,khong,0,tinh-toan,
2033-08-23,2033-08-23,29,7,khong,Bính Ngọ,khong,khong,khong,khong,khong,khong,0,tinh-toan,
2033-08-24,2033-08-24,30,7,khong,Đinh Mùi,khong,khong,khong,khong,khong,khong,0,tinh-toan,
2033-08-25,2033-08-25,1,8,khong,Mậu Thân,khong,khong,khong,khong,khong,khong,0,tinh-toan,
2033-08-26,2033-08-26,2,8,khong,Kỷ Dậu,khong,khong,khong,khong,khong,khong,0,tinh-toan,
2033-08-27,2033-08-27,3,8,khong,Canh Tuất,co,khong,khong,khong,khong,khong,1,tinh-toan,
2033-08-28,2033-08-28,4,8,khong,Tân Hợi,khong,khong,khong,khong,khong,khong,0,tinh-toan,
2033-08-29,2033-08-29,5,8,khong,Nhâm Tý,khong,co,khong,khong,khong,khong,1,tinh-toan,
2033-08-30,2033-08-30,6,8,khong,Quý Sửu,khong,khong,co,khong,khong,khong,1,tinh-toan,
2033-08-31,2033-08-31,7,8,khong,Giáp Dần,co,khong,khong,khong,khong,khong,1,tinh-toan,
2033-09-01,2033-09-01,8,8,khong,Ất Mão,khong,khong,khong,khong,khong,khong,0,tinh-toan,
2033-09-02,2033-09-02,9,8,khong,Bính Thìn,khong,khong,khong,co,khong,khong,1,tinh-toan,
2033-09-03,2033-09-03,10,8,khong,Đinh Tỵ,khong,khong,khong,khong,khong,khong,0,tinh-toan,
2033-09-04,2033-09-04,11,8,khong,Mậu Ngọ,khong,khong,khong,khong,khong,khong,0,tinh-toan,
2033-09-05,2033-09-05,12,8,khong,Kỷ Mùi,khong,khong,khong,khong,khong,co,0,tinh-toan,
2033-09-06,2033-09-06,13,8,khong,Canh Thân,co,khong,khong,khong,khong,khong,1,tinh-toan,
2033-09-07,2033-09-07,14,8,khong,Tân Dậu,khong,co,khong,khong,khong,khong,1,tinh-toan,
2033-09-08,2033-09-08,15,8,khong,Nhâm Tuất,khong,khong,khong,khong,khong,khong,0,tinh-toan,
2033-09-09,2033-09-09,16,8,khong,Quý Hợi,khong,khong,khong,khong,khong,khong,0,tinh-toan,
2033-09-10,2033-09-10,17,8,khong,Giáp Tý,khong,khong,khong,khong,khong,khong,0,tinh-toan,
2033-09-11,2033-09-11,18,8,khong,Ất Sửu,co,khong,co,khong,khong,khong,2,tinh-toan,
2033-09-12,2033-09-12,19,8,khong,Bính Dần,khong,khong,khong,khong,khong,khong,0,tinh-toan,
2033-09-13,2033-09-13,20,8,khong,Đinh Mão,khong,khong,khong,khong,khong,khong,0,tinh-toan,
2033-09-14,2033-09-14,21,8,khong,Mậu Thìn,khong,khong,khong,co,khong,khong,1,tinh-toan,
2033-09-15,2033-09-15,22,8,khong,Kỷ Tỵ,co,khong,khong,khong,khong,khong,1,tinh-toan,
2033-09-16,2033-09-16,23,8,khong,Canh Ngọ,khong,co,khong,khong,khong,khong,1,tinh-toan,
2033-09-17,2033-09-17,24,8,khong,Tân Mùi,khong,khong,khong,khong,khong,co,0,tinh-toan,
2033-09-18,2033-09-18,25,8,khong,Nhâm Thân,khong,khong,khong,khong,khong,khong,0,tinh-toan,
2033-09-19,2033-09-19,26,8,khong,Quý Dậu,khong,khong,khong,khong,khong,khong,0,tinh-toan,
2033-09-20,2033-09-20,27,8,khong,Giáp Tuất,co,khong,khong,khong,khong,khong,1,tinh-toan,
2033-09-21,2033-09-21,28,8,khong,Ất Hợi,khong,khong,khong,khong,khong,khong,0,tinh-toan,
2033-09-22,2033-09-22,29,8,khong,Bính Tý,khong,khong,khong,khong,khong,khong,0,tinh-toan,
2033-09-23,2033-09-23,1,9,khong,Đinh Sửu,khong,khong,khong,co,khong,khong,1,tinh-toan,
2033-09-24,2033-09-24,2,9,khong,Mậu Dần,khong,khong,khong,khong,khong,co,0,tinh-toan,
2033-09-25,2033-09-25,3,9,khong,Kỷ Mão,co,khong,khong,khong,khong,khong,1,tinh-toan,
2033-09-26,2033-09-26,4,9,khong,Canh Thìn,khong,khong,khong,khong,khong,khong,0,tinh-toan,
2033-09-27,2033-09-27,5,9,khong,Tân Tỵ,khong,co,khong,khong,khong,khong,1,tinh-toan,
2033-09-28,2033-09-28,6,9,khong,Nhâm Ngọ,khong,khong,co,khong,khong,khong,1,tinh-toan,
2033-09-29,2033-09-29,7,9,khong,Quý Mùi,co,khong,khong,khong,khong,khong,1,tinh-toan,
2033-09-30,2033-09-30,8,9,khong,Giáp Thân,khong,khong,khong,khong,khong,khong,0,tinh-toan,
2033-10-01,2033-10-01,9,9,khong,Ất Dậu,khong,khong,khong,khong,khong,khong,0,tinh-toan,
2033-10-02,2033-10-02,10,9,khong,Bính Tuất,khong,khong,khong,khong,khong,khong,0,tinh-toan,
2033-10-03,2033-10-03,11,9,khong,Đinh Hợi,khong,khong,khong,khong,khong,khong,0,tinh-toan,
2033-10-04,2033-10-04,12,9,khong,Mậu Tý,khong,khong,khong,khong,khong,khong,0,tinh-toan,
2033-10-05,2033-10-05,13,9,khong,Kỷ Sửu,co,khong,khong,co,khong,khong,2,tinh-toan,
2033-10-06,2033-10-06,14,9,khong,Canh Dần,khong,co,khong,khong,khong,co,1,tinh-toan,
2033-10-07,2033-10-07,15,9,khong,Tân Mão,khong,khong,khong,khong,khong,khong,0,tinh-toan,
2033-10-08,2033-10-08,16,9,khong,Nhâm Thìn,khong,khong,khong,khong,khong,khong,0,tinh-toan,
2033-10-09,2033-10-09,17,9,khong,Quý Tỵ,khong,khong,khong,khong,khong,khong,0,tinh-toan,
2033-10-10,2033-10-10,18,9,khong,Giáp Ngọ,co,khong,co,khong,khong,khong,2,tinh-toan,
2033-10-11,2033-10-11,19,9,khong,Ất Mùi,khong,khong,khong,khong,khong,khong,0,tinh-toan,
2033-10-12,2033-10-12,20,9,khong,Bính Thân,khong,khong,khong,khong,khong,khong,0,tinh-toan,
2033-10-13,2033-10-13,21,9,khong,Đinh Dậu,khong,khong,khong,khong,khong,khong,0,tinh-toan,
2033-10-14,2033-10-14,22,9,khong,Mậu Tuất,co,khong,khong,khong,khong,khong,1,tinh-toan,
2033-10-15,2033-10-15,23,9,khong,Kỷ Hợi,khong,co,khong,khong,khong,khong,1,tinh-toan,
2033-10-16,2033-10-16,24,9,khong,Canh Tý,khong,khong,khong,khong,khong,khong,0,tinh-toan,
2033-10-17,2033-10-17,25,9,khong,Tân Sửu,khong,khong,khong,co,khong,khong,1,tinh-toan,
2033-10-18,2033-10-18,26,9,khong,Nhâm Dần,khong,khong,khong,khong,khong,co,0,tinh-toan,
2033-10-19,2033-10-19,27,9,khong,Quý Mão,co,khong,khong,khong,khong,khong,1,tinh-toan,
2033-10-20,2033-10-20,28,9,khong,Giáp Thìn,khong,khong,khong,khong,khong,khong,0,tinh-toan,
2033-10-21,2033-10-21,29,9,khong,Ất Tỵ,khong,khong,khong,khong,khong,khong,0,tinh-toan,
2033-10-22,2033-10-22,30,9,khong,Bính Ngọ,khong,khong,co,khong,khong,khong,1,tinh-toan,
2033-10-23,2033-10-23,1,10,khong,Đinh Mùi,khong,khong,khong,khong,khong,khong,0,tinh-toan,
2033-10-24,2033-10-24,2,10,khong,Mậu Thân,khong,khong,khong,khong,co,co,1,tinh-toan,
2033-10-25,2033-10-25,3,10,khong,Kỷ Dậu,co,khong,co,khong,khong,khong,2,tinh-toan,
2033-10-26,2033-10-26,4,10,khong,Canh Tuất,khong,khong,khong,khong,khong,khong,0,tinh-toan,
2033-10-27,2033-10-27,5,10,khong,Tân Hợi,khong,co,khong,khong,khong,khong,1,tinh-toan,
2033-10-28,2033-10-28,6,10,khong,Nhâm Tý,khong,khong,khong,khong,khong,khong,0,tinh-toan,
2033-10-29,2033-10-29,7,10,khong,Quý Sửu,co,khong,khong,khong,khong,khong,1,tinh-toan,
2033-10-30,2033-10-30,8,10,khong,Giáp Dần,khong,khong,khong,khong,khong,khong,0,tinh-toan,
2033-10-31,2033-10-31,9,10,khong,Ất Mão,khong,khong,khong,khong,khong,khong,0,tinh-toan,
2033-11-01,2033-11-01,10,10,khong,Bính Thìn,khong,khong,khong,co,khong,khong,1,tinh-toan,
2033-11-02,2033-11-02,11,10,khong,Đinh Tỵ,khong,khong,khong,khong,khong,khong,0,tinh-toan,
2033-11-03,2033-11-03,12,10,khong,Mậu Ngọ,khong,khong,khong,khong,khong,khong,0,tinh-toan,
2033-11-04,2033-11-04,13,10,khong,Kỷ Mùi,co,khong,khong,khong,khong,khong,1,tinh-toan,
2033-11-05,2033-11-05,14,10,khong,Canh Thân,khong,co,khong,khong,khong,co,1,tinh-toan,
2033-11-06,2033-11-06,15,10,khong,Tân Dậu,khong,khong,co,khong,khong,khong,1,tinh-toan,
2033-11-07,2033-11-07,16,10,khong,Nhâm Tuất,khong,khong,khong,khong,khong,khong,0,tinh-toan,
2033-11-08,2033-11-08,17,10,khong,Quý Hợi,khong,khong,khong,khong,khong,khong,0,tinh-toan,
2033-11-09,2033-11-09,18,10,khong,Giáp Tý,co,khong,khong,khong,khong,khong,1,tinh-toan,
2033-11-10,2033-11-10,19,10,khong,Ất Sửu,khong,khong,khong,khong,khong,khong,0,tinh-toan,
2033-11-11,2033-11-11,20,10,khong,Bính Dần,khong,khong,khong,khong,khong,khong,0,tinh-toan,
2033-11-12,2033-11-12,21,10,khong,Đinh Mão,khong,khong,khong,khong,khong,khong,0,tinh-toan,
2033-11-13,2033-11-13,22,10,khong,Mậu Thìn,co,khong,khong,co,khong,khong,2,tinh-toan,
2033-11-14,2033-11-14,23,10,khong,Kỷ Tỵ,khong,co,khong,khong,khong,khong,1,tinh-toan,
2033-11-15,2033-11-15,24,10,khong,Canh Ngọ,khong,khong,khong,khong,khong,khong,0,tinh-toan,
2033-11-16,2033-11-16,25,10,khong,Tân Mùi,khong,khong,khong,khong,khong,khong,0,tinh-toan,
2033-11-17,2033-11-17,26,10,khong,Nhâm Thân,khong,khong,khong,khong,khong,co,0,tinh-toan,
2033-11-18,2033-11-18,27,10,khong,Quý Dậu,co,khong,co,khong,khong,khong,2,tinh-toan,
2033-11-19,2033-11-19,28,10,khong,Giáp Tuất,khong,khong,khong,khong,khong,khong,0,tinh-toan,
2033-11-20,2033-11-20,29,10,khong,Ất Hợi,khong,khong,khong,khong,khong,khong,0,tinh-toan,
2033-11-21,2033-11-21,30,10,khong,Bính Tý,khong,khong,khong,khong,khong,khong,0,tinh-toan,
2033-11-22,2033-11-22,1,11,khong,Đinh Sửu,khong,khong,khong,khong,khong,khong,0,tinh-toan,
2033-11-23,2033-11-23,2,11,khong,Mậu Dần,khong,khong,co,khong,khong,khong,1,tinh-toan,
2033-11-24,2033-11-24,3,11,khong,Kỷ Mão,co,khong,khong,khong,khong,co,1,tinh-toan,
2033-11-25,2033-11-25,4,11,khong,Canh Thìn,khong,khong,khong,khong,khong,khong,0,tinh-toan,
2033-11-26,2033-11-26,5,11,khong,Tân Tỵ,khong,co,khong,khong,khong,khong,1,tinh-toan,
2033-11-27,2033-11-27,6,11,khong,Nhâm Ngọ,khong,khong,khong,khong,khong,khong,0,tinh-toan,
2033-11-28,2033-11-28,7,11,khong,Quý Mùi,co,khong,khong,co,khong,khong,2,tinh-toan,
2033-11-29,2033-11-29,8,11,khong,Giáp Thân,khong,khong,khong,khong,khong,khong,0,tinh-toan,
2033-11-30,2033-11-30,9,11,khong,Ất Dậu,khong,khong,khong,khong,khong,khong,0,tinh-toan,
2033-12-01,2033-12-01,10,11,khong,Bính Tuất,khong,khong,khong,khong,khong,khong,0,tinh-toan,
2033-12-02,2033-12-02,11,11,khong,Đinh Hợi,khong,khong,khong,khong,khong,khong,0,tinh-toan,
2033-12-03,2033-12-03,12,11,khong,Mậu Tý,khong,khong,khong,khong,khong,khong,0,tinh-toan,
2033-12-04,2033-12-04,13,11,khong,Kỷ Sửu,co,khong,khong,khong,khong,khong,1,tinh-toan,
2033-12-05,2033-12-05,14,11,khong,Canh Dần,khong,co,co,khong,khong,khong,2,tinh-toan,
2033-12-06,2033-12-06,15,11,khong,Tân Mão,khong,khong,khong,khong,co,co,1,tinh-toan,
2033-12-07,2033-12-07,16,11,khong,Nhâm Thìn,khong,khong,khong,khong,khong,khong,0,tinh-toan,
2033-12-08,2033-12-08,17,11,khong,Quý Tỵ,khong,khong,khong,khong,khong,khong,0,tinh-toan,
2033-12-09,2033-12-09,18,11,khong,Giáp Ngọ,co,khong,khong,khong,khong,khong,1,tinh-toan,
2033-12-10,2033-12-10,19,11,khong,Ất Mùi,khong,khong,khong,co,khong,khong,1,tinh-toan,
2033-12-11,2033-12-11,20,11,khong,Bính Thân,khong,khong,khong,khong,khong,khong,0,tinh-toan,
2033-12-12,2033-12-12,21,11,khong,Đinh Dậu,khong,khong,khong,khong,khong,khong,0,tinh-toan,
2033-12-13,2033-12-13,22,11,khong,Mậu Tuất,co,khong,khong,khong,khong,khong,1,tinh-toan,
2033-12-14,2033-12-14,23,11,khong,Kỷ Hợi,khong,co,khong,khong,khong,khong,1,tinh-toan,
2033-12-15,2033-12-15,24,11,khong,Canh Tý,khong,khong,khong,khong,khong,khong,0,tinh-toan,
2033-12-16,2033-12-16,25,11,khong,Tân Sửu,khong,khong,khong,khong,khong,khong,0,tinh-toan,
2033-12-17,2033-12-17,26,11,khong,Nhâm Dần,khong,khong,co,khong,khong,khong,1,tinh-toan,
2033-12-18,2033-12-18,27,11,khong,Quý Mão,co,khong,khong,khong,khong,co,1,tinh-toan,
2033-12-19,2033-12-19,28,11,khong,Giáp Thìn,khong,khong,khong,khong,khong,khong,0,tinh-toan,
2033-12-20,2033-12-20,29,11,khong,Ất Tỵ,khong,khong,khong,khong,khong,khong,0,tinh-toan,
2033-12-21,2033-12-21,30,11,khong,Bính Ngọ,khong,khong,khong,khong,khong,khong,0,tinh-toan,
2033-12-22,2033-12-22,1,11,co,Đinh Mùi,khong,khong,khong,co,khong,khong,1,tinh-toan,Tháng nhuận dùng chung bảng với tháng chính; vài phái xét theo tháng trước đó
2033-12-23,2033-12-23,2,11,co,Mậu Thân,khong,khong,khong,khong,khong,khong,0,tinh-toan,Tháng nhuận dùng chung bảng với tháng chính; vài phái xét theo tháng trước đó
2033-12-24,2033-12-24,3,11,co,Kỷ Dậu,co,khong,khong,khong,khong,khong,1,tinh-toan,Tháng nhuận dùng chung bảng với tháng chính; vài phái xét theo tháng trước đó
2033-12-25,2033-12-25,4,11,co,Canh Tuất,khong,khong,khong,khong,khong,khong,0,tinh-toan,Tháng nhuận dùng chung bảng với tháng chính; vài phái xét theo tháng trước đó
2033-12-26,2033-12-26,5,11,co,Tân Hợi,khong,co,khong,khong,khong,khong,1,tinh-toan,Tháng nhuận dùng chung bảng với tháng chính; vài phái xét theo tháng trước đó
2033-12-27,2033-12-27,6,11,co,Nhâm Tý,khong,khong,khong,khong,khong,khong,0,tinh-toan,Tháng nhuận dùng chung bảng với tháng chính; vài phái xét theo tháng trước đó
2033-12-28,2033-12-28,7,11,co,Quý Sửu,co,khong,khong,khong,khong,khong,1,tinh-toan,Tháng nhuận dùng chung bảng với tháng chính; vài phái xét theo tháng trước đó
2033-12-29,2033-12-29,8,11,co,Giáp Dần,khong,khong,co,khong,khong,khong,1,tinh-toan,Tháng nhuận dùng chung bảng với tháng chính; vài phái xét theo tháng trước đó
2033-12-30,2033-12-30,9,11,co,Ất Mão,khong,khong,khong,khong,khong,co,0,tinh-toan,Tháng nhuận dùng chung bảng với tháng chính; vài phái xét theo tháng trước đó
2033-12-31,2033-12-31,10,11,co,Bính Thìn,khong,khong,khong,khong,khong,khong,0,tinh-toan,Tháng nhuận dùng chung bảng với tháng chính; vài phái xét theo tháng trước đó
2034-01-01,2034-01-01,11,11,co,Đinh Tỵ,khong,khong,khong,khong,khong,khong,0,tinh-toan,Tháng nhuận dùng chung bảng với tháng chính; vài phái xét theo tháng trước đó
2034-01-02,2034-01-02,12,11,co,Mậu Ngọ,khong,khong,khong,khong,khong,khong,0,tinh-toan,Tháng nhuận dùng chung bảng với tháng chính; vài phái xét theo tháng trước đó
2034-01-03,2034-01-03,13,11,co,Kỷ Mùi,co,khong,khong,co,khong,khong,2,tinh-toan,Tháng nhuận dùng chung bảng với tháng chính; vài phái xét theo tháng trước đó
2034-01-04,2034-01-04,14,11,co,Canh Thân,khong,co,khong,khong,khong,khong,1,tinh-toan,Tháng nhuận dùng chung bảng với tháng chính; vài phái xét theo tháng trước đó
2034-01-05,2034-01-05,15,11,co,Tân Dậu,khong,khong,khong,khong,khong,khong,0,tinh-toan,Tháng nhuận dùng chung bảng với tháng chính; vài phái xét theo tháng trước đó
2034-01-06,2034-01-06,16,11,co,Nhâm Tuất,khong,khong,khong,khong,khong,khong,0,tinh-toan,Tháng nhuận dùng chung bảng với tháng chính; vài phái xét theo tháng trước đó
2034-01-07,2034-01-07,17,11,co,Quý Hợi,khong,khong,khong,khong,khong,khong,0,tinh-toan,Tháng nhuận dùng chung bảng với tháng chính; vài phái xét theo tháng trước đó
2034-01-08,2034-01-08,18,11,co,Giáp Tý,co,khong,khong,khong,khong,khong,1,tinh-toan,Tháng nhuận dùng chung bảng với tháng chính; vài phái xét theo tháng trước đó
2034-01-09,2034-01-09,19,11,co,Ất Sửu,khong,khong,khong,khong,khong,khong,0,tinh-toan,Tháng nhuận dùng chung bảng với tháng chính; vài phái xét theo tháng trước đó
2034-01-10,2034-01-10,20,11,co,Bính Dần,khong,khong,co,khong,khong,khong,1,tinh-toan,Tháng nhuận dùng chung bảng với tháng chính; vài phái xét theo tháng trước đó
2034-01-11,2034-01-11,21,11,co,Đinh Mão,khong,khong,khong,khong,khong,co,0,tinh-toan,Tháng nhuận dùng chung bảng với tháng chính; vài phái xét theo tháng trước đó
2034-01-12,2034-01-12,22,11,co,Mậu Thìn,co,khong,khong,khong,khong,khong,1,tinh-toan,Tháng nhuận dùng chung bảng với tháng chính; vài phái xét theo tháng trước đó
2034-01-13,2034-01-13,23,11,co,Kỷ Tỵ,khong,co,khong,khong,khong,khong,1,tinh-toan,Tháng nhuận dùng chung bảng với tháng chính; vài phái xét theo tháng trước đó
2034-01-14,2034-01-14,24,11,co,Canh Ngọ,khong,khong,khong,khong,khong,khong,0,tinh-toan,Tháng nhuận dùng chung bảng với tháng chính; vài phái xét theo tháng trước đó
2034-01-15,2034-01-15,25,11,co,Tân Mùi,khong,khong,khong,co,khong,khong,1,tinh-toan,Tháng nhuận dùng chung bảng với tháng chính; vài phái xét theo tháng trước đó
2034-01-16,2034-01-16,26,11,co,Nhâm Thân,khong,khong,khong,khong,khong,khong,0,tinh-toan,Tháng nhuận dùng chung bảng với tháng chính; vài phái xét theo tháng trước đó
2034-01-17,2034-01-17,27,11,co,Quý Dậu,co,khong,khong,khong,khong,khong,1,tinh-toan,Tháng nhuận dùng chung bảng với tháng chính; vài phái xét theo tháng trước đó
2034-01-18,2034-01-18,28,11,co,Giáp Tuất,khong,khong,khong,khong,khong,khong,0,tinh-toan,Tháng nhuận dùng chung bảng với tháng chính; vài phái xét theo tháng trước đó
2034-01-19,2034-01-19,29,11,co,Ất Hợi,khong,khong,khong,khong,khong,khong,0,tinh-toan,Tháng nhuận dùng chung bảng với tháng chính; vài phái xét theo tháng trước đó
2034-01-20,2034-01-20,1,12,khong,Bính Tý,khong,khong,khong,khong,khong,khong,0,tinh-toan,
2034-01-21,2034-01-21,2,12,khong,Đinh Sửu,khong,khong,khong,khong,khong,khong,0,tinh-toan,
2034-01-22,2034-01-22,3,12,khong,Mậu Dần,co,khong,khong,khong,khong,khong,1,tinh-toan,
2034-01-23,2034-01-23,4,12,khong,Kỷ Mão,khong,khong,khong,khong,khong,khong,0,tinh-toan,
2034-01-24,2034-01-24,5,12,khong,Canh Thìn,khong,co,co,co,khong,khong,2,tinh-toan,
2034-01-25,2034-01-25,6,12,khong,Tân Tỵ,khong,khong,khong,khong,khong,khong,0,tinh-toan,
2034-01-26,2034-01-26,7,12,khong,Nhâm Ngọ,co,khong,khong,khong,khong,khong,1,tinh-toan,
2034-01-27,2034-01-27,8,12,khong,Quý Mùi,khong,khong,khong,khong,khong,khong,0,tinh-toan,
2034-01-28,2034-01-28,9,12,khong,Giáp Thân,khong,khong,khong,khong,khong,khong,0,tinh-toan,
2034-01-29,2034-01-29,10,12,khong,Ất Dậu,khong,khong,khong,khong,khong,co,0,tinh-toan,
2034-01-30,2034-01-30,11,12,khong,Bính Tuất,khong,khong,khong,khong,khong,khong,0,tinh-toan,
2034-01-31,2034-01-31,12,12,khong,Đinh Hợi,khong,khong,khong,khong,khong,khong,0,tinh-toan,
2034-02-01,2034-02-01,13,12,khong,Mậu Tý,co,khong,khong,khong,khong,khong,1,tinh-toan,
2034-02-02,2034-02-02,14,12,khong,Kỷ Sửu,khong,co,khong,khong,khong,khong,1,tinh-toan,
2034-02-03,2034-02-03,15,12,khong,Canh Dần,khong,khong,khong,khong,khong,khong,0,tinh-toan,
2034-02-04,2034-02-04,16,12,khong,Tân Mão,khong,khong,khong,khong,khong,khong,0,tinh-toan,
2034-02-05,2034-02-05,17,12,khong,Nhâm Thìn,khong,khong,co,co,khong,khong,1,tinh-toan,
2034-02-06,2034-02-06,18,12,khong,Quý Tỵ,co,khong,khong,khong,khong,khong,1,tinh-toan,
2034-02-07,2034-02-07,19,12,khong,Giáp Ngọ,khong,khong,khong,khong,khong,khong,0,tinh-toan,
2034-02-08,2034-02-08,20,12,khong,Ất Mùi,khong,khong,khong,khong,khong,khong,0,tinh-toan,
2034-02-09,2034-02-09,21,12,khong,Bính Thân,khong,khong,khong,khong,khong,khong,0,tinh-toan,
2034-02-10,2034-02-10,22,12,khong,Đinh Dậu,co,khong,khong,khong,khong,co,1,tinh-toan,
2034-02-11,2034-02-11,23,12,khong,Mậu Tuất,khong,co,khong,khong,khong,khong,1,tinh-toan,
2034-02-12,2034-02-12,24,12,khong,Kỷ Hợi,khong,khong,khong,khong,khong,khong,0,tinh-toan,
2034-02-13,2034-02-13,25,12,khong,Canh Tý,khong,khong,khong,khong,khong,khong,0,tinh-toan,
2034-02-14,2034-02-14,26,12,khong,Tân Sửu,khong,khong,khong,khong,khong,khong,0,tinh-toan,
2034-02-15,2034-02-15,27,12,khong,Nhâm Dần,co,khong,khong,khong,khong,khong,1,tinh-toan,
2034-02-16,2034-02-16,28,12,khong,Quý Mão,khong,khong,khong,khong,khong,khong,0,tinh-toan,
2034-02-17,2034-02-17,29,12,khong,Giáp Thìn,khong,khong,co,co,khong,khong,1,tinh-toan,
2034-02-18,2034-02-18,30,12,khong,Ất Tỵ,khong,khong,khong,khong,khong,khong,0,tinh-toan,
2034-02-19,2034-02-19,1,1,khong,Bính Ngọ,khong,khong,khong,khong,khong,khong,0,tinh-toan,
2034-02-20,2034-02-20,2,1,khong,Đinh Mùi,khong,khong,khong,khong,khong,khong,0,tinh-toan,
2034-02-21,2034-02-21,3,1,khong,Mậu Thân,co,khong,khong,khong,khong,khong,1,tinh-toan,
2034-02-22,2034-02-22,4,1,khong,Kỷ Dậu,khong,khong,khong,khong,khong,khong,0,tinh-toan,
2034-02-23,2034-02-23,5,1,khong,Canh Tuất,khong,co,khong,khong,khong,co,1,tinh-toan,
2034-02-24,2034-02-24,6,1,khong,Tân Hợi,khong,khong,khong,khong,khong,khong,0,tinh-toan,
2034-02-25,2034-02-25,7,1,khong,Nhâm Tý,co,khong,khong,co,khong,khong,2,tinh-toan,
2034-02-26,2034-02-26,8,1,khong,Quý Sửu,khong,khong,khong,khong,khong,khong,0,tinh-toan,
2034-02-27,2034-02-27,9,1,khong,Giáp Dần,khong,khong,khong,khong,khong,khong,0,tinh-toan,
2034-02-28,2034-02-28,10,1,khong,Ất Mão,khong,khong,khong,khong,khong,khong,0,tinh-toan,
2034-03-01,2034-03-01,11,1,khong,Bính Thìn,khong,khong,khong,khong,khong,khong,0,tinh-toan,
2034-03-02,2034-03-02,12,1,khong,Đinh Tỵ,khong,khong,co,khong,khong,khong,1,tinh-toan,
2034-03-03,2034-03-03,13,1,khong,Mậu Ngọ,co,khong,khong,khong,khong,khong,1,tinh-toan,
2034-03-04,2034-03-04,14,1,khong,Kỷ Mùi,khong,co,khong,khong,khong,khong,1,tinh-toan,
2034-03-05,2034-03-05,15,1,khong,Canh Thân,khong,khong,khong,khong,khong,khong,0,tinh-toan,
2034-03-06,2034-03-06,16,1,khong,Tân Dậu,khong,khong,khong,khong,khong,khong,0,tinh-toan,
2034-03-07,2034-03-07,17,1,khong,Nhâm Tuất,khong,khong,khong,khong,khong,co,0,tinh-toan,
2034-03-08,2034-03-08,18,1,khong,Quý Hợi,co,khong,khong,khong,khong,khong,1,tinh-toan,
2034-03-09,2034-03-09,19,1,khong,Giáp Tý,khong,khong,khong,co,khong,khong,1,tinh-toan,
2034-03-10,2034-03-10,20,1,khong,Ất Sửu,khong,khong,khong,khong,khong,khong,0,tinh-toan,
2034-03-11,2034-03-11,21,1,khong,Bính Dần,khong,khong,khong,khong,khong,khong,0,tinh-toan,
2034-03-12,2034-03-12,22,1,khong,Đinh Mão,co,khong,khong,khong,khong,khong,1,tinh-toan,
2034-03-13,2034-03-13,23,1,khong,Mậu Thìn,khong,co,khong,khong,khong,khong,1,tinh-toan,
2034-03-14,2034-03-14,24,1,khong,Kỷ Tỵ,khong,khong,co,khong,khong,khong,1,tinh-toan,
2034-03-15,2034-03-15,25,1,khong,Canh Ngọ,khong,khong,khong,khong,khong,khong,0,tinh-toan,
2034-03-16,2034-03-16,26,1,khong,Tân Mùi,khong,khong,khong,khong,khong,khong,0,tinh-toan,
2034-03-17,2034-03-17,27,1,khong,Nhâm Thân,co,khong,khong,khong,khong,khong,1,tinh-toan,
2034-03-18,2034-03-18,28,1,khong,Quý Dậu,khong,khong,khong,khong,khong,khong,0,tinh-toan,
2034-03-19,2034-03-19,29,1,khong,Giáp Tuất,khong,khong,khong,khong,khong,co,0,tinh-toan,
2034-03-20,2034-03-20,1,2,khong,Ất Hợi,khong,khong,khong,khong,khong,khong,0,tinh-toan,
2034-03-21,2034-03-21,2,2,khong,Bính Tý,khong,khong,co,khong,khong,khong,1,tinh-toan,
2034-03-22,2034-03-22,3,2,khong,Đinh Sửu,co,khong,khong,co,khong,khong,2,tinh-toan,
2034-03-23,2034-03-23,4,2,khong,Mậu Dần,khong,khong,khong,khong,khong,khong,0,tinh-toan,
2034-03-24,2034-03-24,5,2,khong,Kỷ Mão,khong,co,khong,khong,khong,khong,1,tinh-toan,
2034-03-25,2034-03-25,6,2,khong,Canh Thìn,khong,khong,khong,khong,khong,co,0,tinh-toan,
2034-03-26,2034-03-26,7,2,khong,Tân Tỵ,co,khong,khong,khong,khong,khong,1,tinh-toan,
2034-03-27,2034-03-27,8,2,khong,Nhâm Ngọ,khong,khong,khong,khong,khong,khong,0,tinh-toan,
2034-03-28,2034-03-28,9,2,khong,Quý Mùi,khong,khong,khong,khong,khong,khong,0,tinh-toan,
2034-03-29,2034-03-29,10,2,khong,Giáp Thân,khong,khong,khong,khong,khong,khong,0,tinh-toan,
2034-03-30,2034-03-30,11,2,khong,Ất Dậu,khong,khong,khong,khong,khong,khong,0,tinh-toan,
2034-03-31,2034-03-31,12,2,khong,Bính Tuất,khong,khong,khong,khong,khong,khong,0,tinh-toan,
2034-04-01,2034-04-01,13,2,khong,Đinh Hợi,co,khong,khong,khong,khong,khong,1,tinh-toan,
2034-04-02,2034-04-02,14,2,khong,Mậu Tý,khong,co,co,khong,khong,khong,2,tinh-toan,
2034-04-03,2034-04-03,15,2,khong,Kỷ Sửu,khong,khong,khong,co,khong,khong,1,tinh-toan,
2034-04-04,2034-04-04,16,2,khong,Canh Dần,khong,khong,khong,khong,khong,khong,0,tinh-toan,
2034-04-05,2034-04-05,17,2,khong,Tân Mão,khong,khong,khong,khong,khong,khong,0,tinh-toan,
2034-04-06,2034-04-06,18,2,khong,Nhâm Thìn,co,khong,khong,khong,co,co,2,tinh-toan,
2034-04-07,2034-04-07,19,2,khong,Quý Tỵ,khong,khong,khong,khong,khong,khong,0,tinh-toan,
2034-04-08,2034-04-08,20,2,khong,Giáp Ngọ,khong,khong,khong,khong,khong,khong,0,tinh-toan,
2034-04-09,2034-04-09,21,2,khong,Ất Mùi,khong,khong,khong,khong,khong,khong,0,tinh-toan,
2034-04-10,2034-04-10,22,2,khong,Bính Thân,co,khong,khong,khong,khong,khong,1,tinh-toan,
2034-04-11,2034-04-11,23,2,khong,Đinh Dậu,khong,co,khong,khong,khong,khong,1,tinh-toan,
2034-04-12,2034-04-12,24,2,khong,Mậu Tuất,khong,khong,khong,khong,khong,khong,0,tinh-toan,
2034-04-13,2034-04-13,25,2,khong,Kỷ Hợi,khong,khong,khong,khong,khong,khong,0,tinh-toan,
2034-04-14,2034-04-14,26,2,khong,Canh Tý,khong,khong,co,khong,khong,khong,1,tinh-toan,
2034-04-15,2034-04-15,27,2,khong,Tân Sửu,co,khong,khong,co,khong,khong,2,tinh-toan,
2034-04-16,2034-04-16,28,2,khong,Nhâm Dần,khong,khong,khong,khong,khong,khong,0,tinh-toan,
2034-04-17,2034-04-17,29,2,khong,Quý Mão,khong,khong,khong,khong,khong,khong,0,tinh-toan,
2034-04-18,2034-04-18,30,2,khong,Giáp Thìn,khong,khong,khong,khong,khong,co,0,tinh-toan,
2034-04-19,2034-04-19,1,3,khong,Ất Tỵ,khong,khong,khong,khong,khong,khong,0,tinh-toan,
2034-04-20,2034-04-20,2,3,khong,Bính Ngọ,khong,khong,khong,khong,khong,khong,0,tinh-toan,
2034-04-21,2034-04-21,3,3,khong,Đinh Mùi,co,khong,co,khong,khong,khong,2,tinh-toan,
2034-04-22,2034-04-22,4,3,khong,Mậu Thân,khong,khong,khong,khong,khong,khong,0,tinh-toan,
2034-04-23,2034-04-23,5,3,khong,Kỷ Dậu,khong,co,khong,khong,khong,khong,1,tinh-toan,
2034-04-24,2034-04-24,6,3,khong,Canh Tuất,khong,khong,khong,khong,khong,khong,0,tinh-toan,
2034-04-25,2034-04-25,7,3,khong,Tân Hợi,co,khong,khong,khong,co,co,2,tinh-toan,
2034-04-26,2034-04-26,8,3,khong,Nhâm Tý,khong,khong,khong,khong,khong,khong,0,tinh-toan,
2034-04-27,2034-04-27,9,3,khong,Quý Sửu,khong,khong,khong,co,khong,khong,1,tinh-toan,
2034-04-28,2034-04-28,10,3,khong,Giáp Dần,khong,khong,khong,khong,khong,khong,0,tinh-toan,
2034-04-29,2034-04-29,11,3,khong,Ất Mão,khong,khong,khong,khong,khong,khong,0,tinh-toan,
2034-04-30,2034-04-30,12,3,khong,Bính Thìn,khong,khong,khong,khong,khong,khong,0,tinh-toan,
2034-05-01,2034-05-01,13,3,khong,Đinh Tỵ,co,khong,khong,khong,khong,khong,1,tinh-toan,
2034-05-02,2034-05-02,14,3,khong,Mậu Ngọ,khong,co,khong,khong,khong,khong,1,tinh-toan,
2034-05-03,2034-05-03,15,3,khong,Kỷ Mùi,khong,khong,co,khong,khong,khong,1,tinh-toan,
2034-05-04,2034-05-04,16,3,khong,Canh Thân,khong,khong,khong,khong,khong,khong,0,tinh-toan,
2034-05-05,2034-05-05,17,3,khong,Tân Dậu,khong,khong,khong,khong,khong,khong,0,tinh-toan,
2034-05-06,2034-05-06,18,3,khong,Nhâm Tuất,co,khong,khong,khong,khong,khong,1,tinh-toan,
2034-05-07,2034-05-07,19,3,khong,Quý Hợi,khong,khong,khong,khong,khong,co,0,tinh-toan,
2034-05-08,2034-05-08,20,3,khong,Giáp Tý,khong,khong,khong,khong,khong,khong,0,tinh-toan,
2034-05-09,2034-05-09,21,3,khong,Ất Sửu,khong,khong,khong,co,khong,khong,1,tinh-toan,
2034-05-10,2034-05-10,22,3,khong,Bính Dần,co,khong,khong,khong,khong,khong,1,tinh-toan,
2034-05-11,2034-05-11,23,3,khong,Đinh Mão,khong,co,khong,khong,khong,khong,1,tinh-toan,
2034-05-12,2034-05-12,24,3,khong,Mậu Thìn,khong,khong,khong,khong,khong,khong,0,tinh-toan,
2034-05-13,2034-05-13,25,3,khong,Kỷ Tỵ,khong,khong,khong,khong,khong,khong,0,tinh-toan,
2034-05-14,2034-05-14,26,3,khong,Canh Ngọ,khong,khong,khong,khong,khong,khong,0,tinh-toan,
2034-05-15,2034-05-15,27,3,khong,Tân Mùi,co,khong,co,khong,khong,khong,2,tinh-toan,
2034-05-16,2034-05-16,28,3,khong,Nhâm Thân,khong,khong,khong,khong,khong,khong,0,tinh-toan,
2034-05-17,2034-05-17,29,3,khong,Quý Dậu,khong,khong,khong,khong,khong,khong,0,tinh-toan,
2034-05-18,2034-05-18,1,4,khong,Giáp Tuất,khong,khong,khong,co,khong,khong,1,tinh-toan,
2034-05-19,2034-05-19,2,4,khong,Ất Hợi,khong,khong,khong,khong,khong,khong,0,tinh-toan,
2034-05-20,2034-05-20,3,4,khong,Bính Tý,co,khong,khong,khong,khong,khong,1,tinh-toan,
2034-05-21,2034-05-21,4,4,khong,Đinh Sửu,khong,khong,khong,khong,khong,khong,0,tinh-toan,
2034-05-22,2034-05-22,5,4,khong,Mậu Dần,khong,co,khong,khong,khong,khong,1,tinh-toan,
2034-05-23,2034-05-23,6,4,khong,Kỷ Mão,khong,khong,co,khong,khong,khong,1,tinh-toan,
2034-05-24,2034-05-24,7,4,khong,Canh Thìn,co,khong,khong,khong,khong,khong,1,tinh-toan,
2034-05-25,2034-05-25,8,4,khong,Tân Tỵ,khong,khong,khong,khong,khong,co,0,tinh-toan,
2034-05-26,2034-05-26,9,4,khong,Nhâm Ngọ,khong,khong,khong,khong,khong,khong,0,tinh-toan,
2034-05-27,2034-05-27,10,4,khong,Quý Mùi,khong,khong,khong,khong,khong,khong,0,tinh-toan,
2034-05-28,2034-05-28,11,4,khong,Giáp Thân,khong,khong,khong,khong,khong,khong,0,tinh-toan,
2034-05-29,2034-05-29,12,4,khong,Ất Dậu,khong,khong,khong,khong,khong,khong,0,tinh-toan,
2034-05-30,2034-05-30,13,4,khong,Bính Tuất,co,khong,khong,co,khong,khong,2,tinh-toan,
2034-05-31,2034-05-31,14,4,khong,Đinh Hợi,khong,co,khong,khong,khong,khong,1,tinh-toan,
2034-06-01,2034-06-01,15,4,khong,Mậu Tý,khong,khong,khong,khong,khong,khong,0,tinh-toan,
2034-06-02,2034-06-02,16,4,khong,Kỷ Sửu,khong,khong,khong,khong,khong,khong,0,tinh-toan,
2034-06-03,2034-06-03,17,4,khong,Canh Dần,khong,khong,khong,khong,khong,khong,0,tinh-toan,
2034-06-04,2034-06-04,18,4,khong,Tân Mão,co,khong,co,khong,khong,khong,2,tinh-toan,
2034-06-05,2034-06-05,19,4,khong,Nhâm Thìn,khong,khong,khong,khong,khong,khong,0,tinh-toan,
2034-06-06,2034-06-06,20,4,khong,Quý Tỵ,khong,khong,khong,khong,khong,co,0,tinh-toan,
2034-06-07,2034-06-07,21,4,khong,Giáp Ngọ,khong,khong,khong,khong,khong,khong,0,tinh-toan,
2034-06-08,2034-06-08,22,4,khong,Ất Mùi,co,khong,khong,khong,khong,khong,1,tinh-toan,
2034-06-09,2034-06-09,23,4,khong,Bính Thân,khong,co,khong,khong,khong,khong,1,tinh-toan,
2034-06-10,2034-06-10,24,4,khong,Đinh Dậu,khong,khong,khong,khong,khong,khong,0,tinh-toan,
2034-06-11,2034-06-11,25,4,khong,Mậu Tuất,khong,khong,khong,co,khong,khong,1,tinh-toan,
2034-06-12,2034-06-12,26,4,khong,Kỷ Hợi,khong,khong,khong,khong,khong,khong,0,tinh-toan,
2034-06-13,2034-06-13,27,4,khong,Canh Tý,co,khong,khong,khong,khong,khong,1,tinh-toan,
2034-06-14,2034-06-14,28,4,khong,Tân Sửu,khong,khong,khong,khong,khong,khong,0,tinh-toan,
2034-06-15,2034-06-15,29,4,khong,Nhâm Dần,khong,khong,khong,khong,khong,khong,0,tinh-toan,
2034-06-16,2034-06-16,1,5,khong,Quý Mão,khong,khong,khong,khong,khong,khong,0,tinh-toan,
2034-06-17,2034-06-17,2,5,khong,Giáp Thìn,khong,khong,khong,co,khong,khong,1,tinh-toan,
2034-06-18,2034-06-18,3,5,khong,Ất Tỵ,co,khong,khong,khong,khong,khong,1,tinh-toan,
2034-06-19,2034-06-19,4,5,khong,Bính Ngọ,khong,khong,khong,khong,khong,khong,0,tinh-toan,
2034-06-20,2034-06-20,5,5,khong,Đinh Mùi,khong,co,khong,khong,khong,khong,1,tinh-toan,
2034-06-21,2034-06-21,6,5,khong,Mậu Thân,khong,khong,co,khong,khong,khong,1,tinh-toan,
2034-06-22,2034-06-22,7,5,khong,Kỷ Dậu,co,khong,khong,khong,khong,khong,1,tinh-toan,
2034-06-23,2034-06-23,8,5,khong,Canh Tuất,khong,khong,khong,khong,khong,khong,0,tinh-toan,
2034-06-24,2034-06-24,9,5,khong,Tân Hợi,khong,khong,khong,khong,khong,khong,0,tinh-toan,
2034-06-25,2034-06-25,10,5,khong,Nhâm Tý,khong,khong,khong,khong,khong,co,0,tinh-toan,
2034-06-26,2034-06-26,11,5,khong,Quý Sửu,khong,khong,khong,khong,khong,khong,0,tinh-toan,
2034-06-27,2034-06-27,12,5,khong,Giáp Dần,khong,khong,khong,khong,khong,khong,0,tinh-toan,
2034-06-28,2034-06-28,13,5,khong,Ất Mão,co,khong,khong,khong,khong,khong,1,tinh-toan,
2034-06-29,2034-06-29,14,5,khong,Bính Thìn,khong,co,khong,co,khong,khong,2,tinh-toan,
2034-06-30,2034-06-30,15,5,khong,Đinh Tỵ,khong,khong,khong,khong,khong,khong,0,tinh-toan,
2034-07-01,2034-07-01,16,5,khong,Mậu Ngọ,khong,khong,khong,khong,khong,khong,0,tinh-toan,
2034-07-02,2034-07-02,17,5,khong,Kỷ Mùi,khong,khong,khong,khong,khong,khong,0,tinh-toan,
2034-07-03,2034-07-03,18,5,khong,Canh Thân,co,khong,co,khong,khong,khong,2,tinh-toan,
2034-07-04,2034-07-04,19,5,khong,Tân Dậu,khong,khong,khong,khong,khong,khong,0,tinh-toan,
2034-07-05,2034-07-05,20,5,khong,Nhâm Tuất,khong,khong,khong,khong,khong,khong,0,tinh-toan,
2034-07-06,2034-07-06,21,5,khong,Quý Hợi,khong,khong,khong,khong,khong,khong,0,tinh-toan,
2034-07-07,2034-07-07,22,5,khong,Giáp Tý,co,khong,khong,khong,khong,co,1,tinh-toan,
2034-07-08,2034-07-08,23,5,khong,Ất Sửu,khong,co,khong,khong,khong,khong,1,tinh-toan,
2034-07-09,2034-07-09,24,5,khong,Bính Dần,khong,khong,khong,khong,khong,khong,0,tinh-toan,
2034-07-10,2034-07-10,25,5,khong,Đinh Mão,khong,khong,khong,khong,khong,khong,0,tinh-toan,
2034-07-11,2034-07-11,26,5,khong,Mậu Thìn,khong,khong,khong,co,khong,khong,1,tinh-toan,
2034-07-12,2034-07-12,27,5,khong,Kỷ Tỵ,co,khong,khong,khong,khong,khong,1,tinh-toan,
2034-07-13,2034-07-13,28,5,khong,Canh Ngọ,khong,khong,khong,khong,khong,khong,0,tinh-toan,
2034-07-14,2034-07-14,29,5,khong,Tân Mùi,khong,khong,khong,khong,khong,khong,0,tinh-toan,
2034-07-15,2034-07-15,30,5,khong,Nhâm Thân,khong,khong,co,khong,khong,khong,1,tinh-toan,
2034-07-16,2034-07-16,1,6,khong,Quý Dậu,khong,khong,khong,khong,khong,khong,0,tinh-toan,
2034-07-17,2034-07-17,2,6,khong,Giáp Tuất,khong,khong,co,khong,khong,khong,1,tinh-toan,
2034-07-18,2034-07-18,3,6,khong,Ất Hợi,co,khong,khong,khong,khong,khong,1,tinh-toan,
2034-07-19,2034-07-19,4,6,khong,Bính Tý,khong,khong,khong,khong,khong,khong,0,tinh-toan,
2034-07-20,2034-07-20,5,6,khong,Đinh Sửu,khong,co,khong,khong,khong,khong,1,tinh-toan,
2034-07-21,2034-07-21,6,6,khong,Mậu Dần,khong,khong,khong,khong,khong,khong,0,tinh-toan,
2034-07-22,2034-07-22,7,6,khong,Kỷ Mão,co,khong,khong,khong,khong,khong,1,tinh-toan,
2034-07-23,2034-07-23,8,6,khong,Canh Thìn,khong,khong,khong,co,khong,khong,1,tinh-toan,
2034-07-24,2034-07-24,9,6,khong,Tân Tỵ,khong,khong,khong,khong,khong,khong,0,tinh-toan,
2034-07-25,2034-07-25,10,6,khong,Nhâm Ngọ,khong,khong,khong,khong,khong,co,0,tinh-toan,
2034-07-26,2034-07-26,11,6,khong,Quý Mùi,khong,khong,khong,khong,khong,khong,0,tinh-toan,
2034-07-27,2034-07-27,12,6,khong,Giáp Thân,khong,khong,khong,khong,khong,khong,0,tinh-toan,
2034-07-28,2034-07-28,13,6,khong,Ất Dậu,co,khong,khong,khong,khong,khong,1,tinh-toan,
2034-07-29,2034-07-29,14,6,khong,Bính Tuất,khong,co,co,khong,khong,khong,2,tinh-toan,
2034-07-30,2034-07-30,15,6,khong,Đinh Hợi,khong,khong,khong,khong,khong,khong,0,tinh-toan,
2034-07-31,2034-07-31,16,6,khong,Mậu Tý,khong,khong,khong,khong,khong,khong,0,tinh-toan,
2034-08-01,2034-08-01,17,6,khong,Kỷ Sửu,khong,khong,khong,khong,khong,khong,0,tinh-toan,
2034-08-02,2034-08-02,18,6,khong,Canh Dần,co,khong,khong,khong,khong,khong,1,tinh-toan,
2034-08-03,2034-08-03,19,6,khong,Tân Mão,khong,khong,khong,khong,khong,khong,0,tinh-toan,
2034-08-04,2034-08-04,20,6,khong,Nhâm Thìn,khong,khong,khong,co,khong,khong,1,tinh-toan,
2034-08-05,2034-08-05,21,6,khong,Quý Tỵ,khong,khong,khong,khong,khong,khong,0,tinh-toan,
2034-08-06,2034-08-06,22,6,khong,Giáp Ngọ,co,khong,khong,khong,khong,co,1,tinh-toan,
2034-08-07,2034-08-07,23,6,khong,Ất Mùi,khong,co,khong,khong,khong,khong,1,tinh-toan,
2034-08-08,2034-08-08,24,6,khong,Bính Thân,khong,khong,khong,khong,khong,khong,0,tinh-toan,
2034-08-09,2034-08-09,25,6,khong,Đinh Dậu,khong,khong,khong,khong,khong,khong,0,tinh-toan,
2034-08-10,2034-08-10,26,6,khong,Mậu Tuất,khong,khong,co,khong,khong,khong,1,tinh-toan,
2034-08-11,2034-08-11,27,6,khong,Kỷ Hợi,co,khong,khong,khong,khong,khong,1,tinh-toan,
2034-08-12,2034-08-12,28,6,khong,Canh Tý,khong,khong,khong,khong,khong,khong,0,tinh-toan,
2034-08-13,2034-08-13,29,6,khong,Tân Sửu,khong,khong,khong,khong,khong,khong,0,tinh-toan,
2034-08-14,2034-08-14,1,7,khong,Nhâm Dần,khong,khong,khong,khong,khong,khong,0,tinh-toan,
2034-08-15,2034-08-15,2,7,khong,Quý Mão,khong,khong,khong,khong,khong,khong,0,tinh-toan,
2034-08-16,2034-08-16,3,7,khong,Giáp Thìn,co,khong,khong,khong,khong,khong,1,tinh-toan,
2034-08-17,2034-08-17,4,7,khong,Ất Tỵ,khong,khong,khong,khong,khong,khong,0,tinh-toan,
2034-08-18,2034-08-18,5,7,khong,Bính Ngọ,khong,co,khong,khong,khong,khong,1,tinh-toan,
2034-08-19,2034-08-19,6,7,khong,Đinh Mùi,khong,khong,khong,khong,khong,khong,0,tinh-toan,
2034-08-20,2034-08-20,7,7,khong,Mậu Thân,co,khong,khong,khong,khong,khong,1,tinh-toan,
2034-08-21,2034-08-21,8,7,khong,Kỷ Dậu,khong,khong,khong,khong,khong,khong,0,tinh-toan,
2034-08-22,2034-08-22,9,7,khong,Canh Tuất,khong,khong,khong,khong,khong,khong,0,tinh-toan,
2034-08-23,2034-08-23,10,7,khong,Tân Hợi,khong,khong,co,khong,khong,khong,1,tinh-toan,
2034-08-24,2034-08-24,11,7,khong,Nhâm Tý,khong,khong,khong,khong,khong,khong,0,tinh-toan,
2034-08-25,2034-08-25,12,7,khong,Quý Sửu,khong,khong,khong,co,khong,co,1,tinh-toan,
2034-08-26,2034-08-26,13,7,khong,Giáp Dần,co,khong,khong,khong,khong,khong,1,tinh-toan,
2034-08-27,2034-08-27,14,7,khong,Ất Mão,khong,co,khong,khong,khong,khong,1,tinh-toan,
2034-08-28,2034-08-28,15,7,khong,Bính Thìn,khong,khong,khong,khong,khong,khong,0,tinh-toan,
2034-08-29,2034-08-29,16,7,khong,Đinh Tỵ,khong,khong,khong,khong,khong,khong,0,tinh-toan,
2034-08-30,2034-08-30,17,7,khong,Mậu Ngọ,khong,khong,khong,khong,khong,khong,0,tinh-toan,
2034-08-31,2034-08-31,18,7,khong,Kỷ Mùi,co,khong,khong,khong,khong,khong,1,tinh-toan,
2034-09-01,2034-09-01,19,7,khong,Canh Thân,khong,khong,khong,khong,khong,khong,0,tinh-toan,
2034-09-02,2034-09-02,20,7,khong,Tân Dậu,khong,khong,khong,khong,khong,khong,0,tinh-toan,
2034-09-03,2034-09-03,21,7,khong,Nhâm Tuất,khong,khong,khong,khong,khong,khong,0,tinh-toan,
2034-09-04,2034-09-04,22,7,khong,Quý Hợi,co,khong,co,khong,khong,khong,2,tinh-toan,
2034-09-05,2034-09-05,23,7,khong,Giáp Tý,khong,co,khong,khong,khong,khong,1,tinh-toan,
2034-09-06,2034-09-06,24,7,khong,Ất Sửu,khong,khong,khong,co,co,co,2,tinh-toan,
2034-09-07,2034-09-07,25,7,khong,Bính Dần,khong,khong,khong,khong,khong,khong,0,tinh-toan,
2034-09-08,2034-09-08,26,7,khong,Đinh Mão,khong,khong,khong,khong,khong,khong,0,tinh-toan,
2034-09-09,2034-09-09,27,7,khong,Mậu Thìn,co,khong,khong,khong,khong,khong,1,tinh-toan,
2034-09-10,2034-09-10,28,7,khong,Kỷ Tỵ,khong,khong,khong,khong,khong,khong,0,tinh-toan,
2034-09-11,2034-09-11,29,7,khong,Canh Ngọ,khong,khong,khong,khong,khong,khong,0,tinh-toan,
2034-09-12,2034-09-12,1,8,khong,Tân Mùi,khong,khong,khong,khong,khong,co,0,tinh-toan,
2034-09-13,2034-09-13,2,8,khong,Nhâm Thân,khong,khong,khong,khong,khong,khong,0,tinh-toan,
2034-09-14,2034-09-14,3,8,khong,Quý Dậu,co,khong,khong,khong,khong,khong,1,tinh-toan,
2034-09-15,2034-09-15,4,8,khong,Giáp Tuất,khong,khong,khong,khong,khong,khong,0,tinh-toan,
2034-09-16,2034-09-16,5,8,khong,Ất Hợi,khong,co,khong,khong,khong,khong,1,tinh-toan,
2034-09-17,2034-09-17,6,8,khong,Bính Tý,khong,khong,khong,khong,khong,khong,0,tinh-toan,
2034-09-18,2034-09-18,7,8,khong,Đinh Sửu,co,khong,co,khong,khong,khong,2,tinh-toan,
2034-09-19,2034-09-19,8,8,khong,Mậu Dần,khong,khong,khong,khong,khong,khong,0,tinh-toan,
2034-09-20,2034-09-20,9,8,khong,Kỷ Mão,khong,khong,khong,khong,khong,khong,0,tinh-toan,
2034-09-21,2034-09-21,10,8,khong,Canh Thìn,khong,khong,khong,co,khong,khong,1,tinh-toan,
2034-09-22,2034-09-22,11,8,khong,Tân Tỵ,khong,khong,khong,khong,khong,khong,0,tinh-toan,
2034-09-23,2034-09-23,12,8,khong,Nhâm Ngọ,khong,khong,khong,khong,khong,khong,0,tinh-toan,
2034-09-24,2034-09-24,13,8,khong,Quý Mùi,co,khong,khong,khong,co,co,2,tinh-toan,
2034-09-25,2034-09-25,14,8,khong,Giáp Thân,khong,co,khong,khong,khong,khong,1,tinh-toan,
2034-09-26,2034-09-26,15,8,khong,Ất Dậu,khong,khong,khong,khong,khong,khong,0,tinh-toan,
2034-09-27,2034-09-27,16,8,khong,Bính Tuất,khong,khong,khong,khong,khong,khong,0,tinh-toan,
2034-09-28,2034-09-28,17,8,khong,Đinh Hợi,khong,khong,khong,khong,khong,khong,0,tinh-toan,
2034-09-29,2034-09-29,18,8,khong,Mậu Tý,co,khong,khong,khong,khong,khong,1,tinh-toan,
2034-09-30,2034-09-30,19,8,khong,Kỷ Sửu,khong,khong,co,khong,khong,khong,1,tinh-toan,
2034-10-01,2034-10-01,20,8,khong,Canh Dần,khong,khong,khong,khong,khong,khong,0,tinh-toan,
2034-10-02,2034-10-02,21,8,khong,Tân Mão,khong,khong,khong,khong,khong,khong,0,tinh-toan,
2034-10-03,2034-10-03,22,8,khong,Nhâm Thìn,co,khong,khong,co,khong,khong,2,tinh-toan,
2034-10-04,2034-10-04,23,8,khong,Quý Tỵ,khong,co,khong,khong,khong,khong,1,tinh-toan,
2034-10-05,2034-10-05,24,8,khong,Giáp Ngọ,khong,khong,khong,khong,khong,khong,0,tinh-toan,
2034-10-06,2034-10-06,25,8,khong,Ất Mùi,khong,khong,khong,khong,khong,co,0,tinh-toan,
2034-10-07,2034-10-07,26,8,khong,Bính Thân,khong,khong,khong,khong,khong,khong,0,tinh-toan,
2034-10-08,2034-10-08,27,8,khong,Đinh Dậu,co,khong,khong,khong,khong,khong,1,tinh-toan,
2034-10-09,2034-10-09,28,8,khong,Mậu Tuất,khong,khong,khong,khong,khong,khong,0,tinh-toan,
2034-10-10,2034-10-10,29,8,khong,Kỷ Hợi,khong,khong,khong,khong,khong,khong,0,tinh-toan,
2034-10-11,2034-10-11,30,8,khong,Canh Tý,khong,khong,khong,khong,khong,khong,0,tinh-toan,
2034-10-12,2034-10-12,1,9,khong,Tân Sửu,khong,khong,khong,co,khong,khong,1,tinh-toan,
2034-10-13,2034-10-13,2,9,khong,Nhâm Dần,khong,khong,khong,khong,khong,co,0,tinh-toan,
2034-10-14,2034-10-14,3,9,khong,Quý Mão,co,khong,khong,khong,khong,khong,1,tinh-toan,
2034-10-15,2034-10-15,4,9,khong,Giáp Thìn,khong,khong,khong,khong,khong,khong,0,tinh-toan,
2034-10-16,2034-10-16,5,9,khong,Ất Tỵ,khong,co,khong,khong,khong,khong,1,tinh-toan,
2034-10-17,2034-10-17,6,9,khong,Bính Ngọ,khong,khong,co,khong,khong,khong,1,tinh-toan,
2034-10-18,2034-10-18,7,9,khong,Đinh Mùi,co,khong,khong,khong,khong,khong,1,tinh-toan,
2034-10-19,2034-10-19,8,9,khong,Mậu Thân,khong,khong,khong,khong,khong,khong,0,tinh-toan,
2034-10-20,2034-10-20,9,9,khong,Kỷ Dậu,khong,khong,khong,khong,khong,khong,0,tinh-toan,
2034-10-21,2034-10-21,10,9,khong,Canh Tuất,khong,khong,khong,khong,khong,khong,0,tinh-toan,
2034-10-22,2034-10-22,11,9,khong,Tân Hợi,khong,khong,khong,khong,khong,khong,0,tinh-toan,
2034-10-23,2034-10-23,12,9,khong,Nhâm Tý,khong,khong,khong,khong,khong,khong,0,tinh-toan,
2034-10-24,2034-10-24,13,9,khong,Quý Sửu,co,khong,khong,co,khong,khong,2,tinh-toan,
2034-10-25,2034-10-25,14,9,khong,Giáp Dần,khong,co,khong,khong,co,co,2,tinh-toan,
2034-10-26,2034-10-26,15,9,khong,Ất Mão,khong,khong,khong,khong,khong,khong,0,tinh-toan,
2034-10-27,2034-10-27,16,9,khong,Bính Thìn,khong,khong,khong,khong,khong,khong,0,tinh-toan,
2034-10-28,2034-10-28,17,9,khong,Đinh Tỵ,khong,khong,khong,khong,khong,khong,0,tinh-toan,
2034-10-29,2034-10-29,18,9,khong,Mậu Ngọ,co,khong,co,khong,khong,khong,2,tinh-toan,
2034-10-30,2034-10-30,19,9,khong,Kỷ Mùi,khong,khong,khong,khong,khong,khong,0,tinh-toan,
2034-10-31,2034-10-31,20,9,khong,Canh Thân,khong,khong,khong,khong,khong,khong,0,tinh-toan,
2034-11-01,2034-11-01,21,9,khong,Tân Dậu,khong,khong,khong,khong,khong,khong,0,tinh-toan,
2034-11-02,2034-11-02,22,9,khong,Nhâm Tuất,co,khong,khong,khong,khong,khong,1,tinh-toan,
2034-11-03,2034-11-03,23,9,khong,Quý Hợi,khong,co,khong,khong,khong,khong,1,tinh-toan,
2034-11-04,2034-11-04,24,9,khong,Giáp Tý,khong,khong,khong,khong,khong,khong,0,tinh-toan,
2034-11-05,2034-11-05,25,9,khong,Ất Sửu,khong,khong,khong,co,khong,khong,1,tinh-toan,
2034-11-06,2034-11-06,26,9,khong,Bính Dần,khong,khong,khong,khong,khong,co,0,tinh-toan,
2034-11-07,2034-11-07,27,9,khong,Đinh Mão,co,khong,khong,khong,khong,khong,1,tinh-toan,
2034-11-08,2034-11-08,28,9,khong,Mậu Thìn,khong,khong,khong,khong,khong,khong,0,tinh-toan,
2034-11-09,2034-11-09,29,9,khong,Kỷ Tỵ,khong,khong,khong,khong,khong,khong,0,tinh-toan,
2034-11-10,2034-11-10,30,9,khong,Canh Ngọ,khong,khong,co,khong,khong,khong,1,tinh-toan,
2034-11-11,2034-11-11,1,10,khong,Tân Mùi,khong,khong,khong,khong,khong,khong,0,tinh-toan,
2034-11-12,2034-11-12,2,10,khong,Nhâm Thân,khong,khong,khong,khong,khong,co,0,tinh-toan,
2034-11-13,2034-11-13,3,10,khong,Quý Dậu,co,khong,co,khong,khong,khong,2,tinh-toan,
2034-11-14,2034-11-14,4,10,khong,Giáp Tuất,khong,khong,khong,khong,khong,khong,0,tinh-toan,
2034-11-15,2034-11-15,5,10,khong,Ất Hợi,khong,co,khong,khong,khong,khong,1,tinh-toan,
2034-11-16,2034-11-16,6,10,khong,Bính Tý,khong,khong,khong,khong,khong,khong,0,tinh-toan,
2034-11-17,2034-11-17,7,10,khong,Đinh Sửu,co,khong,khong,khong,khong,khong,1,tinh-toan,
2034-11-18,2034-11-18,8,10,khong,Mậu Dần,khong,khong,khong,khong,khong,khong,0,tinh-toan,
2034-11-19,2034-11-19,9,10,khong,Kỷ Mão,khong,khong,khong,khong,khong,khong,0,tinh-toan,
2034-11-20,2034-11-20,10,10,khong,Canh Thìn,khong,khong,khong,co,khong,khong,1,tinh-toan,
2034-11-21,2034-11-21,11,10,khong,Tân Tỵ,khong,khong,khong,khong,khong,khong,0,tinh-toan,
2034-11-22,2034-11-22,12,10,khong,Nhâm Ngọ,khong,khong,khong,khong,khong,khong,0,tinh-toan,
2034-11-23,2034-11-23,13,10,khong,Quý Mùi,co,khong,khong,khong,khong,khong,1,tinh-toan,
2034-11-24,2034-11-24,14,10,khong,Giáp Thân,khong,co,khong,khong,khong,co,1,tinh-toan,
2034-11-25,2034-11-25,15,10,khong,Ất Dậu,khong,khong,co,khong,khong,khong,1,tinh-toan,
2034-11-26,2034-11-26,16,10,khong,Bính Tuất,khong,khong,khong,khong,khong,khong,0,tinh-toan,
2034-11-27,2034-11-27,17,10,khong,Đinh Hợi,khong,khong,khong,khong,khong,khong,0,tinh-toan,
2034-11-28,2034-11-28,18,10,khong,Mậu Tý,co,khong,khong,khong,khong,khong,1,tinh-toan,
2034-11-29,2034-11-29,19,10,khong,Kỷ Sửu,khong,khong,khong,khong,khong,khong,0,tinh-toan,
2034-11-30,2034-11-30,20,10,khong,Canh Dần,khong,khong,khong,khong,khong,khong,0,tinh-toan,
2034-12-01,2034-12-01,21,10,khong,Tân Mão,khong,khong,khong,khong,khong,khong,0,tinh-toan,
2034-12-02,2034-12-02,22,10,khong,Nhâm Thìn,co,khong,khong,co,khong,khong,2,tinh-toan,
2034-12-03,2034-12-03,23,10,khong,Quý Tỵ,khong,co,khong,khong,khong,khong,1,tinh-toan,
2034-12-04,2034-12-04,24,10,khong,Giáp Ngọ,khong,khong,khong,khong,khong,khong,0,tinh-toan,
2034-12-05,2034-12-05,25,10,khong,Ất Mùi,khong,khong,khong,khong,khong,khong,0,tinh-toan,
2034-12-06,2034-12-06,26,10,khong,Bính Thân,khong,khong,khong,khong,khong,co,0,tinh-toan,
2034-12-07,2034-12-07,27,10,khong,Đinh Dậu,co,khong,co,khong,khong,khong,2,tinh-toan,
2034-12-08,2034-12-08,28,10,khong,Mậu Tuất,khong,khong,khong,khong,khong,khong,0,tinh-toan,
2034-12-09,2034-12-09,29,10,khong,Kỷ Hợi,khong,khong,khong,khong,khong,khong,0,tinh-toan,
2034-12-10,2034-12-10,30,10,khong,Canh Tý,khong,khong,khong,khong,khong,khong,0,tinh-toan,
2034-12-11,2034-12-11,1,11,khong,Tân Sửu,khong,khong,khong,khong,khong,khong,0,tinh-toan,
2034-12-12,2034-12-12,2,11,khong,Nhâm Dần,khong,khong,co,khong,khong,khong,1,tinh-toan,
2034-12-13,2034-12-13,3,11,khong,Quý Mão,co,khong,khong,khong,khong,co,1,tinh-toan,
2034-12-14,2034-12-14,4,11,khong,Giáp Thìn,khong,khong,khong,khong,khong,khong,0,tinh-toan,
2034-12-15,2034-12-15,5,11,khong,Ất Tỵ,khong,co,khong,khong,khong,khong,1,tinh-toan,
2034-12-16,2034-12-16,6,11,khong,Bính Ngọ,khong,khong,khong,khong,khong,khong,0,tinh-toan,
2034-12-17,2034-12-17,7,11,khong,Đinh Mùi,co,khong,khong,co,khong,khong,2,tinh-toan,
2034-12-18,2034-12-18,8,11,khong,Mậu Thân,khong,khong,khong,khong,khong,khong,0,tinh-toan,
2034-12-19,2034-12-19,9,11,khong,Kỷ Dậu,khong,khong,khong,khong,khong,khong,0,tinh-toan,
2034-12-20,2034-12-20,10,11,khong,Canh Tuất,khong,khong,khong,khong,khong,khong,0,tinh-toan,
2034-12-21,2034-12-21,11,11,khong,Tân Hợi,khong,khong,khong,khong,khong,khong,0,tinh-toan,
2034-12-22,2034-12-22,12,11,khong,Nhâm Tý,khong,khong,khong,khong,khong,khong,0,tinh-toan,
2034-12-23,2034-12-23,13,11,khong,Quý Sửu,co,khong,khong,khong,khong,khong,1,tinh-toan,
2034-12-24,2034-12-24,14,11,khong,Giáp Dần,khong,co,co,khong,khong,khong,2,tinh-toan,
2034-12-25,2034-12-25,15,11,khong,Ất Mão,khong,khong,khong,khong,khong,co,0,tinh-toan,
2034-12-26,2034-12-26,16,11,khong,Bính Thìn,khong,khong,khong,khong,khong,khong,0,tinh-toan,
2034-12-27,2034-12-27,17,11,khong,Đinh Tỵ,khong,khong,khong,khong,khong,khong,0,tinh-toan,
2034-12-28,2034-12-28,18,11,khong,Mậu Ngọ,co,khong,khong,khong,khong,khong,1,tinh-toan,
2034-12-29,2034-12-29,19,11,khong,Kỷ Mùi,khong,khong,khong,co,khong,khong,1,tinh-toan,
2034-12-30,2034-12-30,20,11,khong,Canh Thân,khong,khong,khong,khong,khong,khong,0,tinh-toan,
2034-12-31,2034-12-31,21,11,khong,Tân Dậu,khong,khong,khong,khong,khong,khong,0,tinh-toan,
2035-01-01,2035-01-01,22,11,khong,Nhâm Tuất,co,khong,khong,khong,khong,khong,1,tinh-toan,
2035-01-02,2035-01-02,23,11,khong,Quý Hợi,khong,co,khong,khong,khong,khong,1,tinh-toan,
2035-01-03,2035-01-03,24,11,khong,Giáp Tý,khong,khong,khong,khong,khong,khong,0,tinh-toan,
2035-01-04,2035-01-04,25,11,khong,Ất Sửu,khong,khong,khong,khong,khong,khong,0,tinh-toan,
2035-01-05,2035-01-05,26,11,khong,Bính Dần,khong,khong,co,khong,khong,khong,1,tinh-toan,
2035-01-06,2035-01-06,27,11,khong,Đinh Mão,co,khong,khong,khong,khong,co,1,tinh-toan,
2035-01-07,2035-01-07,28,11,khong,Mậu Thìn,khong,khong,khong,khong,khong,khong,0,tinh-toan,
2035-01-08,2035-01-08,29,11,khong,Kỷ Tỵ,khong,khong,khong,khong,khong,khong,0,tinh-toan,
2035-01-09,2035-01-09,1,12,khong,Canh Ngọ,khong,khong,khong,khong,khong,khong,0,tinh-toan,
2035-01-10,2035-01-10,2,12,khong,Tân Mùi,khong,khong,khong,khong,khong,khong,0,tinh-toan,
2035-01-11,2035-01-11,3,12,khong,Nhâm Thân,co,khong,khong,khong,khong,khong,1,tinh-toan,
2035-01-12,2035-01-12,4,12,khong,Quý Dậu,khong,khong,khong,khong,khong,co,0,tinh-toan,
2035-01-13,2035-01-13,5,12,khong,Giáp Tuất,khong,co,khong,khong,khong,khong,1,tinh-toan,
2035-01-14,2035-01-14,6,12,khong,Ất Hợi,khong,khong,khong,khong,khong,khong,0,tinh-toan,
2035-01-15,2035-01-15,7,12,khong,Bính Tý,co,khong,khong,khong,khong,khong,1,tinh-toan,
2035-01-16,2035-01-16,8,12,khong,Đinh Sửu,khong,khong,khong,khong,khong,khong,0,tinh-toan,
2035-01-17,2035-01-17,9,12,khong,Mậu Dần,khong,khong,khong,khong,khong,khong,0,tinh-toan,
2035-01-18,2035-01-18,10,12,khong,Kỷ Mão,khong,khong,khong,khong,khong,khong,0,tinh-toan,
2035-01-19,2035-01-19,11,12,khong,Canh Thìn,khong,khong,co,co,khong,khong,1,tinh-toan,
2035-01-20,2035-01-20,12,12,khong,Tân Tỵ,khong,khong,khong,khong,khong,khong,0,tinh-toan,
2035-01-21,2035-01-21,13,12,khong,Nhâm Ngọ,co,khong,khong,khong,khong,khong,1,tinh-toan,
2035-01-22,2035-01-22,14,12,khong,Quý Mùi,khong,co,khong,khong,khong,khong,1,tinh-toan,
2035-01-23,2035-01-23,15,12,khong,Giáp Thân,khong,khong,khong,khong,khong,khong,0,tinh-toan,
2035-01-24,2035-01-24,16,12,khong,Ất Dậu,khong,khong,khong,khong,khong,co,0,tinh-toan,
2035-01-25,2035-01-25,17,12,khong,Bính Tuất,khong,khong,khong,khong,khong,khong,0,tinh-toan,
2035-01-26,2035-01-26,18,12,khong,Đinh Hợi,co,khong,khong,khong,khong,khong,1,tinh-toan,
2035-01-27,2035-01-27,19,12,khong,Mậu Tý,khong,khong,khong,khong,khong,khong,0,tinh-toan,
2035-01-28,2035-01-28,20,12,khong,Kỷ Sửu,khong,khong,khong,khong,khong,khong,0,tinh-toan,
2035-01-29,2035-01-29,21,12,khong,Canh Dần,khong,khong,khong,khong,khong,khong,0,tinh-toan,
2035-01-30,2035-01-30,22,12,khong,Tân Mão,co,khong,khong,khong,khong,khong,1,tinh-toan,
2035-01-31,2035-01-31,23,12,khong,Nhâm Thìn,khong,co,co,co,khong,khong,2,tinh-toan,
2035-02-01,2035-02-01,24,12,khong,Quý Tỵ,khong,khong,khong,khong,khong,khong,0,tinh-toan,
2035-02-02,2035-02-02,25,12,khong,Giáp Ngọ,khong,khong,khong,khong,khong,khong,0,tinh-toan,
2035-02-03,2035-02-03,26,12,khong,Ất Mùi,khong,khong,khong,khong,khong,khong,0,tinh-toan,
2035-02-04,2035-02-04,27,12,khong,Bính Thân,co,khong,khong,khong,khong,khong,1,tinh-toan,
2035-02-05,2035-02-05,28,12,khong,Đinh Dậu,khong,khong,khong,khong,khong,co,0,tinh-toan,
2035-02-06,2035-02-06,29,12,khong,Mậu Tuất,khong,khong,khong,khong,khong,khong,0,tinh-toan,
2035-02-07,2035-02-07,30,12,khong,Kỷ Hợi,khong,khong,khong,khong,khong,khong,0,tinh-toan,
2035-02-08,2035-02-08,1,1,khong,Canh Tý,khong,khong,khong,co,khong,khong,1,tinh-toan,
2035-02-09,2035-02-09,2,1,khong,Tân Sửu,khong,khong,khong,khong,khong,khong,0,tinh-toan,
2035-02-10,2035-02-10,3,1,khong,Nhâm Dần,co,khong,khong,khong,khong,khong,1,tinh-toan,
2035-02-11,2035-02-11,4,1,khong,Quý Mão,khong,khong,khong,khong,khong,khong,0,tinh-toan,
2035-02-12,2035-02-12,5,1,khong,Giáp Thìn,khong,co,khong,khong,khong,khong,1,tinh-toan,
2035-02-13,2035-02-13,6,1,khong,Ất Tỵ,khong,khong,co,khong,khong,khong,1,tinh-toan,
2035-02-14,2035-02-14,7,1,khong,Bính Ngọ,co,khong,khong,khong,khong,khong,1,tinh-toan,
2035-02-15,2035-02-15,8,1,khong,Đinh Mùi,khong,khong,khong,khong,khong,khong,0,tinh-toan,
2035-02-16,2035-02-16,9,1,khong,Mậu Thân,khong,khong,khong,khong,khong,khong,0,tinh-toan,
2035-02-17,2035-02-17,10,1,khong,Kỷ Dậu,khong,khong,khong,khong,khong,khong,0,tinh-toan,
2035-02-18,2035-02-18,11,1,khong,Canh Tuất,khong,khong,khong,khong,khong,co,0,tinh-toan,
2035-02-19,2035-02-19,12,1,khong,Tân Hợi,khong,khong,khong,khong,khong,khong,0,tinh-toan,
2035-02-20,2035-02-20,13,1,khong,Nhâm Tý,co,khong,khong,co,khong,khong,2,tinh-toan,
2035-02-21,2035-02-21,14,1,khong,Quý Sửu,khong,co,khong,khong,khong,khong,1,tinh-toan,
2035-02-22,2035-02-22,15,1,khong,Giáp Dần,khong,khong,khong,khong,khong,khong,0,tinh-toan,
2035-02-23,2035-02-23,16,1,khong,Ất Mão,khong,khong,khong,khong,khong,khong,0,tinh-toan,
2035-02-24,2035-02-24,17,1,khong,Bính Thìn,khong,khong,khong,khong,khong,khong,0,tinh-toan,
2035-02-25,2035-02-25,18,1,khong,Đinh Tỵ,co,khong,co,khong,khong,khong,2,tinh-toan,
2035-02-26,2035-02-26,19,1,khong,Mậu Ngọ,khong,khong,khong,khong,khong,khong,0,tinh-toan,
2035-02-27,2035-02-27,20,1,khong,Kỷ Mùi,khong,khong,khong,khong,khong,khong,0,tinh-toan,
2035-02-28,2035-02-28,21,1,khong,Canh Thân,khong,khong,khong,khong,khong,khong,0,tinh-toan,
2035-03-01,2035-03-01,22,1,khong,Tân Dậu,co,khong,khong,khong,khong,khong,1,tinh-toan,
2035-03-02,2035-03-02,23,1,khong,Nhâm Tuất,khong,co,khong,khong,khong,co,1,tinh-toan,
2035-03-03,2035-03-03,24,1,khong,Quý Hợi,khong,khong,khong,khong,khong,khong,0,tinh-toan,
2035-03-04,2035-03-04,25,1,khong,Giáp Tý,khong,khong,khong,co,khong,khong,1,tinh-toan,
2035-03-05,2035-03-05,26,1,khong,Ất Sửu,khong,khong,khong,khong,khong,khong,0,tinh-toan,
2035-03-06,2035-03-06,27,1,khong,Bính Dần,co,khong,khong,khong,khong,khong,1,tinh-toan,
2035-03-07,2035-03-07,28,1,khong,Đinh Mão,khong,khong,khong,khong,khong,khong,0,tinh-toan,
2035-03-08,2035-03-08,29,1,khong,Mậu Thìn,khong,khong,khong,khong,khong,khong,0,tinh-toan,
2035-03-09,2035-03-09,30,1,khong,Kỷ Tỵ,khong,khong,co,khong,khong,khong,1,tinh-toan,
2035-03-10,2035-03-10,1,2,khong,Canh Ngọ,khong,khong,khong,khong,khong,khong,0,tinh-toan,
2035-03-11,2035-03-11,2,2,khong,Tân Mùi,khong,khong,khong,khong,khong,khong,0,tinh-toan,
2035-03-12,2035-03-12,3,2,khong,Nhâm Thân,co,khong,khong,khong,khong,khong,1,tinh-toan,
2035-03-13,2035-03-13,4,2,khong,Quý Dậu,khong,khong,khong,khong,khong,khong,0,tinh-toan,
2035-03-14,2035-03-14,5,2,khong,Giáp Tuất,khong,co,khong,khong,khong,khong,1,tinh-toan,
2035-03-15,2035-03-15,6,2,khong,Ất Hợi,khong,khong,khong,khong,khong,khong,0,tinh-toan,
2035-03-16,2035-03-16,7,2,khong,Bính Tý,co,khong,co,khong,khong,khong,2,tinh-toan,
2035-03-17,2035-03-17,8,2,khong,Đinh Sửu,khong,khong,khong,co,khong,khong,1,tinh-toan,
2035-03-18,2035-03-18,9,2,khong,Mậu Dần,khong,khong,khong,khong,khong,khong,0,tinh-toan,
2035-03-19,2035-03-19,10,2,khong,Kỷ Mão,khong,khong,khong,khong,khong,khong,0,tinh-toan,
2035-03-20,2035-03-20,11,2,khong,Canh Thìn,khong,khong,khong,khong,khong,co,0,tinh-toan,
2035-03-21,2035-03-21,12,2,khong,Tân Tỵ,khong,khong,khong,khong,khong,khong,0,tinh-toan,
2035-03-22,2035-03-22,13,2,khong,Nhâm Ngọ,co,khong,khong,khong,khong,khong,1,tinh-toan,
2035-03-23,2035-03-23,14,2,khong,Quý Mùi,khong,co,khong,khong,khong,khong,1,tinh-toan,
2035-03-24,2035-03-24,15,2,khong,Giáp Thân,khong,khong,khong,khong,khong,khong,0,tinh-toan,
2035-03-25,2035-03-25,16,2,khong,Ất Dậu,khong,khong,khong,khong,khong,khong,0,tinh-toan,
2035-03-26,2035-03-26,17,2,khong,Bính Tuất,khong,khong,khong,khong,khong,khong,0,tinh-toan,
2035-03-27,2035-03-27,18,2,khong,Đinh Hợi,co,khong,khong,khong,khong,khong,1,tinh-toan,
2035-03-28,2035-03-28,19,2,khong,Mậu Tý,khong,khong,co,khong,khong,khong,1,tinh-toan,
2035-03-29,2035-03-29,20,2,khong,Kỷ Sửu,khong,khong,khong,co,khong,khong,1,tinh-toan,
2035-03-30,2035-03-30,21,2,khong,Canh Dần,khong,khong,khong,khong,khong,khong,0,tinh-toan,
2035-03-31,2035-03-31,22,2,khong,Tân Mão,co,khong,khong,khong,khong,khong,1,tinh-toan,
2035-04-01,2035-04-01,23,2,khong,Nhâm Thìn,khong,co,khong,khong,co,co,2,tinh-toan,
2035-04-02,2035-04-02,24,2,khong,Quý Tỵ,khong,khong,khong,khong,khong,khong,0,tinh-toan,
2035-04-03,2035-04-03,25,2,khong,Giáp Ngọ,khong,khong,khong,khong,khong,khong,0,tinh-toan,
2035-04-04,2035-04-04,26,2,khong,Ất Mùi,khong,khong,khong,khong,khong,khong,0,tinh-toan,
2035-04-05,2035-04-05,27,2,khong,Bính Thân,co,khong,khong,khong,khong,khong,1,tinh-toan,
2035-04-06,2035-04-06,28,2,khong,Đinh Dậu,khong,khong,khong,khong,khong,khong,0,tinh-toan,
2035-04-07,2035-04-07,29,2,khong,Mậu Tuất,khong,khong,khong,khong,khong,khong,0,tinh-toan,
2035-04-08,2035-04-08,1,3,khong,Kỷ Hợi,khong,khong,khong,khong,khong,co,0,tinh-toan,
2035-04-09,2035-04-09,2,3,khong,Canh Tý,khong,khong,khong,khong,khong,khong,0,tinh-toan,
2035-04-10,2035-04-10,3,3,khong,Tân Sửu,co,khong,khong,co,khong,khong,2,tinh-toan,
2035-04-11,2035-04-11,4,3,khong,Nhâm Dần,khong,khong,khong,khong,khong,khong,0,tinh-toan,
2035-04-12,2035-04-12,5,3,khong,Quý Mão,khong,co,khong,khong,khong,khong,1,tinh-toan,
2035-04-13,2035-04-13,6,3,khong,Giáp Thìn,khong,khong,khong,khong,khong,khong,0,tinh-toan,
2035-04-14,2035-04-14,7,3,khong,Ất Tỵ,co,khong,khong,khong,khong,khong,1,tinh-toan,
2035-04-15,2035-04-15,8,3,khong,Bính Ngọ,khong,khong,khong,khong,khong,khong,0,tinh-toan,
2035-04-16,2035-04-16,9,3,khong,Đinh Mùi,khong,khong,co,khong,khong,khong,1,tinh-toan,
2035-04-17,2035-04-17,10,3,khong,Mậu Thân,khong,khong,khong,khong,khong,khong,0,tinh-toan,
2035-04-18,2035-04-18,11,3,khong,Kỷ Dậu,khong,khong,khong,khong,khong,khong,0,tinh-toan,
2035-04-19,2035-04-19,12,3,khong,Canh Tuất,khong,khong,khong,khong,khong,khong,0,tinh-toan,
2035-04-20,2035-04-20,13,3,khong,Tân Hợi,co,khong,khong,khong,co,co,2,tinh-toan,
2035-04-21,2035-04-21,14,3,khong,Nhâm Tý,khong,co,khong,khong,khong,khong,1,tinh-toan,
2035-04-22,2035-04-22,15,3,khong,Quý Sửu,khong,khong,khong,co,khong,khong,1,tinh-toan,
2035-04-23,2035-04-23,16,3,khong,Giáp Dần,khong,khong,khong,khong,khong,khong,0,tinh-toan,
2035-04-24,2035-04-24,17,3,khong,Ất Mão,khong,khong,khong,khong,khong,khong,0,tinh-toan,
2035-04-25,2035-04-25,18,3,khong,Bính Thìn,co,khong,khong,khong,khong,khong,1,tinh-toan,
2035-04-26,2035-04-26,19,3,khong,Đinh Tỵ,khong,khong,khong,khong,khong,khong,0,tinh-toan,
2035-04-27,2035-04-27,20,3,khong,Mậu Ngọ,khong,khong,khong,khong,khong,khong,0,tinh-toan,
2035-04-28,2035-04-28,21,3,khong,Kỷ Mùi,khong,khong,co,khong,khong,khong,1,tinh-toan,
2035-04-29,2035-04-29,22,3,khong,Canh Thân,co,khong,khong,khong,khong,khong,1,tinh-toan,
2035-04-30,2035-04-30,23,3,khong,Tân Dậu,khong,co,khong,khong,khong,khong,1,tinh-toan,
2035-05-01,2035-05-01,24,3,khong,Nhâm Tuất,khong,khong,khong,khong,khong,khong,0,tinh-toan,
2035-05-02,2035-05-02,25,3,khong,Quý Hợi,khong,khong,khong,khong,khong,co,0,tinh-toan,
2035-05-03,2035-05-03,26,3,khong,Giáp Tý,khong,khong,khong,khong,khong,khong,0,tinh-toan,
2035-05-04,2035-05-04,27,3,khong,Ất Sửu,co,khong,khong,co,khong,khong,2,tinh-toan,
2035-05-05,2035-05-05,28,3,khong,Bính Dần,khong,khong,khong,khong,khong,khong,0,tinh-toan,
2035-05-06,2035-05-06,29,3,khong,Đinh Mão,khong,khong,khong,khong,khong,khong,0,tinh-toan,
2035-05-07,2035-05-07,30,3,khong,Mậu Thìn,khong,khong,khong,khong,khong,khong,0,tinh-toan,
2035-05-08,2035-05-08,1,4,khong,Kỷ Tỵ,khong,khong,khong,khong,khong,co,0,tinh-toan,
2035-05-09,2035-05-09,2,4,khong,Canh Ngọ,khong,khong,khong,khong,khong,khong,0,tinh-toan,
2035-05-10,2035-05-10,3,4,khong,Tân Mùi,co,khong,khong,khong,khong,khong,1,tinh-toan,
2035-05-11,2035-05-11,4,4,khong,Nhâm Thân,khong,khong,khong,khong,khong,khong,0,tinh-toan,
2035-05-12,2035-05-12,5,4,khong,Quý Dậu,khong,co,khong,khong,khong,khong,1,tinh-toan,
2035-05-13,2035-05-13,6,4,khong,Giáp Tuất,khong,khong,khong,co,khong,khong,1,tinh-toan,
2035-05-14,2035-05-14,7,4,khong,Ất Hợi,co,khong,khong,khong,khong,khong,1,tinh-toan,
2035-05-15,2035-05-15,8,4,khong,Bính Tý,khong,khong,khong,khong,khong,khong,0,tinh-toan,
2035-05-16,2035-05-16,9,4,khong,Đinh Sửu,khong,khong,khong,khong,khong,khong,0,tinh-toan,
2035-05-17,2035-05-17,10,4,khong,Mậu Dần,khong,khong,khong,khong,khong,khong,0,tinh-toan,
2035-05-18,2035-05-18,11,4,khong,Kỷ Mão,khong,khong,co,khong,khong,khong,1,tinh-toan,
2035-05-19,2035-05-19,12,4,khong,Canh Thìn,khong,khong,khong,khong,khong,khong,0,tinh-toan,
2035-05-20,2035-05-20,13,4,khong,Tân Tỵ,co,khong,khong,khong,khong,co,1,tinh-toan,
2035-05-21,2035-05-21,14,4,khong,Nhâm Ngọ,khong,co,khong,khong,khong,khong,1,tinh-toan,
2035-05-22,2035-05-22,15,4,khong,Quý Mùi,khong,khong,khong,khong,khong,khong,0,tinh-toan,
2035-05-23,2035-05-23,16,4,khong,Giáp Thân,khong,khong,khong,khong,khong,khong,0,tinh-toan,
2035-05-24,2035-05-24,17,4,khong,Ất Dậu,khong,khong,khong,khong,khong,khong,0,tinh-toan,
2035-05-25,2035-05-25,18,4,khong,Bính Tuất,co,khong,khong,co,khong,khong,2,tinh-toan,
2035-05-26,2035-05-26,19,4,khong,Đinh Hợi,khong,khong,khong,khong,khong,khong,0,tinh-toan,
2035-05-27,2035-05-27,20,4,khong,Mậu Tý,khong,khong,khong,khong,khong,khong,0,tinh-toan,
2035-05-28,2035-05-28,21,4,khong,Kỷ Sửu,khong,khong,khong,khong,khong,khong,0,tinh-toan,
2035-05-29,2035-05-29,22,4,khong,Canh Dần,co,khong,khong,khong,khong,khong,1,tinh-toan,
2035-05-30,2035-05-30,23,4,khong,Tân Mão,khong,co,co,khong,khong,khong,2,tinh-toan,
2035-05-31,2035-05-31,24,4,khong,Nhâm Thìn,khong,khong,khong,khong,khong,khong,0,tinh-toan,
2035-06-01,2035-06-01,25,4,khong,Quý Tỵ,khong,khong,khong,khong,khong,co,0,tinh-toan,
2035-06-02,2035-06-02,26,4,khong,Giáp Ngọ,khong,khong,khong,khong,khong,khong,0,tinh-toan,
2035-06-03,2035-06-03,27,4,khong,Ất Mùi,co,khong,khong,khong,khong,khong,1,tinh-toan,
2035-06-04,2035-06-04,28,4,khong,Bính Thân,khong,khong,khong,khong,khong,khong,0,tinh-toan,
2035-06-05,2035-06-05,29,4,khong,Đinh Dậu,khong,khong,khong,khong,khong,khong,0,tinh-toan,
2035-06-06,2035-06-06,1,5,khong,Mậu Tuất,khong,khong,khong,khong,khong,khong,0,tinh-toan,
2035-06-07,2035-06-07,2,5,khong,Kỷ Hợi,khong,khong,khong,khong,khong,khong,0,tinh-toan,
2035-06-08,2035-06-08,3,5,khong,Canh Tý,co,khong,khong,khong,khong,co,1,tinh-toan,
2035-06-09,2035-06-09,4,5,khong,Tân Sửu,khong,khong,khong,khong,khong,khong,0,tinh-toan,
2035-06-10,2035-06-10,5,5,khong,Nhâm Dần,khong,co,khong,khong,khong,khong,1,tinh-toan,
2035-06-11,2035-06-11,6,5,khong,Quý Mão,khong,khong,khong,khong,khong,khong,0,tinh-toan,
2035-06-12,2035-06-12,7,5,khong,Giáp Thìn,co,khong,khong,co,khong,khong,2,tinh-toan,
2035-06-13,2035-06-13,8,5,khong,Ất Tỵ,khong,khong,khong,khong,khong,khong,0,tinh-toan,
2035-06-14,2035-06-14,9,5,khong,Bính Ngọ,khong,khong,khong,khong,khong,khong,0,tinh-toan,
2035-06-15,2035-06-15,10,5,khong,Đinh Mùi,khong,khong,khong,khong,khong,khong,0,tinh-toan,
2035-06-16,2035-06-16,11,5,khong,Mậu Thân,khong,khong,co,khong,khong,khong,1,tinh-toan,
2035-06-17,2035-06-17,12,5,khong,Kỷ Dậu,khong,khong,khong,khong,khong,khong,0,tinh-toan,
2035-06-18,2035-06-18,13,5,khong,Canh Tuất,co,khong,khong,khong,khong,khong,1,tinh-toan,
2035-06-19,2035-06-19,14,5,khong,Tân Hợi,khong,co,khong,khong,khong,khong,1,tinh-toan,
2035-06-20,2035-06-20,15,5,khong,Nhâm Tý,khong,khong,khong,khong,khong,co,0,tinh-toan,
2035-06-21,2035-06-21,16,5,khong,Quý Sửu,khong,khong,khong,khong,khong,khong,0,tinh-toan,
2035-06-22,2035-06-22,17,5,khong,Giáp Dần,khong,khong,khong,khong,khong,khong,0,tinh-toan,
2035-06-23,2035-06-23,18,5,khong,Ất Mão,co,khong,khong,khong,khong,khong,1,tinh-toan,
2035-06-24,2035-06-24,19,5,khong,Bính Thìn,khong,khong,khong,co,khong,khong,1,tinh-toan,
2035-06-25,2035-06-25,20,5,khong,Đinh Tỵ,khong,khong,khong,khong,khong,khong,0,tinh-toan,
2035-06-26,2035-06-26,21,5,khong,Mậu Ngọ,khong,khong,khong,khong,khong,khong,0,tinh-toan,
2035-06-27,2035-06-27,22,5,khong,Kỷ Mùi,co,khong,khong,khong,khong,khong,1,tinh-toan,
2035-06-28,2035-06-28,23,5,khong,Canh Thân,khong,co,co,khong,khong,khong,2,tinh-toan,
2035-06-29,2035-06-29,24,5,khong,Tân Dậu,khong,khong,khong,khong,khong,khong,0,tinh-toan,
2035-06-30,2035-06-30,25,5,khong,Nhâm Tuất,khong,khong,khong,khong,khong,khong,0,tinh-toan,
2035-07-01,2035-07-01,26,5,khong,Quý Hợi,khong,khong,khong,khong,khong,khong,0,tinh-toan,
2035-07-02,2035-07-02,27,5,khong,Giáp Tý,co,khong,khong,khong,khong,co,1,tinh-toan,
2035-07-03,2035-07-03,28,5,khong,Ất Sửu,khong,khong,khong,khong,khong,khong,0,tinh-toan,
2035-07-04,2035-07-04,29,5,khong,Bính Dần,khong,khong,khong,khong,khong,khong,0,tinh-toan,
2035-07-05,2035-07-05,1,6,khong,Đinh Mão,khong,khong,khong,khong,khong,khong,0,tinh-toan,
2035-07-06,2035-07-06,2,6,khong,Mậu Thìn,khong,khong,khong,co,khong,khong,1,tinh-toan,
2035-07-07,2035-07-07,3,6,khong,Kỷ Tỵ,co,khong,khong,khong,khong,khong,1,tinh-toan,
2035-07-08,2035-07-08,4,6,khong,Canh Ngọ,khong,khong,khong,khong,khong,co,0,tinh-toan,
2035-07-09,2035-07-09,5,6,khong,Tân Mùi,khong,co,khong,khong,khong,khong,1,tinh-toan,
2035-07-10,2035-07-10,6,6,khong,Nhâm Thân,khong,khong,khong,khong,khong,khong,0,tinh-toan,
2035-07-11,2035-07-11,7,6,khong,Quý Dậu,co,khong,khong,khong,khong,khong,1,tinh-toan,
2035-07-12,2035-07-12,8,6,khong,Giáp Tuất,khong,khong,co,khong,khong,khong,1,tinh-toan,
2035-07-13,2035-07-13,9,6,khong,Ất Hợi,khong,khong,khong,khong,khong,khong,0,tinh-toan,
2035-07-14,2035-07-14,10,6,khong,Bính Tý,khong,khong,khong,khong,khong,khong,0,tinh-toan,
2035-07-15,2035-07-15,11,6,khong,Đinh Sửu,khong,khong,khong,khong,khong,khong,0,tinh-toan,
2035-07-16,2035-07-16,12,6,khong,Mậu Dần,khong,khong,khong,khong,khong,khong,0,tinh-toan,
2035-07-17,2035-07-17,13,6,khong,Kỷ Mão,co,khong,khong,khong,khong,khong,1,tinh-toan,
2035-07-18,2035-07-18,14,6,khong,Canh Thìn,khong,co,khong,co,khong,khong,2,tinh-toan,
2035-07-19,2035-07-19,15,6,khong,Tân Tỵ,khong,khong,khong,khong,khong,khong,0,tinh-toan,
2035-07-20,2035-07-20,16,6,khong,Nhâm Ngọ,khong,khong,khong,khong,khong,co,0,tinh-toan,
2035-07-21,2035-07-21,17,6,khong,Quý Mùi,khong,khong,khong,khong,khong,khong,0,tinh-toan,
2035-07-22,2035-07-22,18,6,khong,Giáp Thân,co,khong,khong,khong,khong,khong,1,tinh-toan,
2035-07-23,2035-07-23,19,6,khong,Ất Dậu,khong,khong,khong,khong,khong,khong,0,tinh-toan,
2035-07-24,2035-07-24,20,6,khong,Bính Tuất,khong,khong,co,khong,khong,khong,1,tinh-toan,
2035-07-25,2035-07-25,21,6,khong,Đinh Hợi,khong,khong,khong,khong,khong,khong,0,tinh-toan,
2035-07-26,2035-07-26,22,6,khong,Mậu Tý,co,khong,khong,khong,khong,khong,1,tinh-toan,
2035-07-27,2035-07-27,23,6,khong,Kỷ Sửu,khong,co,khong,khong,khong,khong,1,tinh-toan,
2035-07-28,2035-07-28,24,6,khong,Canh Dần,khong,khong,khong,khong,khong,khong,0,tinh-toan,
2035-07-29,2035-07-29,25,6,khong,Tân Mão,khong,khong,khong,khong,khong,khong,0,tinh-toan,
2035-07-30,2035-07-30,26,6,khong,Nhâm Thìn,khong,khong,khong,co,khong,khong,1,tinh-toan,
2035-07-31,2035-07-31,27,6,khong,Quý Tỵ,co,khong,khong,khong,khong,khong,1,tinh-toan,
2035-08-01,2035-08-01,28,6,khong,Giáp Ngọ,khong,khong,khong,khong,khong,co,0,tinh-toan,
2035-08-02,2035-08-02,29,6,khong,Ất Mùi,khong,khong,khong,khong,khong,khong,0,tinh-toan,
2035-08-03,2035-08-03,30,6,khong,Bính Thân,khong,khong,khong,khong,khong,khong,0,tinh-toan,
2035-08-04,2035-08-04,1,7,khong,Đinh Dậu,khong,khong,khong,khong,khong,khong,0,tinh-toan,
2035-08-05,2035-08-05,2,7,khong,Mậu Tuất,khong,khong,khong,khong,khong,khong,0,tinh-toan,
2035-08-06,2035-08-06,3,7,khong,Kỷ Hợi,co,khong,co,khong,khong,khong,2,tinh-toan,
2035-08-07,2035-08-07,4,7,khong,Canh Tý,khong,khong,khong,khong,khong,khong,0,tinh-toan,
2035-08-08,2035-08-08,5,7,khong,Tân Sửu,khong,co,khong,co,khong,co,2,tinh-toan,
2035-08-09,2035-08-09,6,7,khong,Nhâm Dần,khong,khong,khong,khong,khong,khong,0,tinh-toan,
2035-08-10,2035-08-10,7,7,khong,Quý Mão,co,khong,khong,khong,khong,khong,1,tinh-toan,
2035-08-11,2035-08-11,8,7,khong,Giáp Thìn,khong,khong,khong,khong,khong,khong,0,tinh-toan,
2035-08-12,2035-08-12,9,7,khong,Ất Tỵ,khong,khong,khong,khong,khong,khong,0,tinh-toan,
2035-08-13,2035-08-13,10,7,khong,Bính Ngọ,khong,khong,khong,khong,khong,khong,0,tinh-toan,
2035-08-14,2035-08-14,11,7,khong,Đinh Mùi,khong,khong,khong,khong,khong,khong,0,tinh-toan,
2035-08-15,2035-08-15,12,7,khong,Mậu Thân,khong,khong,khong,khong,khong,khong,0,tinh-toan,
2035-08-16,2035-08-16,13,7,khong,Kỷ Dậu,co,khong,khong,khong,khong,khong,1,tinh-toan,
2035-08-17,2035-08-17,14,7,khong,Canh Tuất,khong,co,khong,khong,khong,khong,1,tinh-toan,
2035-08-18,2035-08-18,15,7,khong,Tân Hợi,khong,khong,co,khong,khong,khong,1,tinh-toan,
2035-08-19,2035-08-19,16,7,khong,Nhâm Tý,khong,khong,khong,khong,khong,khong,0,tinh-toan,
2035-08-20,2035-08-20,17,7,khong,Quý Sửu,khong,khong,khong,co,khong,co,1,tinh-toan,
2035-08-21,2035-08-21,18,7,khong,Giáp Dần,co,khong,khong,khong,khong,khong,1,tinh-toan,
2035-08-22,2035-08-22,19,7,khong,Ất Mão,khong,khong,khong,khong,khong,khong,0,tinh-toan,
2035-08-23,2035-08-23,20,7,khong,Bính Thìn,khong,khong,khong,khong,khong,khong,0,tinh-toan,
2035-08-24,2035-08-24,21,7,khong,Đinh Tỵ,khong,khong,khong,khong,khong,khong,0,tinh-toan,
2035-08-25,2035-08-25,22,7,khong,Mậu Ngọ,co,khong,khong,khong,khong,khong,1,tinh-toan,
2035-08-26,2035-08-26,23,7,khong,Kỷ Mùi,khong,co,khong,khong,khong,khong,1,tinh-toan,
2035-08-27,2035-08-27,24,7,khong,Canh Thân,khong,khong,khong,khong,khong,khong,0,tinh-toan,
2035-08-28,2035-08-28,25,7,khong,Tân Dậu,khong,khong,khong,khong,khong,khong,0,tinh-toan,
2035-08-29,2035-08-29,26,7,khong,Nhâm Tuất,khong,khong,khong,khong,khong,khong,0,tinh-toan,
2035-08-30,2035-08-30,27,7,khong,Quý Hợi,co,khong,co,khong,khong,khong,2,tinh-toan,
2035-08-31,2035-08-31,28,7,khong,Giáp Tý,khong,khong,khong,khong,khong,khong,0,tinh-toan,
2035-09-01,2035-09-01,29,7,khong,Ất Sửu,khong,khong,khong,co,co,co,2,tinh-toan,
2035-09-02,2035-09-02,1,8,khong,Bính Dần,khong,khong,khong,khong,khong,khong,0,tinh-toan,
2035-09-03,2035-09-03,2,8,khong,Đinh Mão,khong,khong,khong,khong,khong,khong,0,tinh-toan,
2035-09-04,2035-09-04,3,8,khong,Mậu Thìn,co,khong,khong,co,khong,khong,2,tinh-toan,
2035-09-05,2035-09-05,4,8,khong,Kỷ Tỵ,khong,khong,khong,khong,khong,khong,0,tinh-toan,
2035-09-06,2035-09-06,5,8,khong,Canh Ngọ,khong,co,khong,khong,khong,khong,1,tinh-toan,
2035-09-07,2035-09-07,6,8,khong,Tân Mùi,khong,khong,khong,khong,khong,co,0,tinh-toan,
2035-09-08,2035-09-08,7,8,khong,Nhâm Thân,co,khong,khong,khong,khong,khong,1,tinh-toan,
2035-09-09,2035-09-09,8,8,khong,Quý Dậu,khong,khong,khong,khong,khong,khong,0,tinh-toan,
2035-09-10,2035-09-10,9,8,khong,Giáp Tuất,khong,khong,khong,khong,khong,khong,0,tinh-toan,
2035-09-11,2035-09-11,10,8,khong,Ất Hợi,khong,khong,khong,khong,khong,khong,0,tinh-toan,
2035-09-12,2035-09-12,11,8,khong,Bính Tý,khong,khong,khong,khong,khong,khong,0,tinh-toan,
2035-09-13,2035-09-13,12,8,khong,Đinh Sửu,khong,khong,co,khong,khong,khong,1,tinh-toan,
2035-09-14,2035-09-14,13,8,khong,Mậu Dần,co,khong,khong,khong,khong,khong,1,tinh-toan,
2035-09-15,2035-09-15,14,8,khong,Kỷ Mão,khong,co,khong,khong,khong,khong,1,tinh-toan,
2035-09-16,2035-09-16,15,8,khong,Canh Thìn,khong,khong,khong,co,khong,khong,1,tinh-toan,
2035-09-17,2035-09-17,16,8,khong,Tân Tỵ,khong,khong,khong,khong,khong,khong,0,tinh-toan,
2035-09-18,2035-09-18,17,8,khong,Nhâm Ngọ,khong,khong,khong,khong,khong,khong,0,tinh-toan,
2035-09-19,2035-09-19,18,8,khong,Quý Mùi,co,khong,khong,khong,co,co,2,tinh-toan,
2035-09-20,2035-09-20,19,8,khong,Giáp Thân,khong,khong,khong,khong,khong,khong,0,tinh-toan,
2035-09-21,2035-09-21,20,8,khong,Ất Dậu,khong,khong,khong,khong,khong,khong,0,tinh-toan,
2035-09-22,2035-09-22,21,8,khong,Bính Tuất,khong,khong,khong,khong,khong,khong,0,tinh-toan,
2035-09-23,2035-09-23,22,8,khong,Đinh Hợi,co,khong,khong,khong,khong,khong,1,tinh-toan,
2035-09-24,2035-09-24,23,8,khong,Mậu Tý,khong,co,khong,khong,khong,khong,1,tinh-toan,
2035-09-25,2035-09-25,24,8,khong,Kỷ Sửu,khong,khong,co,khong,khong,khong,1,tinh-toan,
2035-09-26,2035-09-26,25,8,khong,Canh Dần,khong,khong,khong,khong,khong,khong,0,tinh-toan,
2035-09-27,2035-09-27,26,8,khong,Tân Mão,khong,khong,khong,khong,khong,khong,0,tinh-toan,
2035-09-28,2035-09-28,27,8,khong,Nhâm Thìn,co,khong,khong,co,khong,khong,2,tinh-toan,
2035-09-29,2035-09-29,28,8,khong,Quý Tỵ,khong,khong,khong,khong,khong,khong,0,tinh-toan,
2035-09-30,2035-09-30,29,8,khong,Giáp Ngọ,khong,khong,khong,khong,khong,khong,0,tinh-toan,
2035-10-01,2035-10-01,1,9,khong,Ất Mùi,khong,khong,khong,khong,khong,khong,0,tinh-toan,
2035-10-02,2035-10-02,2,9,khong,Bính Thân,khong,khong,khong,khong,khong,khong,0,tinh-toan,
2035-10-03,2035-10-03,3,9,khong,Đinh Dậu,co,khong,khong,khong,khong,khong,1,tinh-toan,
2035-10-04,2035-10-04,4,9,khong,Mậu Tuất,khong,khong,khong,khong,khong,khong,0,tinh-toan,
2035-10-05,2035-10-05,5,9,khong,Kỷ Hợi,khong,co,khong,khong,khong,khong,1,tinh-toan,
2035-10-06,2035-10-06,6,9,khong,Canh Tý,khong,khong,khong,khong,khong,khong,0,tinh-toan,
2035-10-07,2035-10-07,7,9,khong,Tân Sửu,co,khong,khong,co,khong,khong,2,tinh-toan,
2035-10-08,2035-10-08,8,9,khong,Nhâm Dần,khong,khong,khong,khong,khong,co,0,tinh-toan,
2035-10-09,2035-10-09,9,9,khong,Quý Mão,khong,khong,khong,khong,khong,khong,0,tinh-toan,
2035-10-10,2035-10-10,10,9,khong,Giáp Thìn,khong,khong,khong,khong,khong,khong,0,tinh-toan,
2035-10-11,2035-10-11,11,9,khong,Ất Tỵ,khong,khong,khong,khong,khong,khong,0,tinh-toan,
2035-10-12,2035-10-12,12,9,khong,Bính Ngọ,khong,khong,co,khong,khong,khong,1,tinh-toan,
2035-10-13,2035-10-13,13,9,khong,Đinh Mùi,co,khong,khong,khong,khong,khong,1,tinh-toan,
2035-10-14,2035-10-14,14,9,khong,Mậu Thân,khong,co,khong,khong,khong,khong,1,tinh-toan,
2035-10-15,2035-10-15,15,9,khong,Kỷ Dậu,khong,khong,khong,khong,khong,khong,0,tinh-toan,
2035-10-16,2035-10-16,16,9,khong,Canh Tuất,khong,khong,khong,khong,khong,khong,0,tinh-toan,
2035-10-17,2035-10-17,17,9,khong,Tân Hợi,khong,khong,khong,khong,khong,khong,0,tinh-toan,
2035-10-18,2035-10-18,18,9,khong,Nhâm Tý,co,khong,khong,khong,khong,khong,1,tinh-toan,
2035-10-19,2035-10-19,19,9,khong,Quý Sửu,khong,khong,khong,co,khong,khong,1,tinh-toan,
2035-10-20,2035-10-20,20,9,khong,Giáp Dần,khong,khong,khong,khong,co,co,1,tinh-toan,
2035-10-21,2035-10-21,21,9,khong,Ất Mão,khong,khong,khong,khong,khong,khong,0,tinh-toan,
2035-10-22,2035-10-22,22,9,khong,Bính Thìn,co,khong,khong,khong,khong,khong,1,tinh-toan,
2035-10-23,2035-10-23,23,9,khong,Đinh Tỵ,khong,co,khong,khong,khong,khong,1,tinh-toan,
2035-10-24,2035-10-24,24,9,khong,Mậu Ngọ,khong,khong,co,khong,khong,khong,1,tinh-toan,
2035-10-25,2035-10-25,25,9,khong,Kỷ Mùi,khong,khong,khong,khong,khong,khong,0,tinh-toan,
2035-10-26,2035-10-26,26,9,khong,Canh Thân,khong,khong,khong,khong,khong,khong,0,tinh-toan,
2035-10-27,2035-10-27,27,9,khong,Tân Dậu,co,khong,khong,khong,khong,khong,1,tinh-toan,
2035-10-28,2035-10-28,28,9,khong,Nhâm Tuất,khong,khong,khong,khong,khong,khong,0,tinh-toan,
2035-10-29,2035-10-29,29,9,khong,Quý Hợi,khong,khong,khong,khong,khong,khong,0,tinh-toan,
2035-10-30,2035-10-30,30,9,khong,Giáp Tý,khong,khong,khong,khong,khong,khong,0,tinh-toan,
2035-10-31,2035-10-31,1,10,khong,Ất Sửu,khong,khong,khong,khong,khong,khong,0,tinh-toan,
2035-11-01,2035-11-01,2,10,khong,Bính Dần,khong,khong,khong,khong,khong,khong,0,tinh-toan,
2035-11-02,2035-11-02,3,10,khong,Đinh Mão,co,khong,khong,khong,khong,khong,1,tinh-toan,
2035-11-03,2035-11-03,4,10,khong,Mậu Thìn,khong,khong,khong,co,khong,khong,1,tinh-toan,
2035-11-04,2035-11-04,5,10,khong,Kỷ Tỵ,khong,co,khong,khong,khong,khong,1,tinh-toan,
2035-11-05,2035-11-05,6,10,khong,Canh Ngọ,khong,khong,khong,khong,khong,khong,0,tinh-toan,
2035-11-06,2035-11-06,7,10,khong,Tân Mùi,co,khong,khong,khong,khong,khong,1,tinh-toan,
2035-11-07,2035-11-07,8,10,khong,Nhâm Thân,khong,khong,khong,khong,khong,co,0,tinh-toan,
2035-11-08,2035-11-08,9,10,khong,Quý Dậu,khong,khong,co,khong,khong,khong,1,tinh-toan,
2035-11-09,2035-11-09,10,10,khong,Giáp Tuất,khong,khong,khong,khong,khong,khong,0,tinh-toan,
2035-11-10,2035-11-10,11,10,khong,Ất Hợi,khong,khong,khong,khong,khong,khong,0,tinh-toan,
2035-11-11,2035-11-11,12,10,khong,Bính Tý,khong,khong,khong,khong,khong,khong,0,tinh-toan,
2035-11-12,2035-11-12,13,10,khong,Đinh Sửu,co,khong,khong,khong,khong,khong,1,tinh-toan,
2035-11-13,2035-11-13,14,10,khong,Mậu Dần,khong,co,khong,khong,khong,khong,1,tinh-toan,
2035-11-14,2035-11-14,15,10,khong,Kỷ Mão,khong,khong,khong,khong,khong,khong,0,tinh-toan,
2035-11-15,2035-11-15,16,10,khong,Canh Thìn,khong,khong,khong,co,khong,khong,1,tinh-toan,
2035-11-16,2035-11-16,17,10,khong,Tân Tỵ,khong,khong,khong,khong,khong,khong,0,tinh-toan,
2035-11-17,2035-11-17,18,10,khong,Nhâm Ngọ,co,khong,khong,khong,khong,khong,1,tinh-toan,
2035-11-18,2035-11-18,19,10,khong,Quý Mùi,khong,khong,khong,khong,khong,khong,0,tinh-toan,
2035-11-19,2035-11-19,20,10,khong,Giáp Thân,khong,khong,khong,khong,khong,co,0,tinh-toan,
2035-11-20,2035-11-20,21,10,khong,Ất Dậu,khong,khong,co,khong,khong,khong,1,tinh-toan,
2035-11-21,2035-11-21,22,10,khong,Bính Tuất,co,khong,khong,khong,khong,khong,1,tinh-toan,
2035-11-22,2035-11-22,23,10,khong,Đinh Hợi,khong,co,khong,khong,khong,khong,1,tinh-toan,
2035-11-23,2035-11-23,24,10,khong,Mậu Tý,khong,khong,khong,khong,khong,khong,0,tinh-toan,
2035-11-24,2035-11-24,25,10,khong,Kỷ Sửu,khong,khong,khong,khong,khong,khong,0,tinh-toan,
2035-11-25,2035-11-25,26,10,khong,Canh Dần,khong,khong,khong,khong,khong,khong,0,tinh-toan,
2035-11-26,2035-11-26,27,10,khong,Tân Mão,co,khong,khong,khong,khong,khong,1,tinh-toan,
2035-11-27,2035-11-27,28,10,khong,Nhâm Thìn,khong,khong,khong,co,khong,khong,1,tinh-toan,
2035-11-28,2035-11-28,29,10,khong,Quý Tỵ,khong,khong,khong,khong,khong,khong,0,tinh-toan,
2035-11-29,2035-11-29,30,10,khong,Giáp Ngọ,khong,khong,khong,khong,khong,khong,0,tinh-toan,
2035-11-30,2035-11-30,1,11,khong,Ất Mùi,khong,khong,khong,co,khong,khong,1,tinh-toan,
2035-12-01,2035-12-01,2,11,khong,Bính Thân,khong,khong,khong,khong,khong,khong,0,tinh-toan,
2035-12-02,2035-12-02,3,11,khong,Đinh Dậu,co,khong,khong,khong,khong,khong,1,tinh-toan,
2035-12-03,2035-12-03,4,11,khong,Mậu Tuất,khong,khong,khong,khong,khong,khong,0,tinh-toan,
2035-12-04,2035-12-04,5,11,khong,Kỷ Hợi,khong,co,khong,khong,khong,khong,1,tinh-toan,
2035-12-05,2035-12-05,6,11,khong,Canh Tý,khong,khong,khong,khong,khong,khong,0,tinh-toan,
2035-12-06,2035-12-06,7,11,khong,Tân Sửu,co,khong,khong,khong,khong,khong,1,tinh-toan,
2035-12-07,2035-12-07,8,11,khong,Nhâm Dần,khong,khong,co,khong,khong,khong,1,tinh-toan,
2035-12-08,2035-12-08,9,11,khong,Quý Mão,khong,khong,khong,khong,khong,co,0,tinh-toan,
2035-12-09,2035-12-09,10,11,khong,Giáp Thìn,khong,khong,khong,khong,khong,khong,0,tinh-toan,
2035-12-10,2035-12-10,11,11,khong,Ất Tỵ,khong,khong,khong,khong,khong,khong,0,tinh-toan,
2035-12-11,2035-12-11,12,11,khong,Bính Ngọ,khong,khong,khong,khong,khong,khong,0,tinh-toan,
2035-12-12,2035-12-12,13,11,khong,Đinh Mùi,co,khong,khong,co,khong,khong,2,tinh-toan,
2035-12-13,2035-12-13,14,11,khong,Mậu Thân,khong,co,khong,khong,khong,khong,1,tinh-toan,
2035-12-14,2035-12-14,15,11,khong,Kỷ Dậu,khong,khong,khong,khong,khong,khong,0,tinh-toan,
2035-12-15,2035-12-15,16,11,khong,Canh Tuất,khong,khong,khong,khong,khong,khong,0,tinh-toan,
2035-12-16,2035-12-16,17,11,khong,Tân Hợi,khong,khong,khong,khong,khong,khong,0,tinh-toan,
2035-12-17,2035-12-17,18,11,khong,Nhâm Tý,co,khong,khong,khong,khong,khong,1,tinh-toan,
2035-12-18,2035-12-18,19,11,khong,Quý Sửu,khong,khong,khong,khong,khong,khong,0,tinh-toan,
2035-12-19,2035-12-19,20,11,khong,Giáp Dần,khong,khong,co,khong,khong,khong,1,tinh-toan,
2035-12-20,2035-12-20,21,11,khong,Ất Mão,khong,khong,khong,khong,khong,co,0,tinh-toan,
2035-12-21,2035-12-21,22,11,khong,Bính Thìn,co,khong,khong,khong,khong,khong,1,tinh-toan,
2035-12-22,2035-12-22,23,11,khong,Đinh Tỵ,khong,co,khong,khong,khong,khong,1,tinh-toan,
2035-12-23,2035-12-23,24,11,khong,Mậu Ngọ,khong,khong,khong,khong,khong,khong,0,tinh-toan,
2035-12-24,2035-12-24,25,11,khong,Kỷ Mùi,khong,khong,khong,co,khong,khong,1,tinh-toan,
2035-12-25,2035-12-25,26,11,khong,Canh Thân,khong,khong,khong,khong,khong,khong,0,tinh-toan,
2035-12-26,2035-12-26,27,11,khong,Tân Dậu,co,khong,khong,khong,khong,khong,1,tinh-toan,
2035-12-27,2035-12-27,28,11,khong,Nhâm Tuất,khong,khong,khong,khong,khong,khong,0,tinh-toan,
2035-12-28,2035-12-28,29,11,khong,Quý Hợi,khong,khong,khong,khong,khong,khong,0,tinh-toan,
2035-12-29,2035-12-29,1,12,khong,Giáp Tý,khong,khong,khong,khong,khong,khong,0,tinh-toan,
2035-12-30,2035-12-30,2,12,khong,Ất Sửu,khong,khong,khong,khong,khong,khong,0,tinh-toan,
2035-12-31,2035-12-31,3,12,khong,Bính Dần,co,khong,khong,khong,khong,khong,1,tinh-toan,
